2026-06-24 23:31:26,243 INFO o.a.j.u.JMeterUtils: Setting Locale to en_US
2026-06-24 23:31:26,273 INFO o.a.j.JMeter: Loading user properties from: user.properties
2026-06-24 23:31:26,274 INFO o.a.j.JMeter: Loading system properties from: system.properties
2026-06-24 23:31:26,283 INFO o.a.j.JMeter: Copyright (c) 1998-2024 The Apache Software Foundation
2026-06-24 23:31:26,284 INFO o.a.j.JMeter: Version 5.6.3
2026-06-24 23:31:26,284 INFO o.a.j.JMeter: java.version=17.0.12
2026-06-24 23:31:26,284 INFO o.a.j.JMeter: java.vm.name=Java HotSpot(TM) 64-Bit Server VM
2026-06-24 23:31:26,284 INFO o.a.j.JMeter: os.name=Windows 11
2026-06-24 23:31:26,284 INFO o.a.j.JMeter: os.arch=amd64
2026-06-24 23:31:26,284 INFO o.a.j.JMeter: os.version=10.0
2026-06-24 23:31:26,287 INFO o.a.j.JMeter: file.encoding=Cp1252
2026-06-24 23:31:26,287 INFO o.a.j.JMeter: java.awt.headless=null
2026-06-24 23:31:26,287 INFO o.a.j.JMeter: Max memory     =4255121408
2026-06-24 23:31:26,287 INFO o.a.j.JMeter: Available Processors =8
2026-06-24 23:31:26,299 INFO o.a.j.JMeter: Default Locale=English (United States)
2026-06-24 23:31:26,299 INFO o.a.j.JMeter: JMeter  Locale=English (United States)
2026-06-24 23:31:26,299 INFO o.a.j.JMeter: JMeterHome=D:\ticketing-system\benchmark\jmeter
2026-06-24 23:31:26,299 INFO o.a.j.JMeter: user.dir  =D:\ticketing-system\benchmark\jmeter\bin
2026-06-24 23:31:26,299 INFO o.a.j.JMeter: PWD       =D:\ticketing-system\benchmark\jmeter\bin
2026-06-24 23:31:26,301 INFO o.a.j.JMeter: IP: 172.19.224.1 Name: DESKTOP-GFPHE67 FullName: DESKTOP-GFPHE67.mshome.net
2026-06-24 23:31:26,318 INFO o.a.j.JMeter: Loaded icon properties from org/apache/jmeter/images/icon.properties
2026-06-24 23:31:26,571 INFO o.a.j.JMeterGuiLauncher: Setting LAF to: com.github.weisj.darklaf.DarkLaf:com.github.weisj.darklaf.theme.DarculaTheme
2026-06-24 23:34:09,505 INFO o.a.j.p.h.s.HTTPSamplerBase: Parser for text/html is org.apache.jmeter.protocol.http.parser.LagartoBasedHtmlParser
2026-06-24 23:34:09,506 INFO o.a.j.p.h.s.HTTPSamplerBase: Parser for application/xhtml+xml is org.apache.jmeter.protocol.http.parser.LagartoBasedHtmlParser
2026-06-24 23:34:09,506 INFO o.a.j.p.h.s.HTTPSamplerBase: Parser for application/xml is org.apache.jmeter.protocol.http.parser.LagartoBasedHtmlParser
2026-06-24 23:34:09,506 INFO o.a.j.p.h.s.HTTPSamplerBase: Parser for text/xml is org.apache.jmeter.protocol.http.parser.LagartoBasedHtmlParser
2026-06-24 23:34:09,506 INFO o.a.j.p.h.s.HTTPSamplerBase: Parser for text/vnd.wap.wml is org.apache.jmeter.protocol.http.parser.RegexpHTMLParser
2026-06-24 23:34:09,506 INFO o.a.j.p.h.s.HTTPSamplerBase: Parser for text/css is org.apache.jmeter.protocol.http.parser.CssParser
2026-06-24 23:35:16,121 INFO o.a.j.s.FileServer: Default base='D:\ticketing-system\benchmark\jmeter\bin'
2026-06-24 23:35:16,122 INFO o.a.j.s.FileServer: Set new base='D:\ticketing-system\benchmark\jmeter\bin'
2026-06-24 23:35:16,592 INFO o.a.j.s.SaveService: Testplan (JMX) version: 2.2. Testlog (JTL) version: 2.2
2026-06-24 23:35:16,666 INFO o.a.j.s.SaveService: Using SaveService properties version 5.0
2026-06-24 23:35:16,669 INFO o.a.j.s.SaveService: Using SaveService properties file encoding UTF-8
2026-06-24 23:38:09,497 INFO o.a.j.e.StandardJMeterEngine: Running the test!
2026-06-24 23:38:09,498 INFO o.a.j.s.SampleEvent: List of sample_variables: []
2026-06-24 23:38:09,498 INFO o.a.j.s.SampleEvent: List of sample_variables: []
2026-06-24 23:38:09,500 INFO o.a.j.e.u.CompoundVariable: Note: Function class names must contain the string: '.functions.'
2026-06-24 23:38:09,500 INFO o.a.j.e.u.CompoundVariable: Note: Function class names must not contain the string: '.gui.'
2026-06-24 23:38:09,548 INFO o.a.j.g.u.JMeterMenuBar: setRunning(true, *local*)
2026-06-24 23:38:09,584 INFO o.a.j.e.StandardJMeterEngine: Starting ThreadGroup: 1 : Test member Java
2026-06-24 23:38:09,585 INFO o.a.j.e.StandardJMeterEngine: Starting 50 threads for group Test member Java.
2026-06-24 23:38:09,585 INFO o.a.j.e.StandardJMeterEngine: Thread will continue on error
2026-06-24 23:38:09,585 INFO o.a.j.t.ThreadGroup: Starting thread group... number=1 threads=50 ramp-up=1 delayedStart=true
2026-06-24 23:38:09,586 INFO o.a.j.t.ThreadGroup: Started thread group number 1
2026-06-24 23:38:09,586 INFO o.a.j.e.StandardJMeterEngine: All thread groups have been started
2026-06-24 23:38:09,590 INFO o.a.j.t.JMeterThread: Thread started: Test member Java 1-1
2026-06-24 23:38:09,601 INFO o.a.j.p.h.s.HTTPHCAbstractImpl: Local host = DESKTOP-GFPHE67
2026-06-24 23:38:09,607 INFO o.a.j.p.h.s.HTTPHC4Impl: HTTP request retry count = 0
2026-06-24 23:38:09,608 INFO o.a.j.s.SampleResult: Note: Sample TimeStamps are START times
2026-06-24 23:38:09,608 INFO o.a.j.s.SampleResult: sampleresult.default.encoding is set to UTF-8
2026-06-24 23:38:09,608 INFO o.a.j.s.SampleResult: sampleresult.useNanoTime=true
2026-06-24 23:38:09,609 INFO o.a.j.s.SampleResult: sampleresult.nanoThreadSleep=5000
2026-06-24 23:38:09,614 INFO o.a.j.t.JMeterThread: Thread started: Test member Java 1-2
2026-06-24 23:38:09,642 INFO o.a.j.t.JMeterThread: Thread started: Test member Java 1-3
2026-06-24 23:38:09,664 INFO o.a.j.t.JMeterThread: Thread started: Test member Java 1-4
2026-06-24 23:38:09,685 INFO o.a.j.t.JMeterThread: Thread started: Test member Java 1-5
2026-06-24 23:38:09,706 INFO o.a.j.t.JMeterThread: Thread started: Test member Java 1-6
2026-06-24 23:38:09,728 INFO o.a.j.t.JMeterThread: Thread started: Test member Java 1-7
2026-06-24 23:38:09,754 INFO o.a.j.t.JMeterThread: Thread started: Test member Java 1-8
2026-06-24 23:38:09,785 INFO o.a.j.t.JMeterThread: Thread started: Test member Java 1-9
2026-06-24 23:38:09,817 INFO o.a.j.t.JMeterThread: Thread started: Test member Java 1-10
2026-06-24 23:38:09,839 INFO o.a.j.t.JMeterThread: Thread started: Test member Java 1-11
2026-06-24 23:38:09,859 INFO o.a.j.t.JMeterThread: Thread started: Test member Java 1-12
2026-06-24 23:38:09,882 INFO o.a.j.t.JMeterThread: Thread started: Test member Java 1-13
2026-06-24 23:38:09,902 INFO o.a.j.t.JMeterThread: Thread started: Test member Java 1-14
2026-06-24 23:38:09,922 INFO o.a.j.t.JMeterThread: Thread started: Test member Java 1-15
2026-06-24 23:38:09,945 INFO o.a.j.t.JMeterThread: Thread started: Test member Java 1-16
2026-06-24 23:38:09,967 INFO o.a.j.t.JMeterThread: Thread started: Test member Java 1-17
2026-06-24 23:38:09,987 INFO o.a.j.t.JMeterThread: Thread started: Test member Java 1-18
2026-06-24 23:38:10,007 INFO o.a.j.t.JMeterThread: Thread started: Test member Java 1-19
2026-06-24 23:38:10,026 INFO o.a.j.t.JMeterThread: Thread started: Test member Java 1-20
2026-06-24 23:38:10,046 INFO o.a.j.t.JMeterThread: Thread started: Test member Java 1-21
2026-06-24 23:38:10,066 INFO o.a.j.t.JMeterThread: Thread started: Test member Java 1-22
2026-06-24 23:38:10,087 INFO o.a.j.t.JMeterThread: Thread started: Test member Java 1-23
2026-06-24 23:38:10,107 INFO o.a.j.t.JMeterThread: Thread started: Test member Java 1-24
2026-06-24 23:38:10,126 INFO o.a.j.t.JMeterThread: Thread started: Test member Java 1-25
2026-06-24 23:38:10,145 INFO o.a.j.t.JMeterThread: Thread started: Test member Java 1-26
2026-06-24 23:38:10,165 INFO o.a.j.t.JMeterThread: Thread started: Test member Java 1-27
2026-06-24 23:38:10,186 INFO o.a.j.t.JMeterThread: Thread started: Test member Java 1-28
2026-06-24 23:38:10,206 INFO o.a.j.t.JMeterThread: Thread started: Test member Java 1-29
2026-06-24 23:38:10,225 INFO o.a.j.t.JMeterThread: Thread started: Test member Java 1-30
2026-06-24 23:38:10,244 INFO o.a.j.t.JMeterThread: Thread started: Test member Java 1-31
2026-06-24 23:38:10,265 INFO o.a.j.t.JMeterThread: Thread started: Test member Java 1-32
2026-06-24 23:38:10,283 INFO o.a.j.t.JMeterThread: Thread started: Test member Java 1-33
2026-06-24 23:38:10,304 INFO o.a.j.t.JMeterThread: Thread started: Test member Java 1-34
2026-06-24 23:38:10,328 INFO o.a.j.t.JMeterThread: Thread started: Test member Java 1-35
2026-06-24 23:38:10,355 INFO o.a.j.t.JMeterThread: Thread started: Test member Java 1-36
2026-06-24 23:38:10,375 INFO o.a.j.t.JMeterThread: Thread started: Test member Java 1-37
2026-06-24 23:38:10,396 INFO o.a.j.t.JMeterThread: Thread started: Test member Java 1-38
2026-06-24 23:38:10,415 INFO o.a.j.t.JMeterThread: Thread started: Test member Java 1-39
2026-06-24 23:38:10,432 INFO o.a.j.t.JMeterThread: Thread started: Test member Java 1-40
2026-06-24 23:38:10,452 INFO o.a.j.t.JMeterThread: Thread started: Test member Java 1-41
2026-06-24 23:38:10,470 INFO o.a.j.t.JMeterThread: Thread started: Test member Java 1-42
2026-06-24 23:38:10,489 INFO o.a.j.t.JMeterThread: Thread started: Test member Java 1-43
2026-06-24 23:38:10,505 INFO o.a.j.t.JMeterThread: Thread started: Test member Java 1-44
2026-06-24 23:38:10,521 INFO o.a.j.t.JMeterThread: Thread started: Test member Java 1-45
2026-06-24 23:38:10,535 INFO o.a.j.t.JMeterThread: Thread started: Test member Java 1-46
2026-06-24 23:38:10,550 INFO o.a.j.t.JMeterThread: Thread started: Test member Java 1-47
2026-06-24 23:38:10,565 INFO o.a.j.t.JMeterThread: Thread started: Test member Java 1-48
2026-06-24 23:38:10,577 INFO o.a.j.t.JMeterThread: Thread started: Test member Java 1-49
2026-06-24 23:38:10,591 INFO o.a.j.t.JMeterThread: Thread started: Test member Java 1-50
2026-06-24 23:39:59,529 INFO o.a.j.g.a.Start: Stopping test
2026-06-24 23:39:59,553 INFO o.a.j.t.JMeterThread: Stopping: Test member Java 1-19
2026-06-24 23:39:59,554 WARN o.a.j.t.JMeterThread: Interrupting: Test member Java 1-19 sampler: sayHi
2026-06-24 23:39:59,555 INFO o.a.j.t.JMeterThread: Stopping: Test member Java 1-22
2026-06-24 23:39:59,556 WARN o.a.j.t.JMeterThread: Interrupting: Test member Java 1-22 sampler: sayHi
2026-06-24 23:39:59,557 INFO o.a.j.t.JMeterThread: Stopping: Test member Java 1-9
2026-06-24 23:39:59,559 INFO o.a.j.t.JMeterThread: Thread finished: Test member Java 1-19
2026-06-24 23:39:59,559 INFO o.a.j.t.JMeterThread: Thread finished: Test member Java 1-22
2026-06-24 23:39:59,558 WARN o.a.j.t.JMeterThread: Interrupting: Test member Java 1-9 sampler: sayHi
2026-06-24 23:39:59,561 INFO o.a.j.t.JMeterThread: Stopping: Test member Java 1-17
2026-06-24 23:39:59,561 INFO o.a.j.t.JMeterThread: Thread finished: Test member Java 1-9
2026-06-24 23:39:59,561 WARN o.a.j.t.JMeterThread: Interrupting: Test member Java 1-17 sampler: sayHi
2026-06-24 23:39:59,561 WARN o.a.j.t.JMeterThread: No operation pending
2026-06-24 23:39:59,561 INFO o.a.j.t.JMeterThread: Stopping: Test member Java 1-4
2026-06-24 23:39:59,561 INFO o.a.j.t.JMeterThread: Thread finished: Test member Java 1-17
2026-06-24 23:39:59,561 WARN o.a.j.t.JMeterThread: Interrupting: Test member Java 1-4 sampler: sayHi
2026-06-24 23:39:59,563 INFO o.a.j.t.JMeterThread: Stopping: Test member Java 1-23
2026-06-24 23:39:59,563 INFO o.a.j.t.JMeterThread: Stopping: Test member Java 1-32
2026-06-24 23:39:59,563 INFO o.a.j.t.JMeterThread: Thread finished: Test member Java 1-23
2026-06-24 23:39:59,563 WARN o.a.j.t.JMeterThread: Interrupting: Test member Java 1-32 sampler: sayHi
2026-06-24 23:39:59,563 INFO o.a.j.t.JMeterThread: Thread finished: Test member Java 1-4
2026-06-24 23:39:59,564 INFO o.a.j.t.JMeterThread: Stopping: Test member Java 1-28
2026-06-24 23:39:59,564 WARN o.a.j.t.JMeterThread: Interrupting: Test member Java 1-28 sampler: sayHi
2026-06-24 23:39:59,565 INFO o.a.j.t.JMeterThread: Thread finished: Test member Java 1-32
2026-06-24 23:39:59,565 INFO o.a.j.t.JMeterThread: Stopping: Test member Java 1-6
2026-06-24 23:39:59,565 WARN o.a.j.t.JMeterThread: Interrupting: Test member Java 1-6 sampler: sayHi
2026-06-24 23:39:59,566 INFO o.a.j.t.JMeterThread: Thread finished: Test member Java 1-28
2026-06-24 23:39:59,566 INFO o.a.j.t.JMeterThread: Stopping: Test member Java 1-8
2026-06-24 23:39:59,566 WARN o.a.j.t.JMeterThread: Interrupting: Test member Java 1-8 sampler: sayHi
2026-06-24 23:39:59,566 INFO o.a.j.t.JMeterThread: Thread finished: Test member Java 1-6
2026-06-24 23:39:59,568 INFO o.a.j.t.JMeterThread: Stopping: Test member Java 1-5
2026-06-24 23:39:59,568 WARN o.a.j.t.JMeterThread: Interrupting: Test member Java 1-5 sampler: sayHi
2026-06-24 23:39:59,568 INFO o.a.j.t.JMeterThread: Thread finished: Test member Java 1-8
2026-06-24 23:39:59,568 INFO o.a.j.t.JMeterThread: Stopping: Test member Java 1-27
2026-06-24 23:39:59,568 WARN o.a.j.t.JMeterThread: Interrupting: Test member Java 1-27 sampler: sayHi
2026-06-24 23:39:59,569 INFO o.a.j.t.JMeterThread: Thread finished: Test member Java 1-5
2026-06-24 23:39:59,570 INFO o.a.j.t.JMeterThread: Stopping: Test member Java 1-43
2026-06-24 23:39:59,570 WARN o.a.j.t.JMeterThread: Interrupting: Test member Java 1-43 sampler: sayHi
2026-06-24 23:39:59,570 INFO o.a.j.t.JMeterThread: Thread finished: Test member Java 1-27
2026-06-24 23:39:59,571 INFO o.a.j.t.JMeterThread: Stopping: Test member Java 1-37
2026-06-24 23:39:59,572 WARN o.a.j.t.JMeterThread: Interrupting: Test member Java 1-37 sampler: sayHi
2026-06-24 23:39:59,572 INFO o.a.j.t.JMeterThread: Thread finished: Test member Java 1-43
2026-06-24 23:39:59,573 INFO o.a.j.t.JMeterThread: Stopping: Test member Java 1-20
2026-06-24 23:39:59,573 WARN o.a.j.t.JMeterThread: Interrupting: Test member Java 1-20 sampler: sayHi
2026-06-24 23:39:59,573 INFO o.a.j.t.JMeterThread: Thread finished: Test member Java 1-37
2026-06-24 23:39:59,574 INFO o.a.j.t.JMeterThread: Stopping: Test member Java 1-7
2026-06-24 23:39:59,574 WARN o.a.j.t.JMeterThread: Interrupting: Test member Java 1-7 sampler: sayHi
2026-06-24 23:39:59,574 INFO o.a.j.t.JMeterThread: Thread finished: Test member Java 1-20
2026-06-24 23:39:59,576 INFO o.a.j.t.JMeterThread: Stopping: Test member Java 1-44
2026-06-24 23:39:59,576 WARN o.a.j.t.JMeterThread: Interrupting: Test member Java 1-44 sampler: sayHi
2026-06-24 23:39:59,576 INFO o.a.j.t.JMeterThread: Thread finished: Test member Java 1-7
2026-06-24 23:39:59,577 INFO o.a.j.t.JMeterThread: Stopping: Test member Java 1-11
2026-06-24 23:39:59,578 WARN o.a.j.t.JMeterThread: Interrupting: Test member Java 1-11 sampler: sayHi
2026-06-24 23:39:59,578 INFO o.a.j.t.JMeterThread: Thread finished: Test member Java 1-44
2026-06-24 23:39:59,579 INFO o.a.j.t.JMeterThread: Stopping: Test member Java 1-49
2026-06-24 23:39:59,579 WARN o.a.j.t.JMeterThread: Interrupting: Test member Java 1-49 sampler: sayHi
2026-06-24 23:39:59,579 INFO o.a.j.t.JMeterThread: Thread finished: Test member Java 1-11
2026-06-24 23:39:59,580 INFO o.a.j.t.JMeterThread: Stopping: Test member Java 1-25
2026-06-24 23:39:59,581 WARN o.a.j.t.JMeterThread: Interrupting: Test member Java 1-25 sampler: sayHi
2026-06-24 23:39:59,581 INFO o.a.j.t.JMeterThread: Thread finished: Test member Java 1-49
2026-06-24 23:39:59,582 INFO o.a.j.t.JMeterThread: Stopping: Test member Java 1-14
2026-06-24 23:39:59,582 WARN o.a.j.t.JMeterThread: Interrupting: Test member Java 1-14 sampler: sayHi
2026-06-24 23:39:59,582 INFO o.a.j.t.JMeterThread: Thread finished: Test member Java 1-25
2026-06-24 23:39:59,583 INFO o.a.j.t.JMeterThread: Stopping: Test member Java 1-15
2026-06-24 23:39:59,583 WARN o.a.j.t.JMeterThread: Interrupting: Test member Java 1-15 sampler: sayHi
2026-06-24 23:39:59,583 INFO o.a.j.t.JMeterThread: Thread finished: Test member Java 1-14
2026-06-24 23:39:59,584 INFO o.a.j.t.JMeterThread: Stopping: Test member Java 1-10
2026-06-24 23:39:59,585 INFO o.a.j.t.JMeterThread: Thread finished: Test member Java 1-15
2026-06-24 23:39:59,585 WARN o.a.j.t.JMeterThread: Interrupting: Test member Java 1-10 sampler: sayHi
2026-06-24 23:39:59,587 INFO o.a.j.t.JMeterThread: Stopping: Test member Java 1-39
2026-06-24 23:39:59,587 INFO o.a.j.t.JMeterThread: Thread finished: Test member Java 1-10
2026-06-24 23:39:59,587 WARN o.a.j.t.JMeterThread: Interrupting: Test member Java 1-39 sampler: sayHi
2026-06-24 23:39:59,589 INFO o.a.j.t.JMeterThread: Stopping: Test member Java 1-47
2026-06-24 23:39:59,589 INFO o.a.j.t.JMeterThread: Thread finished: Test member Java 1-39
2026-06-24 23:39:59,589 WARN o.a.j.t.JMeterThread: Interrupting: Test member Java 1-47 sampler: sayHi
2026-06-24 23:39:59,591 INFO o.a.j.t.JMeterThread: Stopping: Test member Java 1-18
2026-06-24 23:39:59,591 INFO o.a.j.t.JMeterThread: Thread finished: Test member Java 1-47
2026-06-24 23:39:59,592 WARN o.a.j.t.JMeterThread: Interrupting: Test member Java 1-18 sampler: sayHi
2026-06-24 23:39:59,597 INFO o.a.j.t.JMeterThread: Thread finished: Test member Java 1-18
2026-06-24 23:39:59,597 INFO o.a.j.t.JMeterThread: Stopping: Test member Java 1-41
2026-06-24 23:39:59,598 WARN o.a.j.t.JMeterThread: Interrupting: Test member Java 1-41 sampler: sayHi
2026-06-24 23:39:59,599 INFO o.a.j.t.JMeterThread: Stopping: Test member Java 1-26
2026-06-24 23:39:59,599 WARN o.a.j.t.JMeterThread: Interrupting: Test member Java 1-26 sampler: sayHi
2026-06-24 23:39:59,599 INFO o.a.j.t.JMeterThread: Thread finished: Test member Java 1-41
2026-06-24 23:39:59,600 INFO o.a.j.t.JMeterThread: Stopping: Test member Java 1-34
2026-06-24 23:39:59,601 INFO o.a.j.t.JMeterThread: Thread finished: Test member Java 1-26
2026-06-24 23:39:59,601 WARN o.a.j.t.JMeterThread: Interrupting: Test member Java 1-34 sampler: sayHi
2026-06-24 23:39:59,602 INFO o.a.j.t.JMeterThread: Stopping: Test member Java 1-46
2026-06-24 23:39:59,603 WARN o.a.j.t.JMeterThread: Interrupting: Test member Java 1-46 sampler: sayHi
2026-06-24 23:39:59,603 INFO o.a.j.t.JMeterThread: Thread finished: Test member Java 1-34
2026-06-24 23:39:59,604 INFO o.a.j.t.JMeterThread: Stopping: Test member Java 1-2
2026-06-24 23:39:59,604 WARN o.a.j.t.JMeterThread: Interrupting: Test member Java 1-2 sampler: sayHi
2026-06-24 23:39:59,605 INFO o.a.j.t.JMeterThread: Thread finished: Test member Java 1-46
2026-06-24 23:39:59,606 INFO o.a.j.t.JMeterThread: Stopping: Test member Java 1-3
2026-06-24 23:39:59,606 WARN o.a.j.t.JMeterThread: Interrupting: Test member Java 1-3 sampler: sayHi
2026-06-24 23:39:59,606 INFO o.a.j.t.JMeterThread: Thread finished: Test member Java 1-2
2026-06-24 23:39:59,607 INFO o.a.j.t.JMeterThread: Stopping: Test member Java 1-36
2026-06-24 23:39:59,607 WARN o.a.j.t.JMeterThread: Interrupting: Test member Java 1-36 sampler: sayHi
2026-06-24 23:39:59,607 INFO o.a.j.t.JMeterThread: Thread finished: Test member Java 1-3
2026-06-24 23:39:59,608 INFO o.a.j.t.JMeterThread: Stopping: Test member Java 1-42
2026-06-24 23:39:59,609 WARN o.a.j.t.JMeterThread: Interrupting: Test member Java 1-42 sampler: sayHi
2026-06-24 23:39:59,609 INFO o.a.j.t.JMeterThread: Thread finished: Test member Java 1-36
2026-06-24 23:39:59,610 INFO o.a.j.t.JMeterThread: Stopping: Test member Java 1-1
2026-06-24 23:39:59,610 WARN o.a.j.t.JMeterThread: Interrupting: Test member Java 1-1 sampler: sayHi
2026-06-24 23:39:59,610 INFO o.a.j.t.JMeterThread: Thread finished: Test member Java 1-42
2026-06-24 23:39:59,612 INFO o.a.j.t.JMeterThread: Stopping: Test member Java 1-12
2026-06-24 23:39:59,612 WARN o.a.j.t.JMeterThread: Interrupting: Test member Java 1-12 sampler: sayHi
2026-06-24 23:39:59,612 INFO o.a.j.t.JMeterThread: Thread finished: Test member Java 1-1
2026-06-24 23:39:59,613 INFO o.a.j.t.JMeterThread: Stopping: Test member Java 1-50
2026-06-24 23:39:59,613 WARN o.a.j.t.JMeterThread: Interrupting: Test member Java 1-50 sampler: sayHi
2026-06-24 23:39:59,614 INFO o.a.j.t.JMeterThread: Thread finished: Test member Java 1-12
2026-06-24 23:39:59,614 INFO o.a.j.t.JMeterThread: Stopping: Test member Java 1-16
2026-06-24 23:39:59,615 WARN o.a.j.t.JMeterThread: Interrupting: Test member Java 1-16 sampler: sayHi
2026-06-24 23:39:59,615 INFO o.a.j.t.JMeterThread: Thread finished: Test member Java 1-50
2026-06-24 23:39:59,615 INFO o.a.j.t.JMeterThread: Stopping: Test member Java 1-21
2026-06-24 23:39:59,616 WARN o.a.j.t.JMeterThread: Interrupting: Test member Java 1-21 sampler: sayHi
2026-06-24 23:39:59,616 INFO o.a.j.t.JMeterThread: Stopping: Test member Java 1-13
2026-06-24 23:39:59,616 INFO o.a.j.t.JMeterThread: Thread finished: Test member Java 1-16
2026-06-24 23:39:59,616 WARN o.a.j.t.JMeterThread: Interrupting: Test member Java 1-13 sampler: sayHi
2026-06-24 23:39:59,617 INFO o.a.j.t.JMeterThread: Stopping: Test member Java 1-48
2026-06-24 23:39:59,617 WARN o.a.j.t.JMeterThread: Interrupting: Test member Java 1-48 sampler: sayHi
2026-06-24 23:39:59,617 INFO o.a.j.t.JMeterThread: Stopping: Test member Java 1-30
2026-06-24 23:39:59,617 INFO o.a.j.t.JMeterThread: Thread finished: Test member Java 1-21
2026-06-24 23:39:59,617 WARN o.a.j.t.JMeterThread: Interrupting: Test member Java 1-30 sampler: sayHi
2026-06-24 23:39:59,618 INFO o.a.j.t.JMeterThread: Thread finished: Test member Java 1-13
2026-06-24 23:39:59,621 INFO o.a.j.t.JMeterThread: Thread finished: Test member Java 1-48
2026-06-24 23:39:59,623 INFO o.a.j.t.JMeterThread: Stopping: Test member Java 1-33
2026-06-24 23:39:59,623 INFO o.a.j.t.JMeterThread: Thread finished: Test member Java 1-30
2026-06-24 23:39:59,624 WARN o.a.j.t.JMeterThread: Interrupting: Test member Java 1-33 sampler: sayHi
2026-06-24 23:39:59,625 INFO o.a.j.t.JMeterThread: Stopping: Test member Java 1-24
2026-06-24 23:39:59,625 INFO o.a.j.t.JMeterThread: Thread finished: Test member Java 1-33
2026-06-24 23:39:59,625 WARN o.a.j.t.JMeterThread: Interrupting: Test member Java 1-24 sampler: sayHi
2026-06-24 23:39:59,627 INFO o.a.j.t.JMeterThread: Stopping: Test member Java 1-40
2026-06-24 23:39:59,627 WARN o.a.j.t.JMeterThread: Interrupting: Test member Java 1-40 sampler: sayHi
2026-06-24 23:39:59,627 INFO o.a.j.t.JMeterThread: Thread finished: Test member Java 1-24
2026-06-24 23:39:59,627 INFO o.a.j.t.JMeterThread: Stopping: Test member Java 1-38
2026-06-24 23:39:59,629 WARN o.a.j.t.JMeterThread: Interrupting: Test member Java 1-38 sampler: sayHi
2026-06-24 23:39:59,628 INFO o.a.j.t.JMeterThread: Thread finished: Test member Java 1-40
2026-06-24 23:39:59,631 INFO o.a.j.t.JMeterThread: Thread finished: Test member Java 1-38
2026-06-24 23:39:59,632 INFO o.a.j.t.JMeterThread: Stopping: Test member Java 1-31
2026-06-24 23:39:59,633 WARN o.a.j.t.JMeterThread: Interrupting: Test member Java 1-31 sampler: sayHi
2026-06-24 23:39:59,635 INFO o.a.j.t.JMeterThread: Thread finished: Test member Java 1-31
2026-06-24 23:39:59,635 INFO o.a.j.t.JMeterThread: Stopping: Test member Java 1-35
2026-06-24 23:39:59,636 WARN o.a.j.t.JMeterThread: Interrupting: Test member Java 1-35 sampler: sayHi
2026-06-24 23:39:59,638 INFO o.a.j.t.JMeterThread: Thread finished: Test member Java 1-35
2026-06-24 23:39:59,638 INFO o.a.j.t.JMeterThread: Stopping: Test member Java 1-29
2026-06-24 23:39:59,638 WARN o.a.j.t.JMeterThread: Interrupting: Test member Java 1-29 sampler: sayHi
2026-06-24 23:39:59,639 INFO o.a.j.t.JMeterThread: Stopping: Test member Java 1-45
2026-06-24 23:39:59,640 WARN o.a.j.t.JMeterThread: Interrupting: Test member Java 1-45 sampler: sayHi
2026-06-24 23:39:59,640 INFO o.a.j.t.JMeterThread: Thread finished: Test member Java 1-29
2026-06-24 23:39:59,643 INFO o.a.j.t.JMeterThread: Thread finished: Test member Java 1-45
2026-06-24 23:39:59,643 INFO o.a.j.e.StandardJMeterEngine: Notifying test listeners of end of test
2026-06-24 23:39:59,644 INFO o.a.j.g.u.JMeterMenuBar: setRunning(false, *local*)
2026-06-24 23:40:56,666 INFO o.a.j.e.StandardJMeterEngine: Running the test!
2026-06-24 23:40:56,666 INFO o.a.j.s.SampleEvent: List of sample_variables: []
2026-06-24 23:40:56,667 INFO o.a.j.g.u.JMeterMenuBar: setRunning(true, *local*)
2026-06-24 23:40:56,711 INFO o.a.j.e.StandardJMeterEngine: Starting ThreadGroup: 1 : Test member Java
2026-06-24 23:40:56,712 INFO o.a.j.e.StandardJMeterEngine: Starting 50 threads for group Test member Java.
2026-06-24 23:40:56,712 INFO o.a.j.e.StandardJMeterEngine: Thread will continue on error
2026-06-24 23:40:56,712 INFO o.a.j.t.ThreadGroup: Starting thread group... number=1 threads=50 ramp-up=5 delayedStart=true
2026-06-24 23:40:56,712 INFO o.a.j.t.ThreadGroup: Started thread group number 1
2026-06-24 23:40:56,712 INFO o.a.j.e.StandardJMeterEngine: All thread groups have been started
2026-06-24 23:40:56,713 INFO o.a.j.t.JMeterThread: Thread started: Test member Java 1-1
2026-06-24 23:40:56,818 INFO o.a.j.t.JMeterThread: Thread started: Test member Java 1-2
2026-06-24 23:40:56,923 INFO o.a.j.t.JMeterThread: Thread started: Test member Java 1-3
2026-06-24 23:40:57,026 INFO o.a.j.t.JMeterThread: Thread started: Test member Java 1-4
2026-06-24 23:40:57,130 INFO o.a.j.t.JMeterThread: Thread started: Test member Java 1-5
2026-06-24 23:40:57,234 INFO o.a.j.t.JMeterThread: Thread started: Test member Java 1-6
2026-06-24 23:40:57,337 INFO o.a.j.t.JMeterThread: Thread started: Test member Java 1-7
2026-06-24 23:40:57,441 INFO o.a.j.t.JMeterThread: Thread started: Test member Java 1-8
2026-06-24 23:40:57,545 INFO o.a.j.t.JMeterThread: Thread started: Test member Java 1-9
2026-06-24 23:40:57,649 INFO o.a.j.t.JMeterThread: Thread started: Test member Java 1-10
2026-06-24 23:40:57,753 INFO o.a.j.t.JMeterThread: Thread started: Test member Java 1-11
2026-06-24 23:40:57,858 INFO o.a.j.t.JMeterThread: Thread started: Test member Java 1-12
2026-06-24 23:40:57,962 INFO o.a.j.t.JMeterThread: Thread started: Test member Java 1-13
2026-06-24 23:40:58,063 INFO o.a.j.t.JMeterThread: Thread started: Test member Java 1-14
2026-06-24 23:40:58,165 INFO o.a.j.t.JMeterThread: Thread started: Test member Java 1-15
2026-06-24 23:40:58,268 INFO o.a.j.t.JMeterThread: Thread started: Test member Java 1-16
2026-06-24 23:40:58,370 INFO o.a.j.t.JMeterThread: Thread started: Test member Java 1-17
2026-06-24 23:40:58,471 INFO o.a.j.t.JMeterThread: Thread started: Test member Java 1-18
2026-06-24 23:40:58,575 INFO o.a.j.t.JMeterThread: Thread started: Test member Java 1-19
2026-06-24 23:40:58,677 INFO o.a.j.t.JMeterThread: Thread started: Test member Java 1-20
2026-06-24 23:40:58,779 INFO o.a.j.t.JMeterThread: Thread started: Test member Java 1-21
2026-06-24 23:40:58,884 INFO o.a.j.t.JMeterThread: Thread started: Test member Java 1-22
2026-06-24 23:40:58,986 INFO o.a.j.t.JMeterThread: Thread started: Test member Java 1-23
2026-06-24 23:40:59,088 INFO o.a.j.t.JMeterThread: Thread started: Test member Java 1-24
2026-06-24 23:40:59,192 INFO o.a.j.t.JMeterThread: Thread started: Test member Java 1-25
2026-06-24 23:40:59,294 INFO o.a.j.t.JMeterThread: Thread started: Test member Java 1-26
2026-06-24 23:40:59,398 INFO o.a.j.t.JMeterThread: Thread started: Test member Java 1-27
2026-06-24 23:40:59,501 INFO o.a.j.t.JMeterThread: Thread started: Test member Java 1-28
2026-06-24 23:40:59,623 INFO o.a.j.t.JMeterThread: Thread started: Test member Java 1-29
2026-06-24 23:40:59,721 INFO o.a.j.t.JMeterThread: Thread started: Test member Java 1-30
2026-06-24 23:40:59,825 INFO o.a.j.t.JMeterThread: Thread started: Test member Java 1-31
2026-06-24 23:40:59,935 INFO o.a.j.t.JMeterThread: Thread started: Test member Java 1-32
2026-06-24 23:41:00,037 INFO o.a.j.t.JMeterThread: Thread started: Test member Java 1-33
2026-06-24 23:41:00,142 INFO o.a.j.t.JMeterThread: Thread started: Test member Java 1-34
2026-06-24 23:41:00,270 INFO o.a.j.t.JMeterThread: Thread started: Test member Java 1-35
2026-06-24 23:41:00,381 INFO o.a.j.t.JMeterThread: Thread started: Test member Java 1-36
2026-06-24 23:41:00,482 INFO o.a.j.t.JMeterThread: Thread started: Test member Java 1-37
2026-06-24 23:41:00,581 INFO o.a.j.t.JMeterThread: Thread started: Test member Java 1-38
2026-06-24 23:41:00,699 INFO o.a.j.t.JMeterThread: Thread started: Test member Java 1-39
2026-06-24 23:41:00,794 INFO o.a.j.t.JMeterThread: Thread started: Test member Java 1-40
2026-06-24 23:41:00,895 INFO o.a.j.t.JMeterThread: Thread started: Test member Java 1-41
2026-06-24 23:41:00,991 INFO o.a.j.t.JMeterThread: Thread started: Test member Java 1-42
2026-06-24 23:41:01,095 INFO o.a.j.t.JMeterThread: Thread started: Test member Java 1-43
2026-06-24 23:41:01,198 INFO o.a.j.t.JMeterThread: Thread started: Test member Java 1-44
2026-06-24 23:41:01,289 INFO o.a.j.t.JMeterThread: Thread started: Test member Java 1-45
2026-06-24 23:41:01,395 INFO o.a.j.t.JMeterThread: Thread started: Test member Java 1-46
2026-06-24 23:41:01,477 INFO o.a.j.t.JMeterThread: Thread started: Test member Java 1-47
2026-06-24 23:41:01,563 INFO o.a.j.t.JMeterThread: Thread started: Test member Java 1-48
2026-06-24 23:41:01,641 INFO o.a.j.t.JMeterThread: Thread started: Test member Java 1-49
2026-06-24 23:41:01,731 INFO o.a.j.t.JMeterThread: Thread started: Test member Java 1-50
2026-06-24 23:41:27,175 INFO o.a.j.g.a.Start: Stopping test
2026-06-24 23:41:27,193 INFO o.a.j.t.JMeterThread: Stopping: Test member Java 1-10
2026-06-24 23:41:27,194 INFO o.a.j.t.JMeterThread: Thread finished: Test member Java 1-10
2026-06-24 23:41:27,194 INFO o.a.j.t.JMeterThread: Stopping: Test member Java 1-6
2026-06-24 23:41:27,195 WARN o.a.j.t.JMeterThread: Interrupting: Test member Java 1-6 sampler: sayHi
2026-06-24 23:41:27,195 INFO o.a.j.t.JMeterThread: Stopping: Test member Java 1-14
2026-06-24 23:41:27,195 WARN o.a.j.t.JMeterThread: Interrupting: Test member Java 1-14 sampler: sayHi
2026-06-24 23:41:27,196 INFO o.a.j.t.JMeterThread: Stopping: Test member Java 1-27
2026-06-24 23:41:27,196 WARN o.a.j.t.JMeterThread: Interrupting: Test member Java 1-27 sampler: sayHi
2026-06-24 23:41:27,196 INFO o.a.j.t.JMeterThread: Thread finished: Test member Java 1-14
2026-06-24 23:41:27,196 INFO o.a.j.t.JMeterThread: Thread finished: Test member Java 1-6
2026-06-24 23:41:27,196 INFO o.a.j.t.JMeterThread: Stopping: Test member Java 1-44
2026-06-24 23:41:27,196 WARN o.a.j.t.JMeterThread: Interrupting: Test member Java 1-44 sampler: sayHi
2026-06-24 23:41:27,197 INFO o.a.j.t.JMeterThread: Stopping: Test member Java 1-1
2026-06-24 23:41:27,197 WARN o.a.j.t.JMeterThread: Interrupting: Test member Java 1-1 sampler: sayHi
2026-06-24 23:41:27,197 INFO o.a.j.t.JMeterThread: Thread finished: Test member Java 1-27
2026-06-24 23:41:27,197 INFO o.a.j.t.JMeterThread: Stopping: Test member Java 1-41
2026-06-24 23:41:27,197 WARN o.a.j.t.JMeterThread: Interrupting: Test member Java 1-41 sampler: sayHi
2026-06-24 23:41:27,197 INFO o.a.j.t.JMeterThread: Thread finished: Test member Java 1-44
2026-06-24 23:41:27,197 INFO o.a.j.t.JMeterThread: Stopping: Test member Java 1-42
2026-06-24 23:41:27,198 INFO o.a.j.t.JMeterThread: Thread finished: Test member Java 1-41
2026-06-24 23:41:27,197 WARN o.a.j.t.JMeterThread: Interrupting: Test member Java 1-42 sampler: sayHi
2026-06-24 23:41:27,198 INFO o.a.j.t.JMeterThread: Thread finished: Test member Java 1-1
2026-06-24 23:41:27,198 INFO o.a.j.t.JMeterThread: Thread finished: Test member Java 1-42
2026-06-24 23:41:27,198 INFO o.a.j.t.JMeterThread: Stopping: Test member Java 1-24
2026-06-24 23:41:27,199 WARN o.a.j.t.JMeterThread: Interrupting: Test member Java 1-24 sampler: sayHi
2026-06-24 23:41:27,199 INFO o.a.j.t.JMeterThread: Thread finished: Test member Java 1-25
2026-06-24 23:41:27,199 INFO o.a.j.t.JMeterThread: Stopping: Test member Java 1-25
2026-06-24 23:41:27,199 INFO o.a.j.t.JMeterThread: Thread finished: Test member Java 1-24
2026-06-24 23:41:27,200 INFO o.a.j.t.JMeterThread: Stopping: Test member Java 1-33
2026-06-24 23:41:27,200 WARN o.a.j.t.JMeterThread: Interrupting: Test member Java 1-33 sampler: sayHi
2026-06-24 23:41:27,200 INFO o.a.j.t.JMeterThread: Stopping: Test member Java 1-47
2026-06-24 23:41:27,200 WARN o.a.j.t.JMeterThread: Interrupting: Test member Java 1-47 sampler: sayHi
2026-06-24 23:41:27,201 INFO o.a.j.t.JMeterThread: Thread finished: Test member Java 1-33
2026-06-24 23:41:27,201 INFO o.a.j.t.JMeterThread: Stopping: Test member Java 1-12
2026-06-24 23:41:27,202 INFO o.a.j.t.JMeterThread: Thread finished: Test member Java 1-47
2026-06-24 23:41:27,202 WARN o.a.j.t.JMeterThread: Interrupting: Test member Java 1-12 sampler: sayHi
2026-06-24 23:41:27,202 INFO o.a.j.t.JMeterThread: Stopping: Test member Java 1-23
2026-06-24 23:41:27,203 INFO o.a.j.t.JMeterThread: Thread finished: Test member Java 1-12
2026-06-24 23:41:27,203 WARN o.a.j.t.JMeterThread: Interrupting: Test member Java 1-23 sampler: sayHi
2026-06-24 23:41:27,203 INFO o.a.j.t.JMeterThread: Stopping: Test member Java 1-9
2026-06-24 23:41:27,203 WARN o.a.j.t.JMeterThread: Interrupting: Test member Java 1-9 sampler: sayHi
2026-06-24 23:41:27,203 INFO o.a.j.t.JMeterThread: Stopping: Test member Java 1-49
2026-06-24 23:41:27,203 WARN o.a.j.t.JMeterThread: Interrupting: Test member Java 1-49 sampler: sayHi
2026-06-24 23:41:27,204 INFO o.a.j.t.JMeterThread: Thread finished: Test member Java 1-23
2026-06-24 23:41:27,204 INFO o.a.j.t.JMeterThread: Thread finished: Test member Java 1-9
2026-06-24 23:41:27,204 INFO o.a.j.t.JMeterThread: Stopping: Test member Java 1-26
2026-06-24 23:41:27,205 INFO o.a.j.t.JMeterThread: Thread finished: Test member Java 1-49
2026-06-24 23:41:27,205 WARN o.a.j.t.JMeterThread: Interrupting: Test member Java 1-26 sampler: sayHi
2026-06-24 23:41:27,206 INFO o.a.j.t.JMeterThread: Stopping: Test member Java 1-37
2026-06-24 23:41:27,206 WARN o.a.j.t.JMeterThread: Interrupting: Test member Java 1-37 sampler: sayHi
2026-06-24 23:41:27,206 INFO o.a.j.t.JMeterThread: Thread finished: Test member Java 1-26
2026-06-24 23:41:27,206 INFO o.a.j.t.JMeterThread: Stopping: Test member Java 1-15
2026-06-24 23:41:27,206 WARN o.a.j.t.JMeterThread: Interrupting: Test member Java 1-15 sampler: sayHi
2026-06-24 23:41:27,206 INFO o.a.j.t.JMeterThread: Thread finished: Test member Java 1-37
2026-06-24 23:41:27,207 INFO o.a.j.t.JMeterThread: Stopping: Test member Java 1-11
2026-06-24 23:41:27,207 WARN o.a.j.t.JMeterThread: Interrupting: Test member Java 1-11 sampler: sayHi
2026-06-24 23:41:27,207 INFO o.a.j.t.JMeterThread: Stopping: Test member Java 1-20
2026-06-24 23:41:27,207 INFO o.a.j.t.JMeterThread: Thread finished: Test member Java 1-15
2026-06-24 23:41:27,207 INFO o.a.j.t.JMeterThread: Thread finished: Test member Java 1-11
2026-06-24 23:41:27,207 WARN o.a.j.t.JMeterThread: Interrupting: Test member Java 1-20 sampler: sayHi
2026-06-24 23:41:27,209 WARN o.a.j.t.JMeterThread: No operation pending
2026-06-24 23:41:27,209 INFO o.a.j.t.JMeterThread: Stopping: Test member Java 1-22
2026-06-24 23:41:27,209 INFO o.a.j.t.JMeterThread: Thread finished: Test member Java 1-20
2026-06-24 23:41:27,209 WARN o.a.j.t.JMeterThread: Interrupting: Test member Java 1-22 sampler: sayHi
2026-06-24 23:41:27,209 INFO o.a.j.t.JMeterThread: Stopping: Test member Java 1-36
2026-06-24 23:41:27,209 INFO o.a.j.t.JMeterThread: Thread finished: Test member Java 1-36
2026-06-24 23:41:27,209 INFO o.a.j.t.JMeterThread: Thread finished: Test member Java 1-22
2026-06-24 23:41:27,211 INFO o.a.j.t.JMeterThread: Stopping: Test member Java 1-8
2026-06-24 23:41:27,211 WARN o.a.j.t.JMeterThread: Interrupting: Test member Java 1-8 sampler: sayHi
2026-06-24 23:41:27,211 INFO o.a.j.t.JMeterThread: Stopping: Test member Java 1-7
2026-06-24 23:41:27,211 WARN o.a.j.t.JMeterThread: Interrupting: Test member Java 1-7 sampler: sayHi
2026-06-24 23:41:27,211 INFO o.a.j.t.JMeterThread: Thread finished: Test member Java 1-8
2026-06-24 23:41:27,211 INFO o.a.j.t.JMeterThread: Stopping: Test member Java 1-39
2026-06-24 23:41:27,213 WARN o.a.j.t.JMeterThread: Interrupting: Test member Java 1-39 sampler: sayHi
2026-06-24 23:41:27,213 INFO o.a.j.t.JMeterThread: Thread finished: Test member Java 1-7
2026-06-24 23:41:27,213 INFO o.a.j.t.JMeterThread: Stopping: Test member Java 1-28
2026-06-24 23:41:27,213 WARN o.a.j.t.JMeterThread: Interrupting: Test member Java 1-28 sampler: sayHi
2026-06-24 23:41:27,213 INFO o.a.j.t.JMeterThread: Stopping: Test member Java 1-48
2026-06-24 23:41:27,213 INFO o.a.j.t.JMeterThread: Thread finished: Test member Java 1-39
2026-06-24 23:41:27,213 INFO o.a.j.t.JMeterThread: Thread finished: Test member Java 1-28
2026-06-24 23:41:27,213 WARN o.a.j.t.JMeterThread: Interrupting: Test member Java 1-48 sampler: sayHi
2026-06-24 23:41:27,214 INFO o.a.j.t.JMeterThread: Stopping: Test member Java 1-18
2026-06-24 23:41:27,214 WARN o.a.j.t.JMeterThread: Interrupting: Test member Java 1-18 sampler: sayHi
2026-06-24 23:41:27,214 INFO o.a.j.t.JMeterThread: Stopping: Test member Java 1-13
2026-06-24 23:41:27,214 INFO o.a.j.t.JMeterThread: Thread finished: Test member Java 1-18
2026-06-24 23:41:27,214 INFO o.a.j.t.JMeterThread: Thread finished: Test member Java 1-48
2026-06-24 23:41:27,215 WARN o.a.j.t.JMeterThread: Interrupting: Test member Java 1-13 sampler: sayHi
2026-06-24 23:41:27,215 INFO o.a.j.t.JMeterThread: Stopping: Test member Java 1-21
2026-06-24 23:41:27,215 INFO o.a.j.t.JMeterThread: Thread finished: Test member Java 1-13
2026-06-24 23:41:27,215 WARN o.a.j.t.JMeterThread: Interrupting: Test member Java 1-21 sampler: sayHi
2026-06-24 23:41:27,217 INFO o.a.j.t.JMeterThread: Stopping: Test member Java 1-31
2026-06-24 23:41:27,217 WARN o.a.j.t.JMeterThread: Interrupting: Test member Java 1-31 sampler: sayHi
2026-06-24 23:41:27,217 INFO o.a.j.t.JMeterThread: Thread finished: Test member Java 1-21
2026-06-24 23:41:27,218 INFO o.a.j.t.JMeterThread: Stopping: Test member Java 1-30
2026-06-24 23:41:27,218 WARN o.a.j.t.JMeterThread: Interrupting: Test member Java 1-30 sampler: sayHi
2026-06-24 23:41:27,218 INFO o.a.j.t.JMeterThread: Stopping: Test member Java 1-5
2026-06-24 23:41:27,218 INFO o.a.j.t.JMeterThread: Thread finished: Test member Java 1-31
2026-06-24 23:41:27,218 INFO o.a.j.t.JMeterThread: Thread finished: Test member Java 1-30
2026-06-24 23:41:27,218 WARN o.a.j.t.JMeterThread: Interrupting: Test member Java 1-5 sampler: sayHi
2026-06-24 23:41:27,220 INFO o.a.j.t.JMeterThread: Stopping: Test member Java 1-16
2026-06-24 23:41:27,220 WARN o.a.j.t.JMeterThread: Interrupting: Test member Java 1-16 sampler: sayHi
2026-06-24 23:41:27,220 INFO o.a.j.t.JMeterThread: Stopping: Test member Java 1-3
2026-06-24 23:41:27,220 INFO o.a.j.t.JMeterThread: Thread finished: Test member Java 1-5
2026-06-24 23:41:27,220 WARN o.a.j.t.JMeterThread: Interrupting: Test member Java 1-3 sampler: sayHi
2026-06-24 23:41:27,222 INFO o.a.j.t.JMeterThread: Stopping: Test member Java 1-19
2026-06-24 23:41:27,222 WARN o.a.j.t.JMeterThread: Interrupting: Test member Java 1-19 sampler: sayHi
2026-06-24 23:41:27,222 INFO o.a.j.t.JMeterThread: Thread finished: Test member Java 1-3
2026-06-24 23:41:27,222 INFO o.a.j.t.JMeterThread: Thread finished: Test member Java 1-16
2026-06-24 23:41:27,223 INFO o.a.j.t.JMeterThread: Stopping: Test member Java 1-35
2026-06-24 23:41:27,223 WARN o.a.j.t.JMeterThread: Interrupting: Test member Java 1-35 sampler: sayHi
2026-06-24 23:41:27,223 INFO o.a.j.t.JMeterThread: Thread finished: Test member Java 1-19
2026-06-24 23:41:27,223 INFO o.a.j.t.JMeterThread: Stopping: Test member Java 1-43
2026-06-24 23:41:27,223 WARN o.a.j.t.JMeterThread: Interrupting: Test member Java 1-43 sampler: sayHi
2026-06-24 23:41:27,223 INFO o.a.j.t.JMeterThread: Stopping: Test member Java 1-2
2026-06-24 23:41:27,223 WARN o.a.j.t.JMeterThread: Interrupting: Test member Java 1-2 sampler: sayHi
2026-06-24 23:41:27,223 INFO o.a.j.t.JMeterThread: Stopping: Test member Java 1-34
2026-06-24 23:41:27,223 WARN o.a.j.t.JMeterThread: Interrupting: Test member Java 1-34 sampler: sayHi
2026-06-24 23:41:27,223 INFO o.a.j.t.JMeterThread: Thread finished: Test member Java 1-35
2026-06-24 23:41:27,225 INFO o.a.j.t.JMeterThread: Stopping: Test member Java 1-29
2026-06-24 23:41:27,225 INFO o.a.j.t.JMeterThread: Thread finished: Test member Java 1-34
2026-06-24 23:41:27,225 WARN o.a.j.t.JMeterThread: Interrupting: Test member Java 1-29 sampler: sayHi
2026-06-24 23:41:27,225 INFO o.a.j.t.JMeterThread: Thread finished: Test member Java 1-43
2026-06-24 23:41:27,225 INFO o.a.j.t.JMeterThread: Stopping: Test member Java 1-38
2026-06-24 23:41:27,227 INFO o.a.j.t.JMeterThread: Thread finished: Test member Java 1-29
2026-06-24 23:41:27,228 WARN o.a.j.t.JMeterThread: Interrupting: Test member Java 1-38 sampler: sayHi
2026-06-24 23:41:27,228 INFO o.a.j.t.JMeterThread: Thread finished: Test member Java 1-2
2026-06-24 23:41:27,229 INFO o.a.j.t.JMeterThread: Stopping: Test member Java 1-17
2026-06-24 23:41:27,229 INFO o.a.j.t.JMeterThread: Thread finished: Test member Java 1-38
2026-06-24 23:41:27,229 WARN o.a.j.t.JMeterThread: Interrupting: Test member Java 1-17 sampler: sayHi
2026-06-24 23:41:27,229 INFO o.a.j.t.JMeterThread: Stopping: Test member Java 1-4
2026-06-24 23:41:27,229 WARN o.a.j.t.JMeterThread: Interrupting: Test member Java 1-4 sampler: sayHi
2026-06-24 23:41:27,232 INFO o.a.j.t.JMeterThread: Thread finished: Test member Java 1-17
2026-06-24 23:41:27,234 INFO o.a.j.t.JMeterThread: Thread finished: Test member Java 1-4
2026-06-24 23:41:27,234 INFO o.a.j.t.JMeterThread: Stopping: Test member Java 1-32
2026-06-24 23:41:27,234 WARN o.a.j.t.JMeterThread: Interrupting: Test member Java 1-32 sampler: sayHi
2026-06-24 23:41:27,234 INFO o.a.j.t.JMeterThread: Stopping: Test member Java 1-45
2026-06-24 23:41:27,234 WARN o.a.j.t.JMeterThread: Interrupting: Test member Java 1-45 sampler: sayHi
2026-06-24 23:41:27,236 INFO o.a.j.t.JMeterThread: Thread finished: Test member Java 1-32
2026-06-24 23:41:27,237 INFO o.a.j.t.JMeterThread: Stopping: Test member Java 1-40
2026-06-24 23:41:27,237 INFO o.a.j.t.JMeterThread: Thread finished: Test member Java 1-45
2026-06-24 23:41:27,237 WARN o.a.j.t.JMeterThread: Interrupting: Test member Java 1-40 sampler: sayHi
2026-06-24 23:41:27,237 INFO o.a.j.t.JMeterThread: Stopping: Test member Java 1-50
2026-06-24 23:41:27,239 WARN o.a.j.t.JMeterThread: Interrupting: Test member Java 1-50 sampler: sayHi
2026-06-24 23:41:27,239 INFO o.a.j.t.JMeterThread: Thread finished: Test member Java 1-40
2026-06-24 23:41:27,241 INFO o.a.j.t.JMeterThread: Thread finished: Test member Java 1-50
2026-06-24 23:41:27,241 INFO o.a.j.t.JMeterThread: Stopping: Test member Java 1-46
2026-06-24 23:41:27,241 WARN o.a.j.t.JMeterThread: Interrupting: Test member Java 1-46 sampler: sayHi
2026-06-24 23:41:27,242 INFO o.a.j.t.JMeterThread: Thread finished: Test member Java 1-46
2026-06-24 23:41:27,243 INFO o.a.j.e.StandardJMeterEngine: Notifying test listeners of end of test
2026-06-24 23:41:27,243 INFO o.a.j.g.u.JMeterMenuBar: setRunning(false, *local*)
2026-06-24 23:41:38,517 INFO o.a.j.e.StandardJMeterEngine: Running the test!
2026-06-24 23:41:38,517 INFO o.a.j.s.SampleEvent: List of sample_variables: []
2026-06-24 23:41:38,517 INFO o.a.j.g.u.JMeterMenuBar: setRunning(true, *local*)
2026-06-24 23:41:38,550 INFO o.a.j.e.StandardJMeterEngine: Starting ThreadGroup: 1 : Test member Java
2026-06-24 23:41:38,550 INFO o.a.j.e.StandardJMeterEngine: Starting 1000 threads for group Test member Java.
2026-06-24 23:41:38,550 INFO o.a.j.e.StandardJMeterEngine: Thread will continue on error
2026-06-24 23:41:38,550 INFO o.a.j.t.ThreadGroup: Starting thread group... number=1 threads=1000 ramp-up=5 delayedStart=true
2026-06-24 23:41:38,550 INFO o.a.j.t.ThreadGroup: Started thread group number 1
2026-06-24 23:41:38,550 INFO o.a.j.e.StandardJMeterEngine: All thread groups have been started
2026-06-24 23:41:38,551 INFO o.a.j.t.JMeterThread: Thread started: Test member Java 1-1
2026-06-24 23:41:38,558 INFO o.a.j.t.JMeterThread: Thread started: Test member Java 1-2
2026-06-24 23:41:38,563 INFO o.a.j.t.JMeterThread: Thread started: Test member Java 1-3
2026-06-24 23:41:38,570 INFO o.a.j.t.JMeterThread: Thread started: Test member Java 1-4
2026-06-24 23:41:38,575 INFO o.a.j.t.JMeterThread: Thread started: Test member Java 1-5
2026-06-24 23:41:38,581 INFO o.a.j.t.JMeterThread: Thread started: Test member Java 1-6
2026-06-24 23:41:38,588 INFO o.a.j.t.JMeterThread: Thread started: Test member Java 1-7
2026-06-24 23:41:38,594 INFO o.a.j.t.JMeterThread: Thread started: Test member Java 1-8
2026-06-24 23:41:38,600 INFO o.a.j.t.JMeterThread: Thread started: Test member Java 1-9
2026-06-24 23:41:38,607 INFO o.a.j.t.JMeterThread: Thread started: Test member Java 1-10
2026-06-24 23:41:38,612 INFO o.a.j.t.JMeterThread: Thread started: Test member Java 1-11
2026-06-24 23:41:38,618 INFO o.a.j.t.JMeterThread: Thread started: Test member Java 1-12
2026-06-24 23:41:38,625 INFO o.a.j.t.JMeterThread: Thread started: Test member Java 1-13
2026-06-24 23:41:38,630 INFO o.a.j.t.JMeterThread: Thread started: Test member Java 1-14
2026-06-24 23:41:38,636 INFO o.a.j.t.JMeterThread: Thread started: Test member Java 1-15
2026-06-24 23:41:38,641 INFO o.a.j.t.JMeterThread: Thread started: Test member Java 1-16
2026-06-24 23:41:38,648 INFO o.a.j.t.JMeterThread: Thread started: Test member Java 1-17
2026-06-24 23:41:38,657 INFO o.a.j.t.JMeterThread: Thread started: Test member Java 1-18
2026-06-24 23:41:38,662 INFO o.a.j.t.JMeterThread: Thread started: Test member Java 1-19
2026-06-24 23:41:38,668 INFO o.a.j.t.JMeterThread: Thread started: Test member Java 1-20
2026-06-24 23:41:38,674 INFO o.a.j.t.JMeterThread: Thread started: Test member Java 1-21
2026-06-24 23:41:38,680 INFO o.a.j.t.JMeterThread: Thread started: Test member Java 1-22
2026-06-24 23:41:38,687 INFO o.a.j.t.JMeterThread: Thread started: Test member Java 1-23
2026-06-24 23:41:38,696 INFO o.a.j.t.JMeterThread: Thread started: Test member Java 1-24
2026-06-24 23:41:38,702 INFO o.a.j.t.JMeterThread: Thread started: Test member Java 1-25
2026-06-24 23:41:38,708 INFO o.a.j.t.JMeterThread: Thread started: Test member Java 1-26
2026-06-24 23:41:38,714 INFO o.a.j.t.JMeterThread: Thread started: Test member Java 1-27
2026-06-24 23:41:38,721 INFO o.a.j.t.JMeterThread: Thread started: Test member Java 1-28
2026-06-24 23:41:38,726 INFO o.a.j.t.JMeterThread: Thread started: Test member Java 1-29
2026-06-24 23:41:38,731 INFO o.a.j.t.JMeterThread: Thread started: Test member Java 1-30
2026-06-24 23:41:38,740 INFO o.a.j.t.JMeterThread: Thread started: Test member Java 1-31
2026-06-24 23:41:38,744 INFO o.a.j.t.JMeterThread: Thread started: Test member Java 1-32
2026-06-24 23:41:38,749 INFO o.a.j.t.JMeterThread: Thread started: Test member Java 1-33
2026-06-24 23:41:38,755 INFO o.a.j.t.JMeterThread: Thread started: Test member Java 1-34
2026-06-24 23:41:38,760 INFO o.a.j.t.JMeterThread: Thread started: Test member Java 1-35
2026-06-24 23:41:38,767 INFO o.a.j.t.JMeterThread: Thread started: Test member Java 1-36
2026-06-24 23:41:38,774 INFO o.a.j.t.JMeterThread: Thread started: Test member Java 1-37
2026-06-24 23:41:38,781 INFO o.a.j.t.JMeterThread: Thread started: Test member Java 1-38
2026-06-24 23:41:38,787 INFO o.a.j.t.JMeterThread: Thread started: Test member Java 1-39
2026-06-24 23:41:38,793 INFO o.a.j.t.JMeterThread: Thread started: Test member Java 1-40
2026-06-24 23:41:38,799 INFO o.a.j.t.JMeterThread: Thread started: Test member Java 1-41
2026-06-24 23:41:38,805 INFO o.a.j.t.JMeterThread: Thread started: Test member Java 1-42
2026-06-24 23:41:38,810 INFO o.a.j.t.JMeterThread: Thread started: Test member Java 1-43
2026-06-24 23:41:38,816 INFO o.a.j.t.JMeterThread: Thread started: Test member Java 1-44
2026-06-24 23:41:38,822 INFO o.a.j.t.JMeterThread: Thread started: Test member Java 1-45
2026-06-24 23:41:38,828 INFO o.a.j.t.JMeterThread: Thread started: Test member Java 1-46
2026-06-24 23:41:38,834 INFO o.a.j.t.JMeterThread: Thread started: Test member Java 1-47
2026-06-24 23:41:38,840 INFO o.a.j.t.JMeterThread: Thread started: Test member Java 1-48
2026-06-24 23:41:38,846 INFO o.a.j.t.JMeterThread: Thread started: Test member Java 1-49
2026-06-24 23:41:38,852 INFO o.a.j.t.JMeterThread: Thread started: Test member Java 1-50
2026-06-24 23:41:38,858 INFO o.a.j.t.JMeterThread: Thread started: Test member Java 1-51
2026-06-24 23:41:38,863 INFO o.a.j.t.JMeterThread: Thread started: Test member Java 1-52
2026-06-24 23:41:38,870 INFO o.a.j.t.JMeterThread: Thread started: Test member Java 1-53
2026-06-24 23:41:38,876 INFO o.a.j.t.JMeterThread: Thread started: Test member Java 1-54
2026-06-24 23:41:38,884 INFO o.a.j.t.JMeterThread: Thread started: Test member Java 1-55
2026-06-24 23:41:38,890 INFO o.a.j.t.JMeterThread: Thread started: Test member Java 1-56
2026-06-24 23:41:38,895 INFO o.a.j.t.JMeterThread: Thread started: Test member Java 1-57
2026-06-24 23:41:38,903 INFO o.a.j.t.JMeterThread: Thread started: Test member Java 1-58
2026-06-24 23:41:38,908 INFO o.a.j.t.JMeterThread: Thread started: Test member Java 1-59
2026-06-24 23:41:38,914 INFO o.a.j.t.JMeterThread: Thread started: Test member Java 1-60
2026-06-24 23:41:38,920 INFO o.a.j.t.JMeterThread: Thread started: Test member Java 1-61
2026-06-24 23:41:38,925 INFO o.a.j.t.JMeterThread: Thread started: Test member Java 1-62
2026-06-24 23:41:38,931 INFO o.a.j.t.JMeterThread: Thread started: Test member Java 1-63
2026-06-24 23:41:38,940 INFO o.a.j.t.JMeterThread: Thread started: Test member Java 1-64
2026-06-24 23:41:38,948 INFO o.a.j.t.JMeterThread: Thread started: Test member Java 1-65
2026-06-24 23:41:38,955 INFO o.a.j.t.JMeterThread: Thread started: Test member Java 1-66
2026-06-24 23:41:38,961 INFO o.a.j.t.JMeterThread: Thread started: Test member Java 1-67
2026-06-24 23:41:38,967 INFO o.a.j.t.JMeterThread: Thread started: Test member Java 1-68
2026-06-24 23:41:38,973 INFO o.a.j.t.JMeterThread: Thread started: Test member Java 1-69
2026-06-24 23:41:38,978 INFO o.a.j.t.JMeterThread: Thread started: Test member Java 1-70
2026-06-24 23:41:38,985 INFO o.a.j.t.JMeterThread: Thread started: Test member Java 1-71
2026-06-24 23:41:38,990 INFO o.a.j.t.JMeterThread: Thread started: Test member Java 1-72
2026-06-24 23:41:38,998 INFO o.a.j.t.JMeterThread: Thread started: Test member Java 1-73
2026-06-24 23:41:39,003 INFO o.a.j.t.JMeterThread: Thread started: Test member Java 1-74
2026-06-24 23:41:39,009 INFO o.a.j.t.JMeterThread: Thread started: Test member Java 1-75
2026-06-24 23:41:39,015 INFO o.a.j.t.JMeterThread: Thread started: Test member Java 1-76
2026-06-24 23:41:39,020 INFO o.a.j.t.JMeterThread: Thread started: Test member Java 1-77
2026-06-24 23:41:39,029 INFO o.a.j.t.JMeterThread: Thread started: Test member Java 1-78
2026-06-24 23:41:39,035 INFO o.a.j.t.JMeterThread: Thread started: Test member Java 1-79
2026-06-24 23:41:39,040 INFO o.a.j.t.JMeterThread: Thread started: Test member Java 1-80
2026-06-24 23:41:39,046 INFO o.a.j.t.JMeterThread: Thread started: Test member Java 1-81
2026-06-24 23:41:39,052 INFO o.a.j.t.JMeterThread: Thread started: Test member Java 1-82
2026-06-24 23:41:39,058 INFO o.a.j.t.JMeterThread: Thread started: Test member Java 1-83
2026-06-24 23:41:39,064 INFO o.a.j.t.JMeterThread: Thread started: Test member Java 1-84
2026-06-24 23:41:39,072 INFO o.a.j.t.JMeterThread: Thread started: Test member Java 1-85
2026-06-24 23:41:39,079 INFO o.a.j.t.JMeterThread: Thread started: Test member Java 1-86
2026-06-24 23:41:39,087 INFO o.a.j.t.JMeterThread: Thread started: Test member Java 1-87
2026-06-24 23:41:39,093 INFO o.a.j.t.JMeterThread: Thread started: Test member Java 1-88
2026-06-24 23:41:39,099 INFO o.a.j.t.JMeterThread: Thread started: Test member Java 1-89
2026-06-24 23:41:39,105 INFO o.a.j.t.JMeterThread: Thread started: Test member Java 1-90
2026-06-24 23:41:39,110 INFO o.a.j.t.JMeterThread: Thread started: Test member Java 1-91
2026-06-24 23:41:39,116 INFO o.a.j.t.JMeterThread: Thread started: Test member Java 1-92
2026-06-24 23:41:39,122 INFO o.a.j.t.JMeterThread: Thread started: Test member Java 1-93
2026-06-24 23:41:39,128 INFO o.a.j.t.JMeterThread: Thread started: Test member Java 1-94
2026-06-24 23:41:39,134 INFO o.a.j.t.JMeterThread: Thread started: Test member Java 1-95
2026-06-24 23:41:39,142 INFO o.a.j.t.JMeterThread: Thread started: Test member Java 1-96
2026-06-24 23:41:39,148 INFO o.a.j.t.JMeterThread: Thread started: Test member Java 1-97
2026-06-24 23:41:39,161 INFO o.a.j.t.JMeterThread: Thread started: Test member Java 1-98
2026-06-24 23:41:39,167 INFO o.a.j.t.JMeterThread: Thread started: Test member Java 1-99
2026-06-24 23:41:39,174 INFO o.a.j.t.JMeterThread: Thread started: Test member Java 1-100
2026-06-24 23:41:39,181 INFO o.a.j.t.JMeterThread: Thread started: Test member Java 1-101
2026-06-24 23:41:39,192 INFO o.a.j.t.JMeterThread: Thread started: Test member Java 1-102
2026-06-24 23:41:39,200 INFO o.a.j.t.JMeterThread: Thread started: Test member Java 1-103
2026-06-24 23:41:39,207 INFO o.a.j.t.JMeterThread: Thread started: Test member Java 1-104
2026-06-24 23:41:39,213 INFO o.a.j.t.JMeterThread: Thread started: Test member Java 1-105
2026-06-24 23:41:39,221 INFO o.a.j.t.JMeterThread: Thread started: Test member Java 1-106
2026-06-24 23:41:39,228 INFO o.a.j.t.JMeterThread: Thread started: Test member Java 1-107
2026-06-24 23:41:39,234 INFO o.a.j.t.JMeterThread: Thread started: Test member Java 1-108
2026-06-24 23:41:39,241 INFO o.a.j.t.JMeterThread: Thread started: Test member Java 1-109
2026-06-24 23:41:39,247 INFO o.a.j.t.JMeterThread: Thread started: Test member Java 1-110
2026-06-24 23:41:39,255 INFO o.a.j.t.JMeterThread: Thread started: Test member Java 1-111
2026-06-24 23:41:39,266 INFO o.a.j.t.JMeterThread: Thread started: Test member Java 1-112
2026-06-24 23:41:39,275 INFO o.a.j.t.JMeterThread: Thread started: Test member Java 1-113
2026-06-24 23:41:39,281 INFO o.a.j.t.JMeterThread: Thread started: Test member Java 1-114
2026-06-24 23:41:39,289 INFO o.a.j.t.JMeterThread: Thread started: Test member Java 1-115
2026-06-24 23:41:39,296 INFO o.a.j.t.JMeterThread: Thread started: Test member Java 1-116
2026-06-24 23:41:39,302 INFO o.a.j.t.JMeterThread: Thread started: Test member Java 1-117
2026-06-24 23:41:39,308 INFO o.a.j.t.JMeterThread: Thread started: Test member Java 1-118
2026-06-24 23:41:39,316 INFO o.a.j.t.JMeterThread: Thread started: Test member Java 1-119
2026-06-24 23:41:39,321 INFO o.a.j.t.JMeterThread: Thread started: Test member Java 1-120
2026-06-24 23:41:39,327 INFO o.a.j.t.JMeterThread: Thread started: Test member Java 1-121
2026-06-24 23:41:39,334 INFO o.a.j.t.JMeterThread: Thread started: Test member Java 1-122
2026-06-24 23:41:39,345 INFO o.a.j.t.JMeterThread: Thread started: Test member Java 1-123
2026-06-24 23:41:39,353 INFO o.a.j.t.JMeterThread: Thread started: Test member Java 1-124
2026-06-24 23:41:39,359 INFO o.a.j.t.JMeterThread: Thread started: Test member Java 1-125
2026-06-24 23:41:39,365 INFO o.a.j.t.JMeterThread: Thread started: Test member Java 1-126
2026-06-24 23:41:39,374 INFO o.a.j.t.JMeterThread: Thread started: Test member Java 1-127
2026-06-24 23:41:39,379 INFO o.a.j.t.JMeterThread: Thread started: Test member Java 1-128
2026-06-24 23:41:39,386 INFO o.a.j.t.JMeterThread: Thread started: Test member Java 1-129
2026-06-24 23:41:39,392 INFO o.a.j.t.JMeterThread: Thread started: Test member Java 1-130
2026-06-24 23:41:39,399 INFO o.a.j.t.JMeterThread: Thread started: Test member Java 1-131
2026-06-24 23:41:39,406 INFO o.a.j.t.JMeterThread: Thread started: Test member Java 1-132
2026-06-24 23:41:39,412 INFO o.a.j.t.JMeterThread: Thread started: Test member Java 1-133
2026-06-24 23:41:39,442 INFO o.a.j.t.JMeterThread: Thread started: Test member Java 1-134
2026-06-24 23:41:39,449 INFO o.a.j.t.JMeterThread: Thread started: Test member Java 1-135
2026-06-24 23:41:39,454 INFO o.a.j.t.JMeterThread: Thread started: Test member Java 1-136
2026-06-24 23:41:39,463 INFO o.a.j.t.JMeterThread: Thread started: Test member Java 1-137
2026-06-24 23:41:39,470 INFO o.a.j.t.JMeterThread: Thread started: Test member Java 1-138
2026-06-24 23:41:39,476 INFO o.a.j.t.JMeterThread: Thread started: Test member Java 1-139
2026-06-24 23:41:39,482 INFO o.a.j.t.JMeterThread: Thread started: Test member Java 1-140
2026-06-24 23:41:39,489 INFO o.a.j.t.JMeterThread: Thread started: Test member Java 1-141
2026-06-24 23:41:39,495 INFO o.a.j.t.JMeterThread: Thread started: Test member Java 1-142
2026-06-24 23:41:39,501 INFO o.a.j.t.JMeterThread: Thread started: Test member Java 1-143
2026-06-24 23:41:39,507 INFO o.a.j.t.JMeterThread: Thread started: Test member Java 1-144
2026-06-24 23:41:39,514 INFO o.a.j.t.JMeterThread: Thread started: Test member Java 1-145
2026-06-24 23:41:39,520 INFO o.a.j.t.JMeterThread: Thread started: Test member Java 1-146
2026-06-24 23:41:39,525 INFO o.a.j.t.JMeterThread: Thread started: Test member Java 1-147
2026-06-24 23:41:39,531 INFO o.a.j.t.JMeterThread: Thread started: Test member Java 1-148
2026-06-24 23:41:39,541 INFO o.a.j.t.JMeterThread: Thread started: Test member Java 1-149
2026-06-24 23:41:39,547 INFO o.a.j.t.JMeterThread: Thread started: Test member Java 1-150
2026-06-24 23:41:39,559 INFO o.a.j.t.JMeterThread: Thread started: Test member Java 1-151
2026-06-24 23:41:39,564 INFO o.a.j.t.JMeterThread: Thread started: Test member Java 1-152
2026-06-24 23:41:39,571 INFO o.a.j.t.JMeterThread: Thread started: Test member Java 1-153
2026-06-24 23:41:39,579 INFO o.a.j.t.JMeterThread: Thread started: Test member Java 1-154
2026-06-24 23:41:39,593 INFO o.a.j.t.JMeterThread: Thread started: Test member Java 1-155
2026-06-24 23:41:39,598 INFO o.a.j.t.JMeterThread: Thread started: Test member Java 1-156
2026-06-24 23:41:39,606 INFO o.a.j.t.JMeterThread: Thread started: Test member Java 1-157
2026-06-24 23:41:39,613 INFO o.a.j.t.JMeterThread: Thread started: Test member Java 1-158
2026-06-24 23:41:39,620 INFO o.a.j.t.JMeterThread: Thread started: Test member Java 1-159
2026-06-24 23:41:39,626 INFO o.a.j.t.JMeterThread: Thread started: Test member Java 1-160
2026-06-24 23:41:39,632 INFO o.a.j.t.JMeterThread: Thread started: Test member Java 1-161
2026-06-24 23:41:39,641 INFO o.a.j.t.JMeterThread: Thread started: Test member Java 1-162
2026-06-24 23:41:39,652 INFO o.a.j.t.JMeterThread: Thread started: Test member Java 1-163
2026-06-24 23:41:39,658 INFO o.a.j.t.JMeterThread: Thread started: Test member Java 1-164
2026-06-24 23:41:39,665 INFO o.a.j.t.JMeterThread: Thread started: Test member Java 1-165
2026-06-24 23:41:39,673 INFO o.a.j.t.JMeterThread: Thread started: Test member Java 1-166
2026-06-24 23:41:39,679 INFO o.a.j.t.JMeterThread: Thread started: Test member Java 1-167
2026-06-24 23:41:39,684 INFO o.a.j.t.JMeterThread: Thread started: Test member Java 1-168
2026-06-24 23:41:39,691 INFO o.a.j.t.JMeterThread: Thread started: Test member Java 1-169
2026-06-24 23:41:39,699 INFO o.a.j.t.JMeterThread: Thread started: Test member Java 1-170
2026-06-24 23:41:39,708 INFO o.a.j.t.JMeterThread: Thread started: Test member Java 1-171
2026-06-24 23:41:39,712 INFO o.a.j.t.JMeterThread: Thread started: Test member Java 1-172
2026-06-24 23:41:39,719 INFO o.a.j.t.JMeterThread: Thread started: Test member Java 1-173
2026-06-24 23:41:39,727 INFO o.a.j.t.JMeterThread: Thread started: Test member Java 1-174
2026-06-24 23:41:39,733 INFO o.a.j.t.JMeterThread: Thread started: Test member Java 1-175
2026-06-24 23:41:39,738 INFO o.a.j.t.JMeterThread: Thread started: Test member Java 1-176
2026-06-24 23:41:39,745 INFO o.a.j.t.JMeterThread: Thread started: Test member Java 1-177
2026-06-24 23:41:39,753 INFO o.a.j.t.JMeterThread: Thread started: Test member Java 1-178
2026-06-24 23:41:39,760 INFO o.a.j.t.JMeterThread: Thread started: Test member Java 1-179
2026-06-24 23:41:39,765 INFO o.a.j.t.JMeterThread: Thread started: Test member Java 1-180
2026-06-24 23:41:39,771 INFO o.a.j.t.JMeterThread: Thread started: Test member Java 1-181
2026-06-24 23:41:39,778 INFO o.a.j.t.JMeterThread: Thread started: Test member Java 1-182
2026-06-24 23:41:39,784 INFO o.a.j.t.JMeterThread: Thread started: Test member Java 1-183
2026-06-24 23:41:39,791 INFO o.a.j.t.JMeterThread: Thread started: Test member Java 1-184
2026-06-24 23:41:39,797 INFO o.a.j.t.JMeterThread: Thread started: Test member Java 1-185
2026-06-24 23:41:39,805 INFO o.a.j.t.JMeterThread: Thread started: Test member Java 1-186
2026-06-24 23:41:39,811 INFO o.a.j.t.JMeterThread: Thread started: Test member Java 1-187
2026-06-24 23:41:39,815 INFO o.a.j.t.JMeterThread: Thread started: Test member Java 1-188
2026-06-24 23:41:39,825 INFO o.a.j.t.JMeterThread: Thread started: Test member Java 1-189
2026-06-24 23:41:39,830 INFO o.a.j.t.JMeterThread: Thread started: Test member Java 1-190
2026-06-24 23:41:39,836 INFO o.a.j.t.JMeterThread: Thread started: Test member Java 1-191
2026-06-24 23:41:39,842 INFO o.a.j.t.JMeterThread: Thread started: Test member Java 1-192
2026-06-24 23:41:39,848 INFO o.a.j.t.JMeterThread: Thread started: Test member Java 1-193
2026-06-24 23:41:39,855 INFO o.a.j.t.JMeterThread: Thread started: Test member Java 1-194
2026-06-24 23:41:39,867 INFO o.a.j.t.JMeterThread: Thread started: Test member Java 1-195
2026-06-24 23:41:39,880 INFO o.a.j.t.JMeterThread: Thread started: Test member Java 1-196
2026-06-24 23:41:39,885 INFO o.a.j.t.JMeterThread: Thread started: Test member Java 1-197
2026-06-24 23:41:39,891 INFO o.a.j.t.JMeterThread: Thread started: Test member Java 1-198
2026-06-24 23:41:39,896 INFO o.a.j.t.JMeterThread: Thread started: Test member Java 1-199
2026-06-24 23:41:39,902 INFO o.a.j.t.JMeterThread: Thread started: Test member Java 1-200
2026-06-24 23:41:39,911 INFO o.a.j.t.JMeterThread: Thread started: Test member Java 1-201
2026-06-24 23:41:39,917 INFO o.a.j.t.JMeterThread: Thread started: Test member Java 1-202
2026-06-24 23:41:39,926 INFO o.a.j.t.JMeterThread: Thread started: Test member Java 1-203
2026-06-24 23:41:39,932 INFO o.a.j.t.JMeterThread: Thread started: Test member Java 1-204
2026-06-24 23:41:39,941 INFO o.a.j.t.JMeterThread: Thread started: Test member Java 1-205
2026-06-24 23:41:39,948 INFO o.a.j.t.JMeterThread: Thread started: Test member Java 1-206
2026-06-24 23:41:39,953 INFO o.a.j.t.JMeterThread: Thread started: Test member Java 1-207
2026-06-24 23:41:39,959 INFO o.a.j.t.JMeterThread: Thread started: Test member Java 1-208
2026-06-24 23:41:39,965 INFO o.a.j.t.JMeterThread: Thread started: Test member Java 1-209
2026-06-24 23:41:39,972 INFO o.a.j.t.JMeterThread: Thread started: Test member Java 1-210
2026-06-24 23:41:39,978 INFO o.a.j.t.JMeterThread: Thread started: Test member Java 1-211
2026-06-24 23:41:39,985 INFO o.a.j.t.JMeterThread: Thread started: Test member Java 1-212
2026-06-24 23:41:39,991 INFO o.a.j.t.JMeterThread: Thread started: Test member Java 1-213
2026-06-24 23:41:39,997 INFO o.a.j.t.JMeterThread: Thread started: Test member Java 1-214
2026-06-24 23:41:40,002 INFO o.a.j.t.JMeterThread: Thread started: Test member Java 1-215
2026-06-24 23:41:40,008 INFO o.a.j.t.JMeterThread: Thread started: Test member Java 1-216
2026-06-24 23:41:40,014 INFO o.a.j.t.JMeterThread: Thread started: Test member Java 1-217
2026-06-24 23:41:40,019 INFO o.a.j.t.JMeterThread: Thread started: Test member Java 1-218
2026-06-24 23:41:40,025 INFO o.a.j.t.JMeterThread: Thread started: Test member Java 1-219
2026-06-24 23:41:40,031 INFO o.a.j.t.JMeterThread: Thread started: Test member Java 1-220
2026-06-24 23:41:40,036 INFO o.a.j.t.JMeterThread: Thread started: Test member Java 1-221
2026-06-24 23:41:40,042 INFO o.a.j.t.JMeterThread: Thread started: Test member Java 1-222
2026-06-24 23:41:40,048 INFO o.a.j.t.JMeterThread: Thread started: Test member Java 1-223
2026-06-24 23:41:40,055 INFO o.a.j.t.JMeterThread: Thread started: Test member Java 1-224
2026-06-24 23:41:40,061 INFO o.a.j.t.JMeterThread: Thread started: Test member Java 1-225
2026-06-24 23:41:40,068 INFO o.a.j.t.JMeterThread: Thread started: Test member Java 1-226
2026-06-24 23:41:40,074 INFO o.a.j.t.JMeterThread: Thread started: Test member Java 1-227
2026-06-24 23:41:40,079 INFO o.a.j.t.JMeterThread: Thread started: Test member Java 1-228
2026-06-24 23:41:40,084 INFO o.a.j.t.JMeterThread: Thread started: Test member Java 1-229
2026-06-24 23:41:40,089 INFO o.a.j.t.JMeterThread: Thread started: Test member Java 1-230
2026-06-24 23:41:40,100 INFO o.a.j.t.JMeterThread: Thread started: Test member Java 1-231
2026-06-24 23:41:40,106 INFO o.a.j.t.JMeterThread: Thread started: Test member Java 1-232
2026-06-24 23:41:40,112 INFO o.a.j.t.JMeterThread: Thread started: Test member Java 1-233
2026-06-24 23:41:40,117 INFO o.a.j.t.JMeterThread: Thread started: Test member Java 1-234
2026-06-24 23:41:40,123 INFO o.a.j.t.JMeterThread: Thread started: Test member Java 1-235
2026-06-24 23:41:40,127 INFO o.a.j.t.JMeterThread: Thread started: Test member Java 1-236
2026-06-24 23:41:40,132 INFO o.a.j.t.JMeterThread: Thread started: Test member Java 1-237
2026-06-24 23:41:40,136 INFO o.a.j.t.JMeterThread: Thread started: Test member Java 1-238
2026-06-24 23:41:40,142 INFO o.a.j.t.JMeterThread: Thread started: Test member Java 1-239
2026-06-24 23:41:40,147 INFO o.a.j.t.JMeterThread: Thread started: Test member Java 1-240
2026-06-24 23:41:40,151 INFO o.a.j.t.JMeterThread: Thread started: Test member Java 1-241
2026-06-24 23:41:40,157 INFO o.a.j.t.JMeterThread: Thread started: Test member Java 1-242
2026-06-24 23:41:40,161 INFO o.a.j.t.JMeterThread: Thread started: Test member Java 1-243
2026-06-24 23:41:40,166 INFO o.a.j.t.JMeterThread: Thread started: Test member Java 1-244
2026-06-24 23:41:40,172 INFO o.a.j.t.JMeterThread: Thread started: Test member Java 1-245
2026-06-24 23:41:40,178 INFO o.a.j.t.JMeterThread: Thread started: Test member Java 1-246
2026-06-24 23:41:40,183 INFO o.a.j.t.JMeterThread: Thread started: Test member Java 1-247
2026-06-24 23:41:40,189 INFO o.a.j.t.JMeterThread: Thread started: Test member Java 1-248
2026-06-24 23:41:40,195 INFO o.a.j.t.JMeterThread: Thread started: Test member Java 1-249
2026-06-24 23:41:40,199 INFO o.a.j.t.JMeterThread: Thread started: Test member Java 1-250
2026-06-24 23:41:40,205 INFO o.a.j.t.JMeterThread: Thread started: Test member Java 1-251
2026-06-24 23:41:40,210 INFO o.a.j.t.JMeterThread: Thread started: Test member Java 1-252
2026-06-24 23:41:40,215 INFO o.a.j.t.JMeterThread: Thread started: Test member Java 1-253
2026-06-24 23:41:40,219 INFO o.a.j.t.JMeterThread: Thread started: Test member Java 1-254
2026-06-24 23:41:40,224 INFO o.a.j.t.JMeterThread: Thread started: Test member Java 1-255
2026-06-24 23:41:40,229 INFO o.a.j.t.JMeterThread: Thread started: Test member Java 1-256
2026-06-24 23:41:40,233 INFO o.a.j.t.JMeterThread: Thread started: Test member Java 1-257
2026-06-24 23:41:40,238 INFO o.a.j.t.JMeterThread: Thread started: Test member Java 1-258
2026-06-24 23:41:40,243 INFO o.a.j.t.JMeterThread: Thread started: Test member Java 1-259
2026-06-24 23:41:40,253 INFO o.a.j.t.JMeterThread: Thread started: Test member Java 1-260
2026-06-24 23:41:40,258 INFO o.a.j.t.JMeterThread: Thread started: Test member Java 1-261
2026-06-24 23:41:40,263 INFO o.a.j.t.JMeterThread: Thread started: Test member Java 1-262
2026-06-24 23:41:40,268 INFO o.a.j.t.JMeterThread: Thread started: Test member Java 1-263
2026-06-24 23:41:40,273 INFO o.a.j.t.JMeterThread: Thread started: Test member Java 1-264
2026-06-24 23:41:40,279 INFO o.a.j.t.JMeterThread: Thread started: Test member Java 1-265
2026-06-24 23:41:40,285 INFO o.a.j.t.JMeterThread: Thread started: Test member Java 1-266
2026-06-24 23:41:40,291 INFO o.a.j.t.JMeterThread: Thread started: Test member Java 1-267
2026-06-24 23:41:40,295 INFO o.a.j.t.JMeterThread: Thread started: Test member Java 1-268
2026-06-24 23:41:40,301 INFO o.a.j.t.JMeterThread: Thread started: Test member Java 1-269
2026-06-24 23:41:40,305 INFO o.a.j.t.JMeterThread: Thread started: Test member Java 1-270
2026-06-24 23:41:40,310 INFO o.a.j.t.JMeterThread: Thread started: Test member Java 1-271
2026-06-24 23:41:40,315 INFO o.a.j.t.JMeterThread: Thread started: Test member Java 1-272
2026-06-24 23:41:40,320 INFO o.a.j.t.JMeterThread: Thread started: Test member Java 1-273
2026-06-24 23:41:40,324 INFO o.a.j.t.JMeterThread: Thread started: Test member Java 1-274
2026-06-24 23:41:40,329 INFO o.a.j.t.JMeterThread: Thread started: Test member Java 1-275
2026-06-24 23:41:40,334 INFO o.a.j.t.JMeterThread: Thread started: Test member Java 1-276
2026-06-24 23:41:40,340 INFO o.a.j.t.JMeterThread: Thread started: Test member Java 1-277
2026-06-24 23:41:40,344 INFO o.a.j.t.JMeterThread: Thread started: Test member Java 1-278
2026-06-24 23:41:40,349 INFO o.a.j.t.JMeterThread: Thread started: Test member Java 1-279
2026-06-24 23:41:40,354 INFO o.a.j.t.JMeterThread: Thread started: Test member Java 1-280
2026-06-24 23:41:40,358 INFO o.a.j.t.JMeterThread: Thread started: Test member Java 1-281
2026-06-24 23:41:40,362 INFO o.a.j.t.JMeterThread: Thread started: Test member Java 1-282
2026-06-24 23:41:40,368 INFO o.a.j.t.JMeterThread: Thread started: Test member Java 1-283
2026-06-24 23:41:40,375 INFO o.a.j.t.JMeterThread: Thread started: Test member Java 1-284
2026-06-24 23:41:40,380 INFO o.a.j.t.JMeterThread: Thread started: Test member Java 1-285
2026-06-24 23:41:40,388 INFO o.a.j.t.JMeterThread: Thread started: Test member Java 1-286
2026-06-24 23:41:40,393 INFO o.a.j.t.JMeterThread: Thread started: Test member Java 1-287
2026-06-24 23:41:40,399 INFO o.a.j.t.JMeterThread: Thread started: Test member Java 1-288
2026-06-24 23:41:40,405 INFO o.a.j.t.JMeterThread: Thread started: Test member Java 1-289
2026-06-24 23:41:40,428 INFO o.a.j.t.JMeterThread: Thread started: Test member Java 1-290
2026-06-24 23:41:40,433 INFO o.a.j.t.JMeterThread: Thread started: Test member Java 1-291
2026-06-24 23:41:40,451 INFO o.a.j.t.JMeterThread: Thread started: Test member Java 1-294
2026-06-24 23:41:40,459 INFO o.a.j.t.JMeterThread: Thread started: Test member Java 1-295
2026-06-24 23:41:40,460 INFO o.a.j.t.JMeterThread: Thread started: Test member Java 1-292
2026-06-24 23:41:40,462 INFO o.a.j.t.JMeterThread: Thread started: Test member Java 1-296
2026-06-24 23:41:40,462 INFO o.a.j.t.JMeterThread: Thread started: Test member Java 1-293
2026-06-24 23:41:40,467 INFO o.a.j.t.JMeterThread: Thread started: Test member Java 1-297
2026-06-24 23:41:40,471 INFO o.a.j.t.JMeterThread: Thread started: Test member Java 1-298
2026-06-24 23:41:40,478 INFO o.a.j.t.JMeterThread: Thread started: Test member Java 1-299
2026-06-24 23:41:40,483 INFO o.a.j.t.JMeterThread: Thread started: Test member Java 1-300
2026-06-24 23:41:40,491 INFO o.a.j.t.JMeterThread: Thread started: Test member Java 1-301
2026-06-24 23:41:40,495 INFO o.a.j.t.JMeterThread: Thread started: Test member Java 1-302
2026-06-24 23:41:40,500 INFO o.a.j.t.JMeterThread: Thread started: Test member Java 1-303
2026-06-24 23:41:40,506 INFO o.a.j.t.JMeterThread: Thread started: Test member Java 1-304
2026-06-24 23:41:40,510 INFO o.a.j.t.JMeterThread: Thread started: Test member Java 1-305
2026-06-24 23:41:40,516 INFO o.a.j.t.JMeterThread: Thread started: Test member Java 1-306
2026-06-24 23:41:40,526 INFO o.a.j.t.JMeterThread: Thread started: Test member Java 1-307
2026-06-24 23:41:40,530 INFO o.a.j.t.JMeterThread: Thread started: Test member Java 1-308
2026-06-24 23:41:40,535 INFO o.a.j.t.JMeterThread: Thread started: Test member Java 1-309
2026-06-24 23:41:40,540 INFO o.a.j.t.JMeterThread: Thread started: Test member Java 1-310
2026-06-24 23:41:40,544 INFO o.a.j.t.JMeterThread: Thread started: Test member Java 1-311
2026-06-24 23:41:40,549 INFO o.a.j.t.JMeterThread: Thread started: Test member Java 1-312
2026-06-24 23:41:40,555 INFO o.a.j.t.JMeterThread: Thread started: Test member Java 1-313
2026-06-24 23:41:40,561 INFO o.a.j.t.JMeterThread: Thread started: Test member Java 1-314
2026-06-24 23:41:40,567 INFO o.a.j.t.JMeterThread: Thread started: Test member Java 1-315
2026-06-24 23:41:40,572 INFO o.a.j.t.JMeterThread: Thread started: Test member Java 1-316
2026-06-24 23:41:40,578 INFO o.a.j.t.JMeterThread: Thread started: Test member Java 1-317
2026-06-24 23:41:40,584 INFO o.a.j.t.JMeterThread: Thread started: Test member Java 1-318
2026-06-24 23:41:40,589 INFO o.a.j.t.JMeterThread: Thread started: Test member Java 1-319
2026-06-24 23:41:40,594 INFO o.a.j.t.JMeterThread: Thread started: Test member Java 1-320
2026-06-24 23:41:40,599 INFO o.a.j.t.JMeterThread: Thread started: Test member Java 1-321
2026-06-24 23:41:40,603 INFO o.a.j.t.JMeterThread: Thread started: Test member Java 1-322
2026-06-24 23:41:40,608 INFO o.a.j.t.JMeterThread: Thread started: Test member Java 1-323
2026-06-24 23:41:40,612 INFO o.a.j.t.JMeterThread: Thread started: Test member Java 1-324
2026-06-24 23:41:40,617 INFO o.a.j.t.JMeterThread: Thread started: Test member Java 1-325
2026-06-24 23:41:40,628 INFO o.a.j.t.JMeterThread: Thread started: Test member Java 1-326
2026-06-24 23:41:40,633 INFO o.a.j.t.JMeterThread: Thread started: Test member Java 1-327
2026-06-24 23:41:40,641 INFO o.a.j.t.JMeterThread: Thread started: Test member Java 1-328
2026-06-24 23:41:40,648 INFO o.a.j.t.JMeterThread: Thread started: Test member Java 1-329
2026-06-24 23:41:40,654 INFO o.a.j.t.JMeterThread: Thread started: Test member Java 1-330
2026-06-24 23:41:40,659 INFO o.a.j.t.JMeterThread: Thread started: Test member Java 1-331
2026-06-24 23:41:40,664 INFO o.a.j.t.JMeterThread: Thread started: Test member Java 1-332
2026-06-24 23:41:40,669 INFO o.a.j.t.JMeterThread: Thread started: Test member Java 1-333
2026-06-24 23:41:40,674 INFO o.a.j.t.JMeterThread: Thread started: Test member Java 1-334
2026-06-24 23:41:40,678 INFO o.a.j.t.JMeterThread: Thread started: Test member Java 1-335
2026-06-24 23:41:40,683 INFO o.a.j.t.JMeterThread: Thread started: Test member Java 1-336
2026-06-24 23:41:40,689 INFO o.a.j.t.JMeterThread: Thread started: Test member Java 1-337
2026-06-24 23:41:40,695 INFO o.a.j.t.JMeterThread: Thread started: Test member Java 1-338
2026-06-24 23:41:40,699 INFO o.a.j.t.JMeterThread: Thread started: Test member Java 1-339
2026-06-24 23:41:40,708 INFO o.a.j.t.JMeterThread: Thread started: Test member Java 1-340
2026-06-24 23:41:40,713 INFO o.a.j.t.JMeterThread: Thread started: Test member Java 1-341
2026-06-24 23:41:40,717 INFO o.a.j.t.JMeterThread: Thread started: Test member Java 1-342
2026-06-24 23:41:40,722 INFO o.a.j.t.JMeterThread: Thread started: Test member Java 1-343
2026-06-24 23:41:40,727 INFO o.a.j.t.JMeterThread: Thread started: Test member Java 1-344
2026-06-24 23:41:40,731 INFO o.a.j.t.JMeterThread: Thread started: Test member Java 1-345
2026-06-24 23:41:40,736 INFO o.a.j.t.JMeterThread: Thread started: Test member Java 1-346
2026-06-24 23:41:40,742 INFO o.a.j.t.JMeterThread: Thread started: Test member Java 1-347
2026-06-24 23:41:40,746 INFO o.a.j.t.JMeterThread: Thread started: Test member Java 1-348
2026-06-24 23:41:40,752 INFO o.a.j.t.JMeterThread: Thread started: Test member Java 1-349
2026-06-24 23:41:40,761 INFO o.a.j.t.JMeterThread: Thread started: Test member Java 1-350
2026-06-24 23:41:40,766 INFO o.a.j.t.JMeterThread: Thread started: Test member Java 1-351
2026-06-24 23:41:40,771 INFO o.a.j.t.JMeterThread: Thread started: Test member Java 1-352
2026-06-24 23:41:40,778 INFO o.a.j.t.JMeterThread: Thread started: Test member Java 1-353
2026-06-24 23:41:40,783 INFO o.a.j.t.JMeterThread: Thread started: Test member Java 1-354
2026-06-24 23:41:40,787 INFO o.a.j.t.JMeterThread: Thread started: Test member Java 1-355
2026-06-24 23:41:40,794 INFO o.a.j.t.JMeterThread: Thread started: Test member Java 1-356
2026-06-24 23:41:40,800 INFO o.a.j.t.JMeterThread: Thread started: Test member Java 1-357
2026-06-24 23:41:40,808 INFO o.a.j.t.JMeterThread: Thread started: Test member Java 1-358
2026-06-24 23:41:40,813 INFO o.a.j.t.JMeterThread: Thread started: Test member Java 1-359
2026-06-24 23:41:40,818 INFO o.a.j.t.JMeterThread: Thread started: Test member Java 1-360
2026-06-24 23:41:40,823 INFO o.a.j.t.JMeterThread: Thread started: Test member Java 1-361
2026-06-24 23:41:40,827 INFO o.a.j.t.JMeterThread: Thread started: Test member Java 1-362
2026-06-24 23:41:40,833 INFO o.a.j.t.JMeterThread: Thread started: Test member Java 1-363
2026-06-24 23:41:40,837 INFO o.a.j.t.JMeterThread: Thread started: Test member Java 1-364
2026-06-24 23:41:40,842 INFO o.a.j.t.JMeterThread: Thread started: Test member Java 1-365
2026-06-24 23:41:40,847 INFO o.a.j.t.JMeterThread: Thread started: Test member Java 1-366
2026-06-24 23:41:40,851 INFO o.a.j.t.JMeterThread: Thread started: Test member Java 1-367
2026-06-24 23:41:40,856 INFO o.a.j.t.JMeterThread: Thread started: Test member Java 1-368
2026-06-24 23:41:40,860 INFO o.a.j.t.JMeterThread: Thread started: Test member Java 1-369
2026-06-24 23:41:40,865 INFO o.a.j.t.JMeterThread: Thread started: Test member Java 1-370
2026-06-24 23:41:40,871 INFO o.a.j.t.JMeterThread: Thread started: Test member Java 1-371
2026-06-24 23:41:40,885 INFO o.a.j.t.JMeterThread: Thread started: Test member Java 1-372
2026-06-24 23:41:40,891 INFO o.a.j.t.JMeterThread: Thread started: Test member Java 1-373
2026-06-24 23:41:40,896 INFO o.a.j.t.JMeterThread: Thread started: Test member Java 1-374
2026-06-24 23:41:40,904 INFO o.a.j.t.JMeterThread: Thread started: Test member Java 1-375
2026-06-24 23:41:40,909 INFO o.a.j.t.JMeterThread: Thread started: Test member Java 1-376
2026-06-24 23:41:40,914 INFO o.a.j.t.JMeterThread: Thread started: Test member Java 1-377
2026-06-24 23:41:40,919 INFO o.a.j.t.JMeterThread: Thread started: Test member Java 1-378
2026-06-24 23:41:40,923 INFO o.a.j.t.JMeterThread: Thread started: Test member Java 1-379
2026-06-24 23:41:40,928 INFO o.a.j.t.JMeterThread: Thread started: Test member Java 1-380
2026-06-24 23:41:40,933 INFO o.a.j.t.JMeterThread: Thread started: Test member Java 1-381
2026-06-24 23:41:40,938 INFO o.a.j.t.JMeterThread: Thread started: Test member Java 1-382
2026-06-24 23:41:40,943 INFO o.a.j.t.JMeterThread: Thread started: Test member Java 1-383
2026-06-24 23:41:40,948 INFO o.a.j.t.JMeterThread: Thread started: Test member Java 1-384
2026-06-24 23:41:40,952 INFO o.a.j.t.JMeterThread: Thread started: Test member Java 1-385
2026-06-24 23:41:40,957 INFO o.a.j.t.JMeterThread: Thread started: Test member Java 1-386
2026-06-24 23:41:40,961 INFO o.a.j.t.JMeterThread: Thread started: Test member Java 1-387
2026-06-24 23:41:40,968 INFO o.a.j.t.JMeterThread: Thread started: Test member Java 1-388
2026-06-24 23:41:40,973 INFO o.a.j.t.JMeterThread: Thread started: Test member Java 1-389
2026-06-24 23:41:40,977 INFO o.a.j.t.JMeterThread: Thread started: Test member Java 1-390
2026-06-24 23:41:40,982 INFO o.a.j.t.JMeterThread: Thread started: Test member Java 1-391
2026-06-24 23:41:40,989 INFO o.a.j.t.JMeterThread: Thread started: Test member Java 1-392
2026-06-24 23:41:40,994 INFO o.a.j.t.JMeterThread: Thread started: Test member Java 1-393
2026-06-24 23:41:40,999 INFO o.a.j.t.JMeterThread: Thread started: Test member Java 1-394
2026-06-24 23:41:41,005 INFO o.a.j.t.JMeterThread: Thread started: Test member Java 1-395
2026-06-24 23:41:41,008 INFO o.a.j.t.JMeterThread: Thread started: Test member Java 1-396
2026-06-24 23:41:41,014 INFO o.a.j.t.JMeterThread: Thread started: Test member Java 1-397
2026-06-24 23:41:41,018 INFO o.a.j.t.JMeterThread: Thread started: Test member Java 1-398
2026-06-24 23:41:41,022 INFO o.a.j.t.JMeterThread: Thread started: Test member Java 1-399
2026-06-24 23:41:41,027 INFO o.a.j.t.JMeterThread: Thread started: Test member Java 1-400
2026-06-24 23:41:41,032 INFO o.a.j.t.JMeterThread: Thread started: Test member Java 1-401
2026-06-24 23:41:41,038 INFO o.a.j.t.JMeterThread: Thread started: Test member Java 1-402
2026-06-24 23:41:41,042 INFO o.a.j.t.JMeterThread: Thread started: Test member Java 1-403
2026-06-24 23:41:41,049 INFO o.a.j.t.JMeterThread: Thread started: Test member Java 1-404
2026-06-24 23:41:41,053 INFO o.a.j.t.JMeterThread: Thread started: Test member Java 1-405
2026-06-24 23:41:41,059 INFO o.a.j.t.JMeterThread: Thread started: Test member Java 1-406
2026-06-24 23:41:41,064 INFO o.a.j.t.JMeterThread: Thread started: Test member Java 1-407
2026-06-24 23:41:41,069 INFO o.a.j.t.JMeterThread: Thread started: Test member Java 1-408
2026-06-24 23:41:41,081 INFO o.a.j.t.JMeterThread: Thread started: Test member Java 1-409
2026-06-24 23:41:41,085 INFO o.a.j.t.JMeterThread: Thread started: Test member Java 1-410
2026-06-24 23:41:41,090 INFO o.a.j.t.JMeterThread: Thread started: Test member Java 1-411
2026-06-24 23:41:41,095 INFO o.a.j.t.JMeterThread: Thread started: Test member Java 1-412
2026-06-24 23:41:41,100 INFO o.a.j.t.JMeterThread: Thread started: Test member Java 1-413
2026-06-24 23:41:41,105 INFO o.a.j.t.JMeterThread: Thread started: Test member Java 1-414
2026-06-24 23:41:41,115 INFO o.a.j.t.JMeterThread: Thread started: Test member Java 1-415
2026-06-24 23:41:41,120 INFO o.a.j.t.JMeterThread: Thread started: Test member Java 1-416
2026-06-24 23:41:41,133 INFO o.a.j.t.JMeterThread: Thread started: Test member Java 1-417
2026-06-24 23:41:41,149 INFO o.a.j.t.JMeterThread: Thread started: Test member Java 1-418
2026-06-24 23:41:41,150 INFO o.a.j.t.JMeterThread: Thread started: Test member Java 1-420
2026-06-24 23:41:41,154 INFO o.a.j.t.JMeterThread: Thread started: Test member Java 1-419
2026-06-24 23:41:41,156 INFO o.a.j.t.JMeterThread: Thread started: Test member Java 1-421
2026-06-24 23:41:41,167 INFO o.a.j.t.JMeterThread: Thread started: Test member Java 1-422
2026-06-24 23:41:41,170 INFO o.a.j.t.JMeterThread: Thread started: Test member Java 1-423
2026-06-24 23:41:41,176 INFO o.a.j.t.JMeterThread: Thread started: Test member Java 1-424
2026-06-24 23:41:41,180 INFO o.a.j.t.JMeterThread: Thread started: Test member Java 1-425
2026-06-24 23:41:41,185 INFO o.a.j.t.JMeterThread: Thread started: Test member Java 1-426
2026-06-24 23:41:41,203 INFO o.a.j.t.JMeterThread: Thread started: Test member Java 1-427
2026-06-24 23:41:41,203 INFO o.a.j.t.JMeterThread: Thread started: Test member Java 1-428
2026-06-24 23:41:41,223 INFO o.a.j.t.JMeterThread: Thread started: Test member Java 1-429
2026-06-24 23:41:41,282 INFO o.a.j.t.JMeterThread: Thread started: Test member Java 1-430
2026-06-24 23:41:41,299 INFO o.a.j.t.JMeterThread: Thread started: Test member Java 1-431
2026-06-24 23:41:41,304 INFO o.a.j.t.JMeterThread: Thread started: Test member Java 1-432
2026-06-24 23:41:41,318 INFO o.a.j.t.JMeterThread: Thread started: Test member Java 1-433
2026-06-24 23:41:41,337 INFO o.a.j.t.JMeterThread: Thread started: Test member Java 1-434
2026-06-24 23:41:41,367 INFO o.a.j.t.JMeterThread: Thread started: Test member Java 1-435
2026-06-24 23:41:41,388 INFO o.a.j.t.JMeterThread: Thread started: Test member Java 1-436
2026-06-24 23:41:41,457 INFO o.a.j.t.JMeterThread: Thread started: Test member Java 1-437
2026-06-24 23:41:41,466 INFO o.a.j.t.JMeterThread: Thread started: Test member Java 1-438
2026-06-24 23:41:41,492 INFO o.a.j.t.JMeterThread: Thread started: Test member Java 1-439
2026-06-24 23:41:41,515 INFO o.a.j.t.JMeterThread: Thread started: Test member Java 1-440
2026-06-24 23:41:41,525 INFO o.a.j.t.JMeterThread: Thread started: Test member Java 1-441
2026-06-24 23:41:41,534 INFO o.a.j.t.JMeterThread: Thread started: Test member Java 1-442
2026-06-24 23:41:41,551 INFO o.a.j.t.JMeterThread: Thread started: Test member Java 1-443
2026-06-24 23:41:41,568 INFO o.a.j.t.JMeterThread: Thread started: Test member Java 1-444
2026-06-24 23:41:41,575 INFO o.a.j.t.JMeterThread: Thread started: Test member Java 1-445
2026-06-24 23:41:41,594 INFO o.a.j.t.JMeterThread: Thread started: Test member Java 1-446
2026-06-24 23:41:41,614 INFO o.a.j.t.JMeterThread: Thread started: Test member Java 1-447
2026-06-24 23:41:41,626 INFO o.a.j.t.JMeterThread: Thread started: Test member Java 1-448
2026-06-24 23:41:41,636 INFO o.a.j.t.JMeterThread: Thread started: Test member Java 1-449
2026-06-24 23:41:41,648 INFO o.a.j.t.JMeterThread: Thread started: Test member Java 1-450
2026-06-24 23:41:41,656 INFO o.a.j.t.JMeterThread: Thread started: Test member Java 1-451
2026-06-24 23:41:41,666 INFO o.a.j.t.JMeterThread: Thread started: Test member Java 1-452
2026-06-24 23:41:41,679 INFO o.a.j.t.JMeterThread: Thread started: Test member Java 1-453
2026-06-24 23:41:41,691 INFO o.a.j.t.JMeterThread: Thread started: Test member Java 1-454
2026-06-24 23:41:41,713 INFO o.a.j.t.JMeterThread: Thread started: Test member Java 1-455
2026-06-24 23:41:41,733 INFO o.a.j.t.JMeterThread: Thread started: Test member Java 1-456
2026-06-24 23:41:41,744 INFO o.a.j.t.JMeterThread: Thread started: Test member Java 1-457
2026-06-24 23:41:41,766 INFO o.a.j.t.JMeterThread: Thread started: Test member Java 1-458
2026-06-24 23:41:41,776 INFO o.a.j.t.JMeterThread: Thread started: Test member Java 1-459
2026-06-24 23:41:41,793 INFO o.a.j.t.JMeterThread: Thread started: Test member Java 1-460
2026-06-24 23:41:41,812 INFO o.a.j.t.JMeterThread: Thread started: Test member Java 1-461
2026-06-24 23:41:41,828 INFO o.a.j.t.JMeterThread: Thread started: Test member Java 1-462
2026-06-24 23:41:41,846 INFO o.a.j.t.JMeterThread: Thread started: Test member Java 1-463
2026-06-24 23:41:41,868 INFO o.a.j.t.JMeterThread: Thread started: Test member Java 1-464
2026-06-24 23:41:41,879 INFO o.a.j.t.JMeterThread: Thread started: Test member Java 1-465
2026-06-24 23:41:41,895 INFO o.a.j.t.JMeterThread: Thread started: Test member Java 1-466
2026-06-24 23:41:41,915 INFO o.a.j.t.JMeterThread: Thread started: Test member Java 1-467
2026-06-24 23:41:41,936 INFO o.a.j.t.JMeterThread: Thread started: Test member Java 1-468
2026-06-24 23:41:41,949 INFO o.a.j.t.JMeterThread: Thread started: Test member Java 1-469
2026-06-24 23:41:41,967 INFO o.a.j.t.JMeterThread: Thread started: Test member Java 1-470
2026-06-24 23:41:41,985 INFO o.a.j.t.JMeterThread: Thread started: Test member Java 1-471
2026-06-24 23:41:42,001 INFO o.a.j.t.JMeterThread: Thread started: Test member Java 1-472
2026-06-24 23:41:42,015 INFO o.a.j.t.JMeterThread: Thread started: Test member Java 1-473
2026-06-24 23:41:42,032 INFO o.a.j.t.JMeterThread: Thread started: Test member Java 1-474
2026-06-24 23:41:42,043 INFO o.a.j.t.JMeterThread: Thread started: Test member Java 1-475
2026-06-24 23:41:42,064 INFO o.a.j.t.JMeterThread: Thread started: Test member Java 1-476
2026-06-24 23:41:42,079 INFO o.a.j.t.JMeterThread: Thread started: Test member Java 1-477
2026-06-24 23:41:42,093 INFO o.a.j.t.JMeterThread: Thread started: Test member Java 1-478
2026-06-24 23:41:42,105 INFO o.a.j.t.JMeterThread: Thread started: Test member Java 1-479
2026-06-24 23:41:42,124 INFO o.a.j.t.JMeterThread: Thread started: Test member Java 1-480
2026-06-24 23:41:42,132 INFO o.a.j.t.JMeterThread: Thread started: Test member Java 1-481
2026-06-24 23:41:42,147 INFO o.a.j.t.JMeterThread: Thread started: Test member Java 1-482
2026-06-24 23:41:42,158 INFO o.a.j.t.JMeterThread: Thread started: Test member Java 1-483
2026-06-24 23:41:42,182 INFO o.a.j.t.JMeterThread: Thread started: Test member Java 1-484
2026-06-24 23:41:42,197 INFO o.a.j.t.JMeterThread: Thread started: Test member Java 1-485
2026-06-24 23:41:42,211 INFO o.a.j.t.JMeterThread: Thread started: Test member Java 1-486
2026-06-24 23:41:42,229 INFO o.a.j.t.JMeterThread: Thread started: Test member Java 1-487
2026-06-24 23:41:42,241 INFO o.a.j.t.JMeterThread: Thread started: Test member Java 1-488
2026-06-24 23:41:42,265 INFO o.a.j.t.JMeterThread: Thread started: Test member Java 1-489
2026-06-24 23:41:42,282 INFO o.a.j.t.JMeterThread: Thread started: Test member Java 1-490
2026-06-24 23:41:42,302 INFO o.a.j.t.JMeterThread: Thread started: Test member Java 1-491
2026-06-24 23:41:42,337 INFO o.a.j.t.JMeterThread: Thread started: Test member Java 1-492
2026-06-24 23:41:42,344 INFO o.a.j.t.JMeterThread: Thread started: Test member Java 1-493
2026-06-24 23:41:42,354 INFO o.a.j.t.JMeterThread: Thread started: Test member Java 1-494
2026-06-24 23:41:42,367 INFO o.a.j.t.JMeterThread: Thread started: Test member Java 1-495
2026-06-24 23:41:42,401 INFO o.a.j.t.JMeterThread: Thread started: Test member Java 1-496
2026-06-24 23:41:42,419 INFO o.a.j.t.JMeterThread: Thread started: Test member Java 1-497
2026-06-24 23:41:42,446 INFO o.a.j.t.JMeterThread: Thread started: Test member Java 1-498
2026-06-24 23:41:42,476 INFO o.a.j.t.JMeterThread: Thread started: Test member Java 1-499
2026-06-24 23:41:42,490 INFO o.a.j.t.JMeterThread: Thread started: Test member Java 1-500
2026-06-24 23:41:42,502 INFO o.a.j.t.JMeterThread: Thread started: Test member Java 1-501
2026-06-24 23:41:42,516 INFO o.a.j.t.JMeterThread: Thread started: Test member Java 1-502
2026-06-24 23:41:42,526 INFO o.a.j.t.JMeterThread: Thread started: Test member Java 1-503
2026-06-24 23:41:42,540 INFO o.a.j.t.JMeterThread: Thread started: Test member Java 1-504
2026-06-24 23:41:42,558 INFO o.a.j.t.JMeterThread: Thread started: Test member Java 1-505
2026-06-24 23:41:42,577 INFO o.a.j.t.JMeterThread: Thread started: Test member Java 1-506
2026-06-24 23:41:42,589 INFO o.a.j.t.JMeterThread: Thread started: Test member Java 1-507
2026-06-24 23:41:42,605 INFO o.a.j.t.JMeterThread: Thread started: Test member Java 1-508
2026-06-24 23:41:42,625 INFO o.a.j.t.JMeterThread: Thread started: Test member Java 1-509
2026-06-24 23:41:42,641 INFO o.a.j.t.JMeterThread: Thread started: Test member Java 1-510
2026-06-24 23:41:42,658 INFO o.a.j.t.JMeterThread: Thread started: Test member Java 1-511
2026-06-24 23:41:42,658 INFO o.a.j.t.JMeterThread: Thread started: Test member Java 1-512
2026-06-24 23:41:42,680 INFO o.a.j.t.JMeterThread: Thread started: Test member Java 1-513
2026-06-24 23:41:42,690 INFO o.a.j.t.JMeterThread: Thread started: Test member Java 1-514
2026-06-24 23:41:42,709 INFO o.a.j.t.JMeterThread: Thread started: Test member Java 1-515
2026-06-24 23:41:42,725 INFO o.a.j.t.JMeterThread: Thread started: Test member Java 1-516
2026-06-24 23:41:42,745 INFO o.a.j.t.JMeterThread: Thread started: Test member Java 1-517
2026-06-24 23:41:42,758 INFO o.a.j.t.JMeterThread: Thread started: Test member Java 1-518
2026-06-24 23:41:42,779 INFO o.a.j.t.JMeterThread: Thread started: Test member Java 1-519
2026-06-24 23:41:42,799 INFO o.a.j.t.JMeterThread: Thread started: Test member Java 1-520
2026-06-24 23:41:42,815 INFO o.a.j.t.JMeterThread: Thread started: Test member Java 1-521
2026-06-24 23:41:42,826 INFO o.a.j.t.JMeterThread: Thread started: Test member Java 1-522
2026-06-24 23:41:42,842 INFO o.a.j.t.JMeterThread: Thread started: Test member Java 1-523
2026-06-24 23:41:42,863 INFO o.a.j.t.JMeterThread: Thread started: Test member Java 1-524
2026-06-24 23:41:42,877 INFO o.a.j.t.JMeterThread: Thread started: Test member Java 1-525
2026-06-24 23:41:42,895 INFO o.a.j.t.JMeterThread: Thread started: Test member Java 1-526
2026-06-24 23:41:42,908 INFO o.a.j.t.JMeterThread: Thread started: Test member Java 1-527
2026-06-24 23:41:42,925 INFO o.a.j.t.JMeterThread: Thread started: Test member Java 1-528
2026-06-24 23:41:42,939 INFO o.a.j.t.JMeterThread: Thread started: Test member Java 1-529
2026-06-24 23:41:42,957 INFO o.a.j.t.JMeterThread: Thread started: Test member Java 1-530
2026-06-24 23:41:42,973 INFO o.a.j.t.JMeterThread: Thread started: Test member Java 1-531
2026-06-24 23:41:42,993 INFO o.a.j.t.JMeterThread: Thread started: Test member Java 1-532
2026-06-24 23:41:43,010 INFO o.a.j.t.JMeterThread: Thread started: Test member Java 1-533
2026-06-24 23:41:43,027 INFO o.a.j.t.JMeterThread: Thread started: Test member Java 1-534
2026-06-24 23:41:43,039 INFO o.a.j.t.JMeterThread: Thread started: Test member Java 1-535
2026-06-24 23:41:43,054 INFO o.a.j.t.JMeterThread: Thread started: Test member Java 1-536
2026-06-24 23:41:43,060 INFO o.a.j.t.JMeterThread: Thread started: Test member Java 1-537
2026-06-24 23:41:43,078 INFO o.a.j.t.JMeterThread: Thread started: Test member Java 1-538
2026-06-24 23:41:43,092 INFO o.a.j.t.JMeterThread: Thread started: Test member Java 1-539
2026-06-24 23:41:43,113 INFO o.a.j.t.JMeterThread: Thread started: Test member Java 1-540
2026-06-24 23:41:43,128 INFO o.a.j.t.JMeterThread: Thread started: Test member Java 1-541
2026-06-24 23:41:43,143 INFO o.a.j.t.JMeterThread: Thread started: Test member Java 1-542
2026-06-24 23:41:43,178 INFO o.a.j.t.JMeterThread: Thread started: Test member Java 1-543
2026-06-24 23:41:43,200 INFO o.a.j.t.JMeterThread: Thread started: Test member Java 1-544
2026-06-24 23:41:43,216 INFO o.a.j.t.JMeterThread: Thread started: Test member Java 1-545
2026-06-24 23:41:43,234 INFO o.a.j.t.JMeterThread: Thread started: Test member Java 1-546
2026-06-24 23:41:43,250 INFO o.a.j.t.JMeterThread: Thread started: Test member Java 1-547
2026-06-24 23:41:43,266 INFO o.a.j.t.JMeterThread: Thread started: Test member Java 1-548
2026-06-24 23:41:43,284 INFO o.a.j.t.JMeterThread: Thread started: Test member Java 1-549
2026-06-24 23:41:43,290 INFO o.a.j.t.JMeterThread: Thread started: Test member Java 1-550
2026-06-24 23:41:43,300 INFO o.a.j.t.JMeterThread: Thread started: Test member Java 1-551
2026-06-24 23:41:43,304 INFO o.a.j.t.JMeterThread: Thread started: Test member Java 1-552
2026-06-24 23:41:43,329 INFO o.a.j.t.JMeterThread: Thread started: Test member Java 1-553
2026-06-24 23:41:43,343 INFO o.a.j.t.JMeterThread: Thread started: Test member Java 1-554
2026-06-24 23:41:43,347 INFO o.a.j.t.JMeterThread: Thread started: Test member Java 1-555
2026-06-24 23:41:43,349 INFO o.a.j.t.JMeterThread: Thread started: Test member Java 1-558
2026-06-24 23:41:43,351 INFO o.a.j.t.JMeterThread: Thread started: Test member Java 1-556
2026-06-24 23:41:43,352 INFO o.a.j.t.JMeterThread: Thread started: Test member Java 1-560
2026-06-24 23:41:43,352 INFO o.a.j.t.JMeterThread: Thread started: Test member Java 1-559
2026-06-24 23:41:43,352 INFO o.a.j.t.JMeterThread: Thread started: Test member Java 1-561
2026-06-24 23:41:43,353 INFO o.a.j.t.JMeterThread: Thread started: Test member Java 1-562
2026-06-24 23:41:43,354 INFO o.a.j.t.JMeterThread: Thread started: Test member Java 1-557
2026-06-24 23:41:43,362 INFO o.a.j.t.JMeterThread: Thread started: Test member Java 1-566
2026-06-24 23:41:43,362 INFO o.a.j.t.JMeterThread: Thread started: Test member Java 1-563
2026-06-24 23:41:43,371 INFO o.a.j.t.JMeterThread: Thread started: Test member Java 1-567
2026-06-24 23:41:43,371 INFO o.a.j.t.JMeterThread: Thread started: Test member Java 1-570
2026-06-24 23:41:43,375 INFO o.a.j.t.JMeterThread: Thread started: Test member Java 1-565
2026-06-24 23:41:43,377 INFO o.a.j.t.JMeterThread: Thread started: Test member Java 1-569
2026-06-24 23:41:43,377 INFO o.a.j.t.JMeterThread: Thread started: Test member Java 1-568
2026-06-24 23:41:43,379 INFO o.a.j.t.JMeterThread: Thread started: Test member Java 1-574
2026-06-24 23:41:43,379 INFO o.a.j.t.JMeterThread: Thread started: Test member Java 1-571
2026-06-24 23:41:43,380 INFO o.a.j.t.JMeterThread: Thread started: Test member Java 1-575
2026-06-24 23:41:43,384 INFO o.a.j.t.JMeterThread: Thread started: Test member Java 1-578
2026-06-24 23:41:43,384 INFO o.a.j.t.JMeterThread: Thread started: Test member Java 1-579
2026-06-24 23:41:43,385 INFO o.a.j.t.JMeterThread: Thread started: Test member Java 1-572
2026-06-24 23:41:43,386 INFO o.a.j.t.JMeterThread: Thread started: Test member Java 1-582
2026-06-24 23:41:43,386 INFO o.a.j.t.JMeterThread: Thread started: Test member Java 1-564
2026-06-24 23:41:43,386 INFO o.a.j.t.JMeterThread: Thread started: Test member Java 1-583
2026-06-24 23:41:43,387 INFO o.a.j.t.JMeterThread: Thread started: Test member Java 1-576
2026-06-24 23:41:43,387 INFO o.a.j.t.JMeterThread: Thread started: Test member Java 1-577
2026-06-24 23:41:43,387 INFO o.a.j.t.JMeterThread: Thread started: Test member Java 1-580
2026-06-24 23:41:43,387 INFO o.a.j.t.JMeterThread: Thread started: Test member Java 1-581
2026-06-24 23:41:43,388 INFO o.a.j.t.JMeterThread: Thread started: Test member Java 1-573
2026-06-24 23:41:43,388 INFO o.a.j.t.JMeterThread: Thread started: Test member Java 1-584
2026-06-24 23:41:43,388 INFO o.a.j.t.JMeterThread: Thread started: Test member Java 1-586
2026-06-24 23:41:43,388 INFO o.a.j.t.JMeterThread: Thread started: Test member Java 1-587
2026-06-24 23:41:43,389 INFO o.a.j.t.JMeterThread: Thread started: Test member Java 1-590
2026-06-24 23:41:43,389 INFO o.a.j.t.JMeterThread: Thread started: Test member Java 1-585
2026-06-24 23:41:43,389 INFO o.a.j.t.JMeterThread: Thread started: Test member Java 1-588
2026-06-24 23:41:43,390 INFO o.a.j.t.JMeterThread: Thread started: Test member Java 1-589
2026-06-24 23:41:43,397 INFO o.a.j.t.JMeterThread: Thread started: Test member Java 1-591
2026-06-24 23:41:43,398 INFO o.a.j.t.JMeterThread: Thread started: Test member Java 1-594
2026-06-24 23:41:43,400 INFO o.a.j.t.JMeterThread: Thread started: Test member Java 1-592
2026-06-24 23:41:43,400 INFO o.a.j.t.JMeterThread: Thread started: Test member Java 1-593
2026-06-24 23:41:43,403 INFO o.a.j.t.JMeterThread: Thread started: Test member Java 1-595
2026-06-24 23:41:43,408 INFO o.a.j.t.JMeterThread: Thread started: Test member Java 1-598
2026-06-24 23:41:43,410 INFO o.a.j.t.JMeterThread: Thread started: Test member Java 1-599
2026-06-24 23:41:43,414 INFO o.a.j.t.JMeterThread: Thread started: Test member Java 1-596
2026-06-24 23:41:43,416 INFO o.a.j.t.JMeterThread: Thread started: Test member Java 1-597
2026-06-24 23:41:43,416 INFO o.a.j.t.JMeterThread: Thread started: Test member Java 1-602
2026-06-24 23:41:43,416 INFO o.a.j.t.JMeterThread: Thread started: Test member Java 1-600
2026-06-24 23:41:43,419 INFO o.a.j.t.JMeterThread: Thread started: Test member Java 1-603
2026-06-24 23:41:43,423 INFO o.a.j.t.JMeterThread: Thread started: Test member Java 1-604
2026-06-24 23:41:43,427 INFO o.a.j.t.JMeterThread: Thread started: Test member Java 1-605
2026-06-24 23:41:43,427 INFO o.a.j.t.JMeterThread: Thread started: Test member Java 1-601
2026-06-24 23:41:43,429 INFO o.a.j.t.JMeterThread: Thread started: Test member Java 1-606
2026-06-24 23:41:43,433 INFO o.a.j.t.JMeterThread: Thread started: Test member Java 1-607
2026-06-24 23:41:43,433 INFO o.a.j.t.JMeterThread: Thread started: Test member Java 1-608
2026-06-24 23:41:43,440 INFO o.a.j.t.JMeterThread: Thread started: Test member Java 1-610
2026-06-24 23:41:43,443 INFO o.a.j.t.JMeterThread: Thread started: Test member Java 1-611
2026-06-24 23:41:43,442 INFO o.a.j.t.JMeterThread: Thread started: Test member Java 1-614
2026-06-24 23:41:43,443 INFO o.a.j.t.JMeterThread: Thread started: Test member Java 1-615
2026-06-24 23:41:43,443 INFO o.a.j.t.JMeterThread: Thread started: Test member Java 1-609
2026-06-24 23:41:43,443 INFO o.a.j.t.JMeterThread: Thread started: Test member Java 1-612
2026-06-24 23:41:43,444 INFO o.a.j.t.JMeterThread: Thread started: Test member Java 1-613
2026-06-24 23:41:43,445 INFO o.a.j.t.JMeterThread: Thread started: Test member Java 1-616
2026-06-24 23:41:43,445 INFO o.a.j.t.JMeterThread: Thread started: Test member Java 1-617
2026-06-24 23:41:43,449 INFO o.a.j.t.JMeterThread: Thread started: Test member Java 1-618
2026-06-24 23:41:43,451 INFO o.a.j.t.JMeterThread: Thread started: Test member Java 1-622
2026-06-24 23:41:43,452 INFO o.a.j.t.JMeterThread: Thread started: Test member Java 1-623
2026-06-24 23:41:43,456 INFO o.a.j.t.JMeterThread: Thread started: Test member Java 1-619
2026-06-24 23:41:43,458 INFO o.a.j.t.JMeterThread: Thread started: Test member Java 1-620
2026-06-24 23:41:43,460 INFO o.a.j.t.JMeterThread: Thread started: Test member Java 1-624
2026-06-24 23:41:43,467 INFO o.a.j.t.JMeterThread: Thread started: Test member Java 1-621
2026-06-24 23:41:43,469 INFO o.a.j.t.JMeterThread: Thread started: Test member Java 1-625
2026-06-24 23:41:43,470 INFO o.a.j.t.JMeterThread: Thread started: Test member Java 1-640
2026-06-24 23:41:43,470 INFO o.a.j.t.JMeterThread: Thread started: Test member Java 1-630
2026-06-24 23:41:43,471 INFO o.a.j.t.JMeterThread: Thread started: Test member Java 1-631
2026-06-24 23:41:43,473 INFO o.a.j.t.JMeterThread: Thread started: Test member Java 1-635
2026-06-24 23:41:43,473 INFO o.a.j.t.JMeterThread: Thread started: Test member Java 1-628
2026-06-24 23:41:43,473 INFO o.a.j.t.JMeterThread: Thread started: Test member Java 1-632
2026-06-24 23:41:43,473 INFO o.a.j.t.JMeterThread: Thread started: Test member Java 1-629
2026-06-24 23:41:43,473 INFO o.a.j.t.JMeterThread: Thread started: Test member Java 1-638
2026-06-24 23:41:43,473 INFO o.a.j.t.JMeterThread: Thread started: Test member Java 1-633
2026-06-24 23:41:43,474 INFO o.a.j.t.JMeterThread: Thread started: Test member Java 1-636
2026-06-24 23:41:43,474 INFO o.a.j.t.JMeterThread: Thread started: Test member Java 1-637
2026-06-24 23:41:43,474 INFO o.a.j.t.JMeterThread: Thread started: Test member Java 1-627
2026-06-24 23:41:43,475 INFO o.a.j.t.JMeterThread: Thread started: Test member Java 1-634
2026-06-24 23:41:43,476 INFO o.a.j.t.JMeterThread: Thread started: Test member Java 1-639
2026-06-24 23:41:43,476 INFO o.a.j.t.JMeterThread: Thread started: Test member Java 1-626
2026-06-24 23:41:43,482 INFO o.a.j.t.JMeterThread: Thread started: Test member Java 1-641
2026-06-24 23:41:43,482 INFO o.a.j.t.JMeterThread: Thread started: Test member Java 1-642
2026-06-24 23:41:43,482 INFO o.a.j.t.JMeterThread: Thread started: Test member Java 1-643
2026-06-24 23:41:43,489 INFO o.a.j.t.JMeterThread: Thread started: Test member Java 1-644
2026-06-24 23:41:43,491 INFO o.a.j.t.JMeterThread: Thread started: Test member Java 1-645
2026-06-24 23:41:43,492 INFO o.a.j.t.JMeterThread: Thread started: Test member Java 1-646
2026-06-24 23:41:43,493 INFO o.a.j.t.JMeterThread: Thread started: Test member Java 1-650
2026-06-24 23:41:43,492 INFO o.a.j.t.JMeterThread: Thread started: Test member Java 1-647
2026-06-24 23:41:43,494 INFO o.a.j.t.JMeterThread: Thread started: Test member Java 1-651
2026-06-24 23:41:43,499 INFO o.a.j.t.JMeterThread: Thread started: Test member Java 1-649
2026-06-24 23:41:43,499 INFO o.a.j.t.JMeterThread: Thread started: Test member Java 1-648
2026-06-24 23:41:43,500 INFO o.a.j.t.JMeterThread: Thread started: Test member Java 1-654
2026-06-24 23:41:43,501 INFO o.a.j.t.JMeterThread: Thread started: Test member Java 1-655
2026-06-24 23:41:43,501 INFO o.a.j.t.JMeterThread: Thread started: Test member Java 1-658
2026-06-24 23:41:43,504 INFO o.a.j.t.JMeterThread: Thread started: Test member Java 1-662
2026-06-24 23:41:43,504 INFO o.a.j.t.JMeterThread: Thread started: Test member Java 1-653
2026-06-24 23:41:43,504 INFO o.a.j.t.JMeterThread: Thread started: Test member Java 1-667
2026-06-24 23:41:43,504 INFO o.a.j.t.JMeterThread: Thread started: Test member Java 1-666
2026-06-24 23:41:43,504 INFO o.a.j.t.JMeterThread: Thread started: Test member Java 1-663
2026-06-24 23:41:43,506 INFO o.a.j.t.JMeterThread: Thread started: Test member Java 1-657
2026-06-24 23:41:43,506 INFO o.a.j.t.JMeterThread: Thread started: Test member Java 1-659
2026-06-24 23:41:43,506 INFO o.a.j.t.JMeterThread: Thread started: Test member Java 1-661
2026-06-24 23:41:43,506 INFO o.a.j.t.JMeterThread: Thread started: Test member Java 1-664
2026-06-24 23:41:43,506 INFO o.a.j.t.JMeterThread: Thread started: Test member Java 1-665
2026-06-24 23:41:43,506 INFO o.a.j.t.JMeterThread: Thread started: Test member Java 1-660
2026-06-24 23:41:43,506 INFO o.a.j.t.JMeterThread: Thread started: Test member Java 1-656
2026-06-24 23:41:43,508 INFO o.a.j.t.JMeterThread: Thread started: Test member Java 1-652
2026-06-24 23:41:43,514 INFO o.a.j.t.JMeterThread: Thread started: Test member Java 1-670
2026-06-24 23:41:43,514 INFO o.a.j.t.JMeterThread: Thread started: Test member Java 1-671
2026-06-24 23:41:43,516 INFO o.a.j.t.JMeterThread: Thread started: Test member Java 1-668
2026-06-24 23:41:43,522 INFO o.a.j.t.JMeterThread: Thread started: Test member Java 1-674
2026-06-24 23:41:43,524 INFO o.a.j.t.JMeterThread: Thread started: Test member Java 1-675
2026-06-24 23:41:43,526 INFO o.a.j.t.JMeterThread: Thread started: Test member Java 1-672
2026-06-24 23:41:43,530 INFO o.a.j.t.JMeterThread: Thread started: Test member Java 1-673
2026-06-24 23:41:43,530 INFO o.a.j.t.JMeterThread: Thread started: Test member Java 1-679
2026-06-24 23:41:43,530 INFO o.a.j.t.JMeterThread: Thread started: Test member Java 1-669
2026-06-24 23:41:43,530 INFO o.a.j.t.JMeterThread: Thread started: Test member Java 1-676
2026-06-24 23:41:43,530 INFO o.a.j.t.JMeterThread: Thread started: Test member Java 1-677
2026-06-24 23:41:43,532 INFO o.a.j.t.JMeterThread: Thread started: Test member Java 1-678
2026-06-24 23:41:43,540 INFO o.a.j.t.JMeterThread: Thread started: Test member Java 1-683
2026-06-24 23:41:43,540 INFO o.a.j.t.JMeterThread: Thread started: Test member Java 1-686
2026-06-24 23:41:43,540 INFO o.a.j.t.JMeterThread: Thread started: Test member Java 1-687
2026-06-24 23:41:43,540 INFO o.a.j.t.JMeterThread: Thread started: Test member Java 1-680
2026-06-24 23:41:43,540 INFO o.a.j.t.JMeterThread: Thread started: Test member Java 1-681
2026-06-24 23:41:43,540 INFO o.a.j.t.JMeterThread: Thread started: Test member Java 1-682
2026-06-24 23:41:43,542 INFO o.a.j.t.JMeterThread: Thread started: Test member Java 1-685
2026-06-24 23:41:43,542 INFO o.a.j.t.JMeterThread: Thread started: Test member Java 1-684
2026-06-24 23:41:43,550 INFO o.a.j.t.JMeterThread: Thread started: Test member Java 1-688
2026-06-24 23:41:43,554 INFO o.a.j.t.JMeterThread: Thread started: Test member Java 1-689
2026-06-24 23:41:43,555 INFO o.a.j.t.JMeterThread: Thread started: Test member Java 1-693
2026-06-24 23:41:43,555 INFO o.a.j.t.JMeterThread: Thread started: Test member Java 1-691
2026-06-24 23:41:43,555 INFO o.a.j.t.JMeterThread: Thread started: Test member Java 1-692
2026-06-24 23:41:43,555 INFO o.a.j.t.JMeterThread: Thread started: Test member Java 1-690
2026-06-24 23:41:43,559 INFO o.a.j.t.JMeterThread: Thread started: Test member Java 1-694
2026-06-24 23:41:43,570 INFO o.a.j.t.JMeterThread: Thread started: Test member Java 1-696
2026-06-24 23:41:43,572 INFO o.a.j.t.JMeterThread: Thread started: Test member Java 1-697
2026-06-24 23:41:43,573 INFO o.a.j.t.JMeterThread: Thread started: Test member Java 1-695
2026-06-24 23:41:43,576 INFO o.a.j.t.JMeterThread: Thread started: Test member Java 1-700
2026-06-24 23:41:43,578 INFO o.a.j.t.JMeterThread: Thread started: Test member Java 1-698
2026-06-24 23:41:43,580 INFO o.a.j.t.JMeterThread: Thread started: Test member Java 1-699
2026-06-24 23:41:43,582 INFO o.a.j.t.JMeterThread: Thread started: Test member Java 1-701
2026-06-24 23:41:43,585 INFO o.a.j.t.JMeterThread: Thread started: Test member Java 1-704
2026-06-24 23:41:43,587 INFO o.a.j.t.JMeterThread: Thread started: Test member Java 1-705
2026-06-24 23:41:43,591 INFO o.a.j.t.JMeterThread: Thread started: Test member Java 1-702
2026-06-24 23:41:43,592 INFO o.a.j.t.JMeterThread: Thread started: Test member Java 1-708
2026-06-24 23:41:43,592 INFO o.a.j.t.JMeterThread: Thread started: Test member Java 1-706
2026-06-24 23:41:43,592 INFO o.a.j.t.JMeterThread: Thread started: Test member Java 1-710
2026-06-24 23:41:43,592 INFO o.a.j.t.JMeterThread: Thread started: Test member Java 1-703
2026-06-24 23:41:43,592 INFO o.a.j.t.JMeterThread: Thread started: Test member Java 1-711
2026-06-24 23:41:43,592 INFO o.a.j.t.JMeterThread: Thread started: Test member Java 1-709
2026-06-24 23:41:43,592 INFO o.a.j.t.JMeterThread: Thread started: Test member Java 1-712
2026-06-24 23:41:43,592 INFO o.a.j.t.JMeterThread: Thread started: Test member Java 1-707
2026-06-24 23:41:43,592 INFO o.a.j.t.JMeterThread: Thread started: Test member Java 1-713
2026-06-24 23:41:43,594 INFO o.a.j.t.JMeterThread: Thread started: Test member Java 1-714
2026-06-24 23:41:43,600 INFO o.a.j.t.JMeterThread: Thread started: Test member Java 1-715
2026-06-24 23:41:43,607 INFO o.a.j.t.JMeterThread: Thread started: Test member Java 1-719
2026-06-24 23:41:43,607 INFO o.a.j.t.JMeterThread: Thread started: Test member Java 1-718
2026-06-24 23:41:43,609 INFO o.a.j.t.JMeterThread: Thread started: Test member Java 1-716
2026-06-24 23:41:43,611 INFO o.a.j.t.JMeterThread: Thread started: Test member Java 1-717
2026-06-24 23:41:43,611 INFO o.a.j.t.JMeterThread: Thread started: Test member Java 1-720
2026-06-24 23:41:43,613 INFO o.a.j.t.JMeterThread: Thread started: Test member Java 1-722
2026-06-24 23:41:43,614 INFO o.a.j.t.JMeterThread: Thread started: Test member Java 1-727
2026-06-24 23:41:43,614 INFO o.a.j.t.JMeterThread: Thread started: Test member Java 1-726
2026-06-24 23:41:43,615 INFO o.a.j.t.JMeterThread: Thread started: Test member Java 1-721
2026-06-24 23:41:43,620 INFO o.a.j.t.JMeterThread: Thread started: Test member Java 1-723
2026-06-24 23:41:43,622 INFO o.a.j.t.JMeterThread: Thread started: Test member Java 1-730
2026-06-24 23:41:43,622 INFO o.a.j.t.JMeterThread: Thread started: Test member Java 1-724
2026-06-24 23:41:43,622 INFO o.a.j.t.JMeterThread: Thread started: Test member Java 1-725
2026-06-24 23:41:43,623 INFO o.a.j.t.JMeterThread: Thread started: Test member Java 1-731
2026-06-24 23:41:43,623 INFO o.a.j.t.JMeterThread: Thread started: Test member Java 1-734
2026-06-24 23:41:43,625 INFO o.a.j.t.JMeterThread: Thread started: Test member Java 1-728
2026-06-24 23:41:43,627 INFO o.a.j.t.JMeterThread: Thread started: Test member Java 1-729
2026-06-24 23:41:43,627 INFO o.a.j.t.JMeterThread: Thread started: Test member Java 1-735
2026-06-24 23:41:43,630 INFO o.a.j.t.JMeterThread: Thread started: Test member Java 1-738
2026-06-24 23:41:43,631 INFO o.a.j.t.JMeterThread: Thread started: Test member Java 1-733
2026-06-24 23:41:43,631 INFO o.a.j.t.JMeterThread: Thread started: Test member Java 1-732
2026-06-24 23:41:43,636 INFO o.a.j.t.JMeterThread: Thread started: Test member Java 1-739
2026-06-24 23:41:43,638 INFO o.a.j.t.JMeterThread: Thread started: Test member Java 1-736
2026-06-24 23:41:43,638 INFO o.a.j.t.JMeterThread: Thread started: Test member Java 1-737
2026-06-24 23:41:43,640 INFO o.a.j.t.JMeterThread: Thread started: Test member Java 1-740
2026-06-24 23:41:43,644 INFO o.a.j.t.JMeterThread: Thread started: Test member Java 1-743
2026-06-24 23:41:43,644 INFO o.a.j.t.JMeterThread: Thread started: Test member Java 1-741
2026-06-24 23:41:43,675 INFO o.a.j.t.JMeterThread: Thread started: Test member Java 1-744
2026-06-24 23:41:43,675 INFO o.a.j.t.JMeterThread: Thread started: Test member Java 1-745
2026-06-24 23:41:43,676 INFO o.a.j.t.JMeterThread: Thread started: Test member Java 1-742
2026-06-24 23:41:43,680 INFO o.a.j.t.JMeterThread: Thread started: Test member Java 1-748
2026-06-24 23:41:43,700 INFO o.a.j.t.JMeterThread: Thread started: Test member Java 1-746
2026-06-24 23:41:43,706 INFO o.a.j.t.JMeterThread: Thread started: Test member Java 1-747
2026-06-24 23:41:43,724 INFO o.a.j.t.JMeterThread: Thread started: Test member Java 1-750
2026-06-24 23:41:43,726 INFO o.a.j.t.JMeterThread: Thread started: Test member Java 1-749
2026-06-24 23:41:43,726 INFO o.a.j.t.JMeterThread: Thread started: Test member Java 1-751
2026-06-24 23:41:43,745 INFO o.a.j.t.JMeterThread: Thread started: Test member Java 1-754
2026-06-24 23:41:43,839 INFO o.a.j.t.JMeterThread: Thread started: Test member Java 1-757
2026-06-24 23:41:43,846 INFO o.a.j.t.JMeterThread: Thread started: Test member Java 1-753
2026-06-24 23:41:43,846 INFO o.a.j.t.JMeterThread: Thread started: Test member Java 1-756
2026-06-24 23:41:43,846 INFO o.a.j.t.JMeterThread: Thread started: Test member Java 1-752
2026-06-24 23:41:43,848 INFO o.a.j.t.JMeterThread: Thread started: Test member Java 1-755
2026-06-24 23:41:43,865 INFO o.a.j.t.JMeterThread: Thread started: Test member Java 1-760
2026-06-24 23:41:43,865 INFO o.a.j.t.JMeterThread: Thread started: Test member Java 1-761
2026-06-24 23:41:43,903 INFO o.a.j.t.JMeterThread: Thread started: Test member Java 1-758
2026-06-24 23:41:43,903 INFO o.a.j.t.JMeterThread: Thread started: Test member Java 1-759
2026-06-24 23:41:43,905 INFO o.a.j.t.JMeterThread: Thread started: Test member Java 1-763
2026-06-24 23:41:43,906 INFO o.a.j.t.JMeterThread: Thread started: Test member Java 1-762
2026-06-24 23:41:43,908 INFO o.a.j.t.JMeterThread: Thread started: Test member Java 1-764
2026-06-24 23:41:43,911 INFO o.a.j.t.JMeterThread: Thread started: Test member Java 1-765
2026-06-24 23:41:43,940 INFO o.a.j.t.JMeterThread: Thread started: Test member Java 1-766
2026-06-24 23:41:43,940 INFO o.a.j.t.JMeterThread: Thread started: Test member Java 1-767
2026-06-24 23:41:43,958 INFO o.a.j.t.JMeterThread: Thread started: Test member Java 1-768
2026-06-24 23:41:43,958 INFO o.a.j.t.JMeterThread: Thread started: Test member Java 1-769
2026-06-24 23:41:43,959 INFO o.a.j.t.JMeterThread: Thread started: Test member Java 1-772
2026-06-24 23:41:43,959 INFO o.a.j.t.JMeterThread: Thread started: Test member Java 1-773
2026-06-24 23:41:43,965 INFO o.a.j.t.JMeterThread: Thread started: Test member Java 1-776
2026-06-24 23:41:43,965 INFO o.a.j.t.JMeterThread: Thread started: Test member Java 1-777
2026-06-24 23:41:43,967 INFO o.a.j.t.JMeterThread: Thread started: Test member Java 1-784
2026-06-24 23:41:43,967 INFO o.a.j.t.JMeterThread: Thread started: Test member Java 1-781
2026-06-24 23:41:43,967 INFO o.a.j.t.JMeterThread: Thread started: Test member Java 1-780
2026-06-24 23:41:43,967 INFO o.a.j.t.JMeterThread: Thread started: Test member Java 1-785
2026-06-24 23:41:43,971 INFO o.a.j.t.JMeterThread: Thread started: Test member Java 1-770
2026-06-24 23:41:43,972 INFO o.a.j.t.JMeterThread: Thread started: Test member Java 1-775
2026-06-24 23:41:43,973 INFO o.a.j.t.JMeterThread: Thread started: Test member Java 1-774
2026-06-24 23:41:43,973 INFO o.a.j.t.JMeterThread: Thread started: Test member Java 1-771
2026-06-24 23:41:43,977 INFO o.a.j.t.JMeterThread: Thread started: Test member Java 1-778
2026-06-24 23:41:43,977 INFO o.a.j.t.JMeterThread: Thread started: Test member Java 1-779
2026-06-24 23:41:43,978 INFO o.a.j.t.JMeterThread: Thread started: Test member Java 1-782
2026-06-24 23:41:43,979 INFO o.a.j.t.JMeterThread: Thread started: Test member Java 1-783
2026-06-24 23:41:43,991 INFO o.a.j.t.JMeterThread: Thread started: Test member Java 1-788
2026-06-24 23:41:43,993 INFO o.a.j.t.JMeterThread: Thread started: Test member Java 1-789
2026-06-24 23:41:43,994 INFO o.a.j.t.JMeterThread: Thread started: Test member Java 1-793
2026-06-24 23:41:43,994 INFO o.a.j.t.JMeterThread: Thread started: Test member Java 1-786
2026-06-24 23:41:43,995 INFO o.a.j.t.JMeterThread: Thread started: Test member Java 1-792
2026-06-24 23:41:43,997 INFO o.a.j.t.JMeterThread: Thread started: Test member Java 1-787
2026-06-24 23:41:43,998 INFO o.a.j.t.JMeterThread: Thread started: Test member Java 1-791
2026-06-24 23:41:43,999 INFO o.a.j.t.JMeterThread: Thread started: Test member Java 1-790
2026-06-24 23:41:44,011 INFO o.a.j.t.JMeterThread: Thread started: Test member Java 1-796
2026-06-24 23:41:44,011 INFO o.a.j.t.JMeterThread: Thread started: Test member Java 1-797
2026-06-24 23:41:44,013 INFO o.a.j.t.JMeterThread: Thread started: Test member Java 1-800
2026-06-24 23:41:44,013 INFO o.a.j.t.JMeterThread: Thread started: Test member Java 1-801
2026-06-24 23:41:44,013 INFO o.a.j.t.JMeterThread: Thread started: Test member Java 1-805
2026-06-24 23:41:44,013 INFO o.a.j.t.JMeterThread: Thread started: Test member Java 1-808
2026-06-24 23:41:44,015 INFO o.a.j.t.JMeterThread: Thread started: Test member Java 1-798
2026-06-24 23:41:44,015 INFO o.a.j.t.JMeterThread: Thread started: Test member Java 1-802
2026-06-24 23:41:44,015 INFO o.a.j.t.JMeterThread: Thread started: Test member Java 1-803
2026-06-24 23:41:44,015 INFO o.a.j.t.JMeterThread: Thread started: Test member Java 1-799
2026-06-24 23:41:44,017 INFO o.a.j.t.JMeterThread: Thread started: Test member Java 1-806
2026-06-24 23:41:44,017 INFO o.a.j.t.JMeterThread: Thread started: Test member Java 1-795
2026-06-24 23:41:44,017 INFO o.a.j.t.JMeterThread: Thread started: Test member Java 1-807
2026-06-24 23:41:44,017 INFO o.a.j.t.JMeterThread: Thread started: Test member Java 1-794
2026-06-24 23:41:44,013 INFO o.a.j.t.JMeterThread: Thread started: Test member Java 1-804
2026-06-24 23:41:44,019 INFO o.a.j.t.JMeterThread: Thread started: Test member Java 1-810
2026-06-24 23:41:44,020 INFO o.a.j.t.JMeterThread: Thread started: Test member Java 1-809
2026-06-24 23:41:44,020 INFO o.a.j.t.JMeterThread: Thread started: Test member Java 1-811
2026-06-24 23:41:44,022 INFO o.a.j.t.JMeterThread: Thread started: Test member Java 1-812
2026-06-24 23:41:44,022 INFO o.a.j.t.JMeterThread: Thread started: Test member Java 1-814
2026-06-24 23:41:44,023 INFO o.a.j.t.JMeterThread: Thread started: Test member Java 1-815
2026-06-24 23:41:44,027 INFO o.a.j.t.JMeterThread: Thread started: Test member Java 1-816
2026-06-24 23:41:44,028 INFO o.a.j.t.JMeterThread: Thread started: Test member Java 1-813
2026-06-24 23:41:44,028 INFO o.a.j.t.JMeterThread: Thread started: Test member Java 1-817
2026-06-24 23:41:44,041 INFO o.a.j.t.JMeterThread: Thread started: Test member Java 1-818
2026-06-24 23:41:44,045 INFO o.a.j.t.JMeterThread: Thread started: Test member Java 1-819
2026-06-24 23:41:44,050 INFO o.a.j.t.JMeterThread: Thread started: Test member Java 1-822
2026-06-24 23:41:44,056 INFO o.a.j.t.JMeterThread: Thread started: Test member Java 1-823
2026-06-24 23:41:44,056 INFO o.a.j.t.JMeterThread: Thread started: Test member Java 1-821
2026-06-24 23:41:44,056 INFO o.a.j.t.JMeterThread: Thread started: Test member Java 1-820
2026-06-24 23:41:44,057 INFO o.a.j.t.JMeterThread: Thread started: Test member Java 1-824
2026-06-24 23:41:44,059 INFO o.a.j.t.JMeterThread: Thread started: Test member Java 1-825
2026-06-24 23:41:44,062 INFO o.a.j.t.JMeterThread: Thread started: Test member Java 1-827
2026-06-24 23:41:44,062 INFO o.a.j.t.JMeterThread: Thread started: Test member Java 1-826
2026-06-24 23:41:44,068 INFO o.a.j.t.JMeterThread: Thread started: Test member Java 1-828
2026-06-24 23:41:44,071 INFO o.a.j.t.JMeterThread: Thread started: Test member Java 1-829
2026-06-24 23:41:44,075 INFO o.a.j.t.JMeterThread: Thread started: Test member Java 1-830
2026-06-24 23:41:44,075 INFO o.a.j.t.JMeterThread: Thread started: Test member Java 1-831
2026-06-24 23:41:44,079 INFO o.a.j.t.JMeterThread: Thread started: Test member Java 1-832
2026-06-24 23:41:44,079 INFO o.a.j.t.JMeterThread: Thread started: Test member Java 1-833
2026-06-24 23:41:44,093 INFO o.a.j.t.JMeterThread: Thread started: Test member Java 1-837
2026-06-24 23:41:44,093 INFO o.a.j.t.JMeterThread: Thread started: Test member Java 1-836
2026-06-24 23:41:44,094 INFO o.a.j.t.JMeterThread: Thread started: Test member Java 1-834
2026-06-24 23:41:44,097 INFO o.a.j.t.JMeterThread: Thread started: Test member Java 1-835
2026-06-24 23:41:44,193 INFO o.a.j.t.JMeterThread: Thread started: Test member Java 1-838
2026-06-24 23:41:44,286 INFO o.a.j.t.JMeterThread: Thread started: Test member Java 1-841
2026-06-24 23:41:44,288 INFO o.a.j.t.JMeterThread: Thread started: Test member Java 1-840
2026-06-24 23:41:44,288 INFO o.a.j.t.JMeterThread: Thread started: Test member Java 1-839
2026-06-24 23:41:44,292 INFO o.a.j.t.JMeterThread: Thread started: Test member Java 1-842
2026-06-24 23:41:44,298 INFO o.a.j.t.JMeterThread: Thread started: Test member Java 1-843
2026-06-24 23:41:44,300 INFO o.a.j.t.JMeterThread: Thread started: Test member Java 1-847
2026-06-24 23:41:44,300 INFO o.a.j.t.JMeterThread: Thread started: Test member Java 1-846
2026-06-24 23:41:44,306 INFO o.a.j.t.JMeterThread: Thread started: Test member Java 1-844
2026-06-24 23:41:44,307 INFO o.a.j.t.JMeterThread: Thread started: Test member Java 1-845
2026-06-24 23:41:44,319 INFO o.a.j.t.JMeterThread: Thread started: Test member Java 1-848
2026-06-24 23:41:44,404 INFO o.a.j.t.JMeterThread: Thread started: Test member Java 1-849
2026-06-24 23:41:44,429 INFO o.a.j.t.JMeterThread: Thread started: Test member Java 1-850
2026-06-24 23:41:44,441 INFO o.a.j.t.JMeterThread: Thread started: Test member Java 1-851
2026-06-24 23:41:44,460 INFO o.a.j.t.JMeterThread: Thread started: Test member Java 1-852
2026-06-24 23:41:44,484 INFO o.a.j.t.JMeterThread: Thread started: Test member Java 1-854
2026-06-24 23:41:44,488 INFO o.a.j.t.JMeterThread: Thread started: Test member Java 1-855
2026-06-24 23:41:44,490 INFO o.a.j.t.JMeterThread: Thread started: Test member Java 1-853
2026-06-24 23:41:44,508 INFO o.a.j.t.JMeterThread: Thread started: Test member Java 1-856
2026-06-24 23:41:44,510 INFO o.a.j.t.JMeterThread: Thread started: Test member Java 1-857
2026-06-24 23:41:44,520 INFO o.a.j.t.JMeterThread: Thread started: Test member Java 1-860
2026-06-24 23:41:44,535 INFO o.a.j.t.JMeterThread: Thread started: Test member Java 1-858
2026-06-24 23:41:44,541 INFO o.a.j.t.JMeterThread: Thread started: Test member Java 1-859
2026-06-24 23:41:44,570 INFO o.a.j.t.JMeterThread: Thread started: Test member Java 1-862
2026-06-24 23:41:44,570 INFO o.a.j.t.JMeterThread: Thread started: Test member Java 1-863
2026-06-24 23:41:44,573 INFO o.a.j.t.JMeterThread: Thread started: Test member Java 1-861
2026-06-24 23:41:44,575 INFO o.a.j.t.JMeterThread: Thread started: Test member Java 1-864
2026-06-24 23:41:44,587 INFO o.a.j.t.JMeterThread: Thread started: Test member Java 1-865
2026-06-24 23:41:44,589 INFO o.a.j.t.JMeterThread: Thread started: Test member Java 1-867
2026-06-24 23:41:44,591 INFO o.a.j.t.JMeterThread: Thread started: Test member Java 1-866
2026-06-24 23:41:44,590 INFO o.a.j.t.JMeterThread: Thread started: Test member Java 1-868
2026-06-24 23:41:44,593 INFO o.a.j.t.JMeterThread: Thread started: Test member Java 1-872
2026-06-24 23:41:44,593 INFO o.a.j.t.JMeterThread: Thread started: Test member Java 1-869
2026-06-24 23:41:44,593 INFO o.a.j.t.JMeterThread: Thread started: Test member Java 1-870
2026-06-24 23:41:44,604 INFO o.a.j.t.JMeterThread: Thread started: Test member Java 1-871
2026-06-24 23:41:44,633 INFO o.a.j.t.JMeterThread: Thread started: Test member Java 1-873
2026-06-24 23:41:44,642 INFO o.a.j.t.JMeterThread: Thread started: Test member Java 1-874
2026-06-24 23:41:44,648 INFO o.a.j.t.JMeterThread: Thread started: Test member Java 1-877
2026-06-24 23:41:44,648 INFO o.a.j.t.JMeterThread: Thread started: Test member Java 1-876
2026-06-24 23:41:44,649 INFO o.a.j.t.JMeterThread: Thread started: Test member Java 1-878
2026-06-24 23:41:44,649 INFO o.a.j.t.JMeterThread: Thread started: Test member Java 1-875
2026-06-24 23:41:44,650 INFO o.a.j.t.JMeterThread: Thread started: Test member Java 1-879
2026-06-24 23:41:44,652 INFO o.a.j.t.JMeterThread: Thread started: Test member Java 1-880
2026-06-24 23:41:44,652 INFO o.a.j.t.JMeterThread: Thread started: Test member Java 1-881
2026-06-24 23:41:44,652 INFO o.a.j.t.JMeterThread: Thread started: Test member Java 1-882
2026-06-24 23:41:44,659 INFO o.a.j.t.JMeterThread: Thread started: Test member Java 1-883
2026-06-24 23:41:44,659 INFO o.a.j.t.JMeterThread: Thread started: Test member Java 1-886
2026-06-24 23:41:44,659 INFO o.a.j.t.JMeterThread: Thread started: Test member Java 1-884
2026-06-24 23:41:44,661 INFO o.a.j.t.JMeterThread: Thread started: Test member Java 1-885
2026-06-24 23:41:44,661 INFO o.a.j.t.JMeterThread: Thread started: Test member Java 1-887
2026-06-24 23:41:44,667 INFO o.a.j.t.JMeterThread: Thread started: Test member Java 1-890
2026-06-24 23:41:44,667 INFO o.a.j.t.JMeterThread: Thread started: Test member Java 1-891
2026-06-24 23:41:44,670 INFO o.a.j.t.JMeterThread: Thread started: Test member Java 1-888
2026-06-24 23:41:44,671 INFO o.a.j.t.JMeterThread: Thread started: Test member Java 1-895
2026-06-24 23:41:44,672 INFO o.a.j.t.JMeterThread: Thread started: Test member Java 1-889
2026-06-24 23:41:44,673 INFO o.a.j.t.JMeterThread: Thread started: Test member Java 1-892
2026-06-24 23:41:44,674 INFO o.a.j.t.JMeterThread: Thread started: Test member Java 1-893
2026-06-24 23:41:44,675 INFO o.a.j.t.JMeterThread: Thread started: Test member Java 1-896
2026-06-24 23:41:44,678 INFO o.a.j.t.JMeterThread: Thread started: Test member Java 1-894
2026-06-24 23:41:44,680 INFO o.a.j.t.JMeterThread: Thread started: Test member Java 1-899
2026-06-24 23:41:44,683 INFO o.a.j.t.JMeterThread: Thread started: Test member Java 1-897
2026-06-24 23:41:44,683 INFO o.a.j.t.JMeterThread: Thread started: Test member Java 1-898
2026-06-24 23:41:44,685 INFO o.a.j.t.JMeterThread: Thread started: Test member Java 1-900
2026-06-24 23:41:44,688 INFO o.a.j.t.JMeterThread: Thread started: Test member Java 1-902
2026-06-24 23:41:44,689 INFO o.a.j.t.JMeterThread: Thread started: Test member Java 1-906
2026-06-24 23:41:44,690 INFO o.a.j.t.JMeterThread: Thread started: Test member Java 1-903
2026-06-24 23:41:44,690 INFO o.a.j.t.JMeterThread: Thread started: Test member Java 1-901
2026-06-24 23:41:44,694 INFO o.a.j.t.JMeterThread: Thread started: Test member Java 1-904
2026-06-24 23:41:44,695 INFO o.a.j.t.JMeterThread: Thread started: Test member Java 1-905
2026-06-24 23:41:44,696 INFO o.a.j.t.JMeterThread: Thread started: Test member Java 1-907
2026-06-24 23:41:44,698 INFO o.a.j.t.JMeterThread: Thread started: Test member Java 1-910
2026-06-24 23:41:44,699 INFO o.a.j.t.JMeterThread: Thread started: Test member Java 1-911
2026-06-24 23:41:44,699 INFO o.a.j.t.JMeterThread: Thread started: Test member Java 1-908
2026-06-24 23:41:44,699 INFO o.a.j.t.JMeterThread: Thread started: Test member Java 1-909
2026-06-24 23:41:44,708 INFO o.a.j.t.JMeterThread: Thread started: Test member Java 1-914
2026-06-24 23:41:44,708 INFO o.a.j.t.JMeterThread: Thread started: Test member Java 1-915
2026-06-24 23:41:44,711 INFO o.a.j.t.JMeterThread: Thread started: Test member Java 1-912
2026-06-24 23:41:44,715 INFO o.a.j.t.JMeterThread: Thread started: Test member Java 1-913
2026-06-24 23:41:44,715 INFO o.a.j.t.JMeterThread: Thread started: Test member Java 1-919
2026-06-24 23:41:44,715 INFO o.a.j.t.JMeterThread: Thread started: Test member Java 1-918
2026-06-24 23:41:44,715 INFO o.a.j.t.JMeterThread: Thread started: Test member Java 1-916
2026-06-24 23:41:44,722 INFO o.a.j.t.JMeterThread: Thread started: Test member Java 1-917
2026-06-24 23:41:44,722 INFO o.a.j.t.JMeterThread: Thread started: Test member Java 1-922
2026-06-24 23:41:44,724 INFO o.a.j.t.JMeterThread: Thread started: Test member Java 1-923
2026-06-24 23:41:44,728 INFO o.a.j.t.JMeterThread: Thread started: Test member Java 1-927
2026-06-24 23:41:44,728 INFO o.a.j.t.JMeterThread: Thread started: Test member Java 1-926
2026-06-24 23:41:44,729 INFO o.a.j.t.JMeterThread: Thread started: Test member Java 1-920
2026-06-24 23:41:44,731 INFO o.a.j.t.JMeterThread: Thread started: Test member Java 1-921
2026-06-24 23:41:44,737 INFO o.a.j.t.JMeterThread: Thread started: Test member Java 1-924
2026-06-24 23:41:44,737 INFO o.a.j.t.JMeterThread: Thread started: Test member Java 1-925
2026-06-24 23:41:44,751 INFO o.a.j.t.JMeterThread: Thread started: Test member Java 1-931
2026-06-24 23:41:44,751 INFO o.a.j.t.JMeterThread: Thread started: Test member Java 1-930
2026-06-24 23:41:44,755 INFO o.a.j.t.JMeterThread: Thread started: Test member Java 1-928
2026-06-24 23:41:44,756 INFO o.a.j.t.JMeterThread: Thread started: Test member Java 1-929
2026-06-24 23:41:44,762 INFO o.a.j.t.JMeterThread: Thread started: Test member Java 1-934
2026-06-24 23:41:44,763 INFO o.a.j.t.JMeterThread: Thread started: Test member Java 1-935
2026-06-24 23:41:44,767 INFO o.a.j.t.JMeterThread: Thread started: Test member Java 1-932
2026-06-24 23:41:44,770 INFO o.a.j.t.JMeterThread: Thread started: Test member Java 1-933
2026-06-24 23:41:44,770 INFO o.a.j.t.JMeterThread: Thread started: Test member Java 1-936
2026-06-24 23:41:44,772 INFO o.a.j.t.JMeterThread: Thread started: Test member Java 1-937
2026-06-24 23:41:44,774 INFO o.a.j.t.JMeterThread: Thread started: Test member Java 1-938
2026-06-24 23:41:44,774 INFO o.a.j.t.JMeterThread: Thread started: Test member Java 1-939
2026-06-24 23:41:44,782 INFO o.a.j.t.JMeterThread: Thread started: Test member Java 1-941
2026-06-24 23:41:44,782 INFO o.a.j.t.JMeterThread: Thread started: Test member Java 1-940
2026-06-24 23:41:44,788 INFO o.a.j.t.JMeterThread: Thread started: Test member Java 1-942
2026-06-24 23:41:44,788 INFO o.a.j.t.JMeterThread: Thread started: Test member Java 1-943
2026-06-24 23:41:44,790 INFO o.a.j.t.JMeterThread: Thread started: Test member Java 1-946
2026-06-24 23:41:44,792 INFO o.a.j.t.JMeterThread: Thread started: Test member Java 1-944
2026-06-24 23:41:44,861 INFO o.a.j.t.JMeterThread: Thread started: Test member Java 1-948
2026-06-24 23:41:44,794 INFO o.a.j.t.JMeterThread: Thread started: Test member Java 1-945
2026-06-24 23:41:44,873 INFO o.a.j.t.JMeterThread: Thread started: Test member Java 1-949
2026-06-24 23:41:44,794 INFO o.a.j.t.JMeterThread: Thread started: Test member Java 1-947
2026-06-24 23:41:44,878 INFO o.a.j.t.JMeterThread: Thread started: Test member Java 1-951
2026-06-24 23:41:44,880 INFO o.a.j.t.JMeterThread: Thread started: Test member Java 1-952
2026-06-24 23:41:44,881 INFO o.a.j.t.JMeterThread: Thread started: Test member Java 1-953
2026-06-24 23:41:44,881 INFO o.a.j.t.JMeterThread: Thread started: Test member Java 1-950
2026-06-24 23:41:44,882 INFO o.a.j.t.JMeterThread: Thread started: Test member Java 1-955
2026-06-24 23:41:44,882 INFO o.a.j.t.JMeterThread: Thread started: Test member Java 1-956
2026-06-24 23:41:44,882 INFO o.a.j.t.JMeterThread: Thread started: Test member Java 1-957
2026-06-24 23:41:44,884 INFO o.a.j.t.JMeterThread: Thread started: Test member Java 1-954
2026-06-24 23:41:44,897 INFO o.a.j.t.JMeterThread: Thread started: Test member Java 1-958
2026-06-24 23:41:44,898 INFO o.a.j.t.JMeterThread: Thread started: Test member Java 1-961
2026-06-24 23:41:44,898 INFO o.a.j.t.JMeterThread: Thread started: Test member Java 1-962
2026-06-24 23:41:44,889 INFO o.a.j.t.JMeterThread: Thread started: Test member Java 1-959
2026-06-24 23:41:44,905 INFO o.a.j.t.JMeterThread: Thread started: Test member Java 1-965
2026-06-24 23:41:44,906 INFO o.a.j.t.JMeterThread: Thread started: Test member Java 1-963
2026-06-24 23:41:44,906 INFO o.a.j.t.JMeterThread: Thread started: Test member Java 1-960
2026-06-24 23:41:44,906 INFO o.a.j.t.JMeterThread: Thread started: Test member Java 1-966
2026-06-24 23:41:44,906 INFO o.a.j.t.JMeterThread: Thread started: Test member Java 1-970
2026-06-24 23:41:44,906 INFO o.a.j.t.JMeterThread: Thread started: Test member Java 1-969
2026-06-24 23:41:44,914 INFO o.a.j.t.JMeterThread: Thread started: Test member Java 1-964
2026-06-24 23:41:44,916 INFO o.a.j.t.JMeterThread: Thread started: Test member Java 1-967
2026-06-24 23:41:44,916 INFO o.a.j.t.JMeterThread: Thread started: Test member Java 1-968
2026-06-24 23:41:44,920 INFO o.a.j.t.JMeterThread: Thread started: Test member Java 1-971
2026-06-24 23:41:44,921 INFO o.a.j.t.JMeterThread: Thread started: Test member Java 1-973
2026-06-24 23:41:44,924 INFO o.a.j.t.JMeterThread: Thread started: Test member Java 1-974
2026-06-24 23:41:44,930 INFO o.a.j.t.JMeterThread: Thread started: Test member Java 1-972
2026-06-24 23:41:44,932 INFO o.a.j.t.JMeterThread: Thread started: Test member Java 1-977
2026-06-24 23:41:44,934 INFO o.a.j.t.JMeterThread: Thread started: Test member Java 1-981
2026-06-24 23:41:44,934 INFO o.a.j.t.JMeterThread: Thread started: Test member Java 1-978
2026-06-24 23:41:44,934 INFO o.a.j.t.JMeterThread: Thread started: Test member Java 1-982
2026-06-24 23:41:44,938 INFO o.a.j.t.JMeterThread: Thread started: Test member Java 1-975
2026-06-24 23:41:44,941 INFO o.a.j.t.JMeterThread: Thread started: Test member Java 1-976
2026-06-24 23:41:44,943 INFO o.a.j.t.JMeterThread: Thread started: Test member Java 1-979
2026-06-24 23:41:44,945 INFO o.a.j.t.JMeterThread: Thread started: Test member Java 1-985
2026-06-24 23:41:44,949 INFO o.a.j.t.JMeterThread: Thread started: Test member Java 1-980
2026-06-24 23:41:44,951 INFO o.a.j.t.JMeterThread: Thread started: Test member Java 1-986
2026-06-24 23:41:44,951 INFO o.a.j.t.JMeterThread: Thread started: Test member Java 1-983
2026-06-24 23:41:44,951 INFO o.a.j.t.JMeterThread: Thread started: Test member Java 1-989
2026-06-24 23:41:44,953 INFO o.a.j.t.JMeterThread: Thread started: Test member Java 1-990
2026-06-24 23:41:44,958 INFO o.a.j.t.JMeterThread: Thread started: Test member Java 1-984
2026-06-24 23:41:44,964 INFO o.a.j.t.JMeterThread: Thread started: Test member Java 1-994
2026-06-24 23:41:44,964 INFO o.a.j.t.JMeterThread: Thread started: Test member Java 1-993
2026-06-24 23:41:44,968 INFO o.a.j.t.JMeterThread: Thread started: Test member Java 1-988
2026-06-24 23:41:44,968 INFO o.a.j.t.JMeterThread: Thread started: Test member Java 1-991
2026-06-24 23:41:44,970 INFO o.a.j.t.JMeterThread: Thread started: Test member Java 1-992
2026-06-24 23:41:44,968 INFO o.a.j.t.JMeterThread: Thread started: Test member Java 1-987
2026-06-24 23:41:44,975 INFO o.a.j.t.JMeterThread: Thread started: Test member Java 1-995
2026-06-24 23:41:44,976 INFO o.a.j.t.JMeterThread: Thread started: Test member Java 1-996
2026-06-24 23:41:44,976 INFO o.a.j.t.JMeterThread: Thread started: Test member Java 1-997
2026-06-24 23:41:44,978 INFO o.a.j.t.JMeterThread: Thread started: Test member Java 1-1000
2026-06-24 23:41:44,985 INFO o.a.j.t.JMeterThread: Thread started: Test member Java 1-998
2026-06-24 23:41:44,986 INFO o.a.j.t.JMeterThread: Thread started: Test member Java 1-999
2026-06-24 23:41:59,958 INFO o.a.j.g.a.Start: Stopping test
2026-06-24 23:41:59,977 INFO o.a.j.t.JMeterThread: Stopping: Test member Java 1-67
2026-06-24 23:41:59,977 WARN o.a.j.t.JMeterThread: Interrupting: Test member Java 1-67 sampler: sayHi
2026-06-24 23:41:59,979 INFO o.a.j.t.JMeterThread: Stopping: Test member Java 1-500
2026-06-24 23:41:59,979 WARN o.a.j.t.JMeterThread: Interrupting: Test member Java 1-500 sampler: sayHi
2026-06-24 23:41:59,979 INFO o.a.j.t.JMeterThread: Thread finished: Test member Java 1-67
2026-06-24 23:41:59,979 INFO o.a.j.t.JMeterThread: Stopping: Test member Java 1-548
2026-06-24 23:41:59,979 WARN o.a.j.t.JMeterThread: Interrupting: Test member Java 1-548 sampler: sayHi
2026-06-24 23:41:59,980 INFO o.a.j.t.JMeterThread: Stopping: Test member Java 1-322
2026-06-24 23:41:59,980 WARN o.a.j.t.JMeterThread: Interrupting: Test member Java 1-322 sampler: sayHi
2026-06-24 23:41:59,980 INFO o.a.j.t.JMeterThread: Thread finished: Test member Java 1-500
2026-06-24 23:41:59,980 INFO o.a.j.t.JMeterThread: Thread finished: Test member Java 1-548
2026-06-24 23:41:59,982 INFO o.a.j.t.JMeterThread: Stopping: Test member Java 1-215
2026-06-24 23:41:59,982 WARN o.a.j.t.JMeterThread: Interrupting: Test member Java 1-215 sampler: sayHi
2026-06-24 23:41:59,982 INFO o.a.j.t.JMeterThread: Thread finished: Test member Java 1-322
2026-06-24 23:41:59,982 INFO o.a.j.t.JMeterThread: Stopping: Test member Java 1-839
2026-06-24 23:41:59,982 WARN o.a.j.t.JMeterThread: Interrupting: Test member Java 1-839 sampler: sayHi
2026-06-24 23:41:59,983 INFO o.a.j.t.JMeterThread: Thread finished: Test member Java 1-215
2026-06-24 23:41:59,983 INFO o.a.j.t.JMeterThread: Stopping: Test member Java 1-975
2026-06-24 23:41:59,983 WARN o.a.j.t.JMeterThread: Interrupting: Test member Java 1-975 sampler: sayHi
2026-06-24 23:41:59,983 INFO o.a.j.t.JMeterThread: Thread finished: Test member Java 1-839
2026-06-24 23:41:59,985 INFO o.a.j.t.JMeterThread: Stopping: Test member Java 1-659
2026-06-24 23:41:59,985 WARN o.a.j.t.JMeterThread: Interrupting: Test member Java 1-659 sampler: sayHi
2026-06-24 23:41:59,985 INFO o.a.j.t.JMeterThread: Thread finished: Test member Java 1-975
2026-06-24 23:41:59,986 INFO o.a.j.t.JMeterThread: Stopping: Test member Java 1-986
2026-06-24 23:41:59,986 WARN o.a.j.t.JMeterThread: Interrupting: Test member Java 1-986 sampler: sayHi
2026-06-24 23:41:59,986 INFO o.a.j.t.JMeterThread: Thread finished: Test member Java 1-659
2026-06-24 23:41:59,988 INFO o.a.j.t.JMeterThread: Stopping: Test member Java 1-424
2026-06-24 23:41:59,988 INFO o.a.j.t.JMeterThread: Thread finished: Test member Java 1-986
2026-06-24 23:41:59,988 WARN o.a.j.t.JMeterThread: Interrupting: Test member Java 1-424 sampler: sayHi
2026-06-24 23:41:59,989 INFO o.a.j.t.JMeterThread: Stopping: Test member Java 1-56
2026-06-24 23:41:59,989 WARN o.a.j.t.JMeterThread: Interrupting: Test member Java 1-56 sampler: sayHi
2026-06-24 23:41:59,989 INFO o.a.j.t.JMeterThread: Thread finished: Test member Java 1-424
2026-06-24 23:41:59,989 INFO o.a.j.t.JMeterThread: Stopping: Test member Java 1-272
2026-06-24 23:41:59,989 WARN o.a.j.t.JMeterThread: Interrupting: Test member Java 1-272 sampler: sayHi
2026-06-24 23:41:59,989 INFO o.a.j.t.JMeterThread: Thread finished: Test member Java 1-56
2026-06-24 23:41:59,990 INFO o.a.j.t.JMeterThread: Stopping: Test member Java 1-555
2026-06-24 23:41:59,990 WARN o.a.j.t.JMeterThread: Interrupting: Test member Java 1-555 sampler: sayHi
2026-06-24 23:41:59,990 INFO o.a.j.t.JMeterThread: Thread finished: Test member Java 1-272
2026-06-24 23:41:59,990 INFO o.a.j.t.JMeterThread: Stopping: Test member Java 1-738
2026-06-24 23:41:59,990 WARN o.a.j.t.JMeterThread: Interrupting: Test member Java 1-738 sampler: sayHi
2026-06-24 23:41:59,991 INFO o.a.j.t.JMeterThread: Thread finished: Test member Java 1-555
2026-06-24 23:41:59,992 INFO o.a.j.t.JMeterThread: Stopping: Test member Java 1-921
2026-06-24 23:41:59,992 WARN o.a.j.t.JMeterThread: Interrupting: Test member Java 1-921 sampler: sayHi
2026-06-24 23:41:59,992 INFO o.a.j.t.JMeterThread: Thread finished: Test member Java 1-738
2026-06-24 23:41:59,992 INFO o.a.j.t.JMeterThread: Stopping: Test member Java 1-471
2026-06-24 23:41:59,992 WARN o.a.j.t.JMeterThread: Interrupting: Test member Java 1-471 sampler: sayHi
2026-06-24 23:41:59,993 INFO o.a.j.t.JMeterThread: Thread finished: Test member Java 1-921
2026-06-24 23:41:59,993 INFO o.a.j.t.JMeterThread: Stopping: Test member Java 1-810
2026-06-24 23:41:59,993 WARN o.a.j.t.JMeterThread: Interrupting: Test member Java 1-810 sampler: sayHi
2026-06-24 23:41:59,993 INFO o.a.j.t.JMeterThread: Thread finished: Test member Java 1-471
2026-06-24 23:41:59,994 INFO o.a.j.t.JMeterThread: Stopping: Test member Java 1-17
2026-06-24 23:41:59,995 WARN o.a.j.t.JMeterThread: Interrupting: Test member Java 1-17 sampler: sayHi
2026-06-24 23:41:59,995 INFO o.a.j.t.JMeterThread: Thread finished: Test member Java 1-810
2026-06-24 23:41:59,996 INFO o.a.j.t.JMeterThread: Stopping: Test member Java 1-572
2026-06-24 23:41:59,996 WARN o.a.j.t.JMeterThread: Interrupting: Test member Java 1-572 sampler: sayHi
2026-06-24 23:41:59,996 INFO o.a.j.t.JMeterThread: Thread finished: Test member Java 1-17
2026-06-24 23:41:59,996 INFO o.a.j.t.JMeterThread: Stopping: Test member Java 1-954
2026-06-24 23:41:59,996 WARN o.a.j.t.JMeterThread: Interrupting: Test member Java 1-954 sampler: sayHi
2026-06-24 23:41:59,996 INFO o.a.j.t.JMeterThread: Thread finished: Test member Java 1-572
2026-06-24 23:41:59,996 INFO o.a.j.t.JMeterThread: Stopping: Test member Java 1-973
2026-06-24 23:41:59,997 WARN o.a.j.t.JMeterThread: Interrupting: Test member Java 1-973 sampler: sayHi
2026-06-24 23:41:59,997 INFO o.a.j.t.JMeterThread: Thread finished: Test member Java 1-954
2026-06-24 23:41:59,997 INFO o.a.j.t.JMeterThread: Stopping: Test member Java 1-849
2026-06-24 23:41:59,997 WARN o.a.j.t.JMeterThread: Interrupting: Test member Java 1-849 sampler: sayHi
2026-06-24 23:41:59,998 INFO o.a.j.t.JMeterThread: Thread finished: Test member Java 1-973
2026-06-24 23:41:59,998 INFO o.a.j.t.JMeterThread: Stopping: Test member Java 1-533
2026-06-24 23:41:59,998 WARN o.a.j.t.JMeterThread: Interrupting: Test member Java 1-533 sampler: sayHi
2026-06-24 23:41:59,998 INFO o.a.j.t.JMeterThread: Thread finished: Test member Java 1-849
2026-06-24 23:42:00,000 INFO o.a.j.t.JMeterThread: Stopping: Test member Java 1-254
2026-06-24 23:42:00,000 WARN o.a.j.t.JMeterThread: Interrupting: Test member Java 1-254 sampler: sayHi
2026-06-24 23:42:00,000 INFO o.a.j.t.JMeterThread: Thread finished: Test member Java 1-533
2026-06-24 23:42:00,001 INFO o.a.j.t.JMeterThread: Stopping: Test member Java 1-50
2026-06-24 23:42:00,001 INFO o.a.j.t.JMeterThread: Thread finished: Test member Java 1-254
2026-06-24 23:42:00,001 WARN o.a.j.t.JMeterThread: Interrupting: Test member Java 1-50 sampler: sayHi
2026-06-24 23:42:00,003 INFO o.a.j.t.JMeterThread: Stopping: Test member Java 1-90
2026-06-24 23:42:00,003 INFO o.a.j.t.JMeterThread: Thread finished: Test member Java 1-50
2026-06-24 23:42:00,003 WARN o.a.j.t.JMeterThread: Interrupting: Test member Java 1-90 sampler: sayHi
2026-06-24 23:42:00,004 INFO o.a.j.t.JMeterThread: Stopping: Test member Java 1-714
2026-06-24 23:42:00,004 WARN o.a.j.t.JMeterThread: Interrupting: Test member Java 1-714 sampler: sayHi
2026-06-24 23:42:00,004 INFO o.a.j.t.JMeterThread: Thread finished: Test member Java 1-90
2026-06-24 23:42:00,005 INFO o.a.j.t.JMeterThread: Stopping: Test member Java 1-291
2026-06-24 23:42:00,005 WARN o.a.j.t.JMeterThread: Interrupting: Test member Java 1-291 sampler: sayHi
2026-06-24 23:42:00,005 INFO o.a.j.t.JMeterThread: Thread finished: Test member Java 1-714
2026-06-24 23:42:00,006 INFO o.a.j.t.JMeterThread: Stopping: Test member Java 1-76
2026-06-24 23:42:00,006 WARN o.a.j.t.JMeterThread: Interrupting: Test member Java 1-76 sampler: sayHi
2026-06-24 23:42:00,006 INFO o.a.j.t.JMeterThread: Thread finished: Test member Java 1-291
2026-06-24 23:42:00,006 INFO o.a.j.t.JMeterThread: Stopping: Test member Java 1-985
2026-06-24 23:42:00,006 INFO o.a.j.t.JMeterThread: Thread finished: Test member Java 1-76
2026-06-24 23:42:00,006 WARN o.a.j.t.JMeterThread: Interrupting: Test member Java 1-985 sampler: sayHi
2026-06-24 23:42:00,007 INFO o.a.j.t.JMeterThread: Stopping: Test member Java 1-496
2026-06-24 23:42:00,007 WARN o.a.j.t.JMeterThread: Interrupting: Test member Java 1-496 sampler: sayHi
2026-06-24 23:42:00,007 INFO o.a.j.t.JMeterThread: Thread finished: Test member Java 1-985
2026-06-24 23:42:00,008 INFO o.a.j.t.JMeterThread: Stopping: Test member Java 1-562
2026-06-24 23:42:00,008 WARN o.a.j.t.JMeterThread: Interrupting: Test member Java 1-562 sampler: sayHi
2026-06-24 23:42:00,008 INFO o.a.j.t.JMeterThread: Thread finished: Test member Java 1-496
2026-06-24 23:42:00,010 INFO o.a.j.t.JMeterThread: Stopping: Test member Java 1-740
2026-06-24 23:42:00,010 INFO o.a.j.t.JMeterThread: Thread finished: Test member Java 1-562
2026-06-24 23:42:00,010 WARN o.a.j.t.JMeterThread: Interrupting: Test member Java 1-740 sampler: sayHi
2026-06-24 23:42:00,012 INFO o.a.j.t.JMeterThread: Stopping: Test member Java 1-942
2026-06-24 23:42:00,012 WARN o.a.j.t.JMeterThread: Interrupting: Test member Java 1-942 sampler: sayHi
2026-06-24 23:42:00,012 INFO o.a.j.t.JMeterThread: Thread finished: Test member Java 1-740
2026-06-24 23:42:00,013 INFO o.a.j.t.JMeterThread: Stopping: Test member Java 1-40
2026-06-24 23:42:00,013 INFO o.a.j.t.JMeterThread: Thread finished: Test member Java 1-942
2026-06-24 23:42:00,013 WARN o.a.j.t.JMeterThread: Interrupting: Test member Java 1-40 sampler: sayHi
2026-06-24 23:42:00,014 INFO o.a.j.t.JMeterThread: Stopping: Test member Java 1-103
2026-06-24 23:42:00,014 INFO o.a.j.t.JMeterThread: Thread finished: Test member Java 1-40
2026-06-24 23:42:00,014 WARN o.a.j.t.JMeterThread: Interrupting: Test member Java 1-103 sampler: sayHi
2026-06-24 23:42:00,016 INFO o.a.j.t.JMeterThread: Stopping: Test member Java 1-106
2026-06-24 23:42:00,016 INFO o.a.j.t.JMeterThread: Thread finished: Test member Java 1-103
2026-06-24 23:42:00,017 WARN o.a.j.t.JMeterThread: Interrupting: Test member Java 1-106 sampler: sayHi
2026-06-24 23:42:00,018 INFO o.a.j.t.JMeterThread: Thread finished: Test member Java 1-106
2026-06-24 23:42:00,018 INFO o.a.j.t.JMeterThread: Stopping: Test member Java 1-312
2026-06-24 23:42:00,019 WARN o.a.j.t.JMeterThread: Interrupting: Test member Java 1-312 sampler: sayHi
2026-06-24 23:42:00,020 INFO o.a.j.t.JMeterThread: Stopping: Test member Java 1-138
2026-06-24 23:42:00,020 INFO o.a.j.t.JMeterThread: Thread finished: Test member Java 1-312
2026-06-24 23:42:00,020 WARN o.a.j.t.JMeterThread: Interrupting: Test member Java 1-138 sampler: sayHi
2026-06-24 23:42:00,022 INFO o.a.j.t.JMeterThread: Thread finished: Test member Java 1-138
2026-06-24 23:42:00,024 INFO o.a.j.t.JMeterThread: Stopping: Test member Java 1-234
2026-06-24 23:42:00,024 WARN o.a.j.t.JMeterThread: Interrupting: Test member Java 1-234 sampler: sayHi
2026-06-24 23:42:00,025 INFO o.a.j.t.JMeterThread: Thread finished: Test member Java 1-234
2026-06-24 23:42:00,025 INFO o.a.j.t.JMeterThread: Stopping: Test member Java 1-224
2026-06-24 23:42:00,026 WARN o.a.j.t.JMeterThread: Interrupting: Test member Java 1-224 sampler: sayHi
2026-06-24 23:42:00,027 INFO o.a.j.t.JMeterThread: Stopping: Test member Java 1-999
2026-06-24 23:42:00,027 WARN o.a.j.t.JMeterThread: Interrupting: Test member Java 1-999 sampler: sayHi
2026-06-24 23:42:00,027 INFO o.a.j.t.JMeterThread: Thread finished: Test member Java 1-224
2026-06-24 23:42:00,027 INFO o.a.j.t.JMeterThread: Stopping: Test member Java 1-69
2026-06-24 23:42:00,027 WARN o.a.j.t.JMeterThread: Interrupting: Test member Java 1-69 sampler: sayHi
2026-06-24 23:42:00,028 INFO o.a.j.t.JMeterThread: Thread finished: Test member Java 1-999
2026-06-24 23:42:00,028 INFO o.a.j.t.JMeterThread: Stopping: Test member Java 1-11
2026-06-24 23:42:00,028 WARN o.a.j.t.JMeterThread: Interrupting: Test member Java 1-11 sampler: sayHi
2026-06-24 23:42:00,028 INFO o.a.j.t.JMeterThread: Thread finished: Test member Java 1-69
2026-06-24 23:42:00,030 INFO o.a.j.t.JMeterThread: Thread finished: Test member Java 1-11
2026-06-24 23:42:00,031 INFO o.a.j.t.JMeterThread: Stopping: Test member Java 1-247
2026-06-24 23:42:00,031 WARN o.a.j.t.JMeterThread: Interrupting: Test member Java 1-247 sampler: sayHi
2026-06-24 23:42:00,033 INFO o.a.j.t.JMeterThread: Thread finished: Test member Java 1-247
2026-06-24 23:42:00,033 INFO o.a.j.t.JMeterThread: Stopping: Test member Java 1-905
2026-06-24 23:42:00,033 WARN o.a.j.t.JMeterThread: Interrupting: Test member Java 1-905 sampler: sayHi
2026-06-24 23:42:00,035 INFO o.a.j.t.JMeterThread: Stopping: Test member Java 1-551
2026-06-24 23:42:00,036 WARN o.a.j.t.JMeterThread: Interrupting: Test member Java 1-551 sampler: sayHi
2026-06-24 23:42:00,036 INFO o.a.j.t.JMeterThread: Thread finished: Test member Java 1-905
2026-06-24 23:42:00,037 INFO o.a.j.t.JMeterThread: Stopping: Test member Java 1-776
2026-06-24 23:42:00,037 WARN o.a.j.t.JMeterThread: Interrupting: Test member Java 1-776 sampler: sayHi
2026-06-24 23:42:00,037 INFO o.a.j.t.JMeterThread: Thread finished: Test member Java 1-551
2026-06-24 23:42:00,037 INFO o.a.j.t.JMeterThread: Stopping: Test member Java 1-309
2026-06-24 23:42:00,037 WARN o.a.j.t.JMeterThread: Interrupting: Test member Java 1-309 sampler: sayHi
2026-06-24 23:42:00,038 INFO o.a.j.t.JMeterThread: Stopping: Test member Java 1-686
2026-06-24 23:42:00,038 WARN o.a.j.t.JMeterThread: Interrupting: Test member Java 1-686 sampler: sayHi
2026-06-24 23:42:00,038 INFO o.a.j.t.JMeterThread: Thread finished: Test member Java 1-776
2026-06-24 23:42:00,038 INFO o.a.j.t.JMeterThread: Thread finished: Test member Java 1-309
2026-06-24 23:42:00,039 INFO o.a.j.t.JMeterThread: Stopping: Test member Java 1-303
2026-06-24 23:42:00,040 INFO o.a.j.t.JMeterThread: Thread finished: Test member Java 1-686
2026-06-24 23:42:00,040 WARN o.a.j.t.JMeterThread: Interrupting: Test member Java 1-303 sampler: sayHi
2026-06-24 23:42:00,042 INFO o.a.j.t.JMeterThread: Thread finished: Test member Java 1-303
2026-06-24 23:42:00,042 INFO o.a.j.t.JMeterThread: Stopping: Test member Java 1-511
2026-06-24 23:42:00,046 WARN o.a.j.t.JMeterThread: Interrupting: Test member Java 1-511 sampler: sayHi
2026-06-24 23:42:00,051 INFO o.a.j.t.JMeterThread: Thread finished: Test member Java 1-511
2026-06-24 23:42:00,051 INFO o.a.j.t.JMeterThread: Stopping: Test member Java 1-647
2026-06-24 23:42:00,053 WARN o.a.j.t.JMeterThread: Interrupting: Test member Java 1-647 sampler: sayHi
2026-06-24 23:42:00,055 INFO o.a.j.t.JMeterThread: Thread finished: Test member Java 1-647
2026-06-24 23:42:00,055 INFO o.a.j.t.JMeterThread: Stopping: Test member Java 1-179
2026-06-24 23:42:00,056 WARN o.a.j.t.JMeterThread: Interrupting: Test member Java 1-179 sampler: sayHi
2026-06-24 23:42:00,057 INFO o.a.j.t.JMeterThread: Thread finished: Test member Java 1-179
2026-06-24 23:42:00,057 INFO o.a.j.t.JMeterThread: Stopping: Test member Java 1-838
2026-06-24 23:42:00,060 WARN o.a.j.t.JMeterThread: Interrupting: Test member Java 1-838 sampler: sayHi
2026-06-24 23:42:00,062 INFO o.a.j.t.JMeterThread: Thread finished: Test member Java 1-838
2026-06-24 23:42:00,062 INFO o.a.j.t.JMeterThread: Stopping: Test member Java 1-119
2026-06-24 23:42:00,064 WARN o.a.j.t.JMeterThread: Interrupting: Test member Java 1-119 sampler: sayHi
2026-06-24 23:42:00,065 INFO o.a.j.t.JMeterThread: Stopping: Test member Java 1-957
2026-06-24 23:42:00,065 WARN o.a.j.t.JMeterThread: Interrupting: Test member Java 1-957 sampler: sayHi
2026-06-24 23:42:00,065 INFO o.a.j.t.JMeterThread: Thread finished: Test member Java 1-119
2026-06-24 23:42:00,070 INFO o.a.j.t.JMeterThread: Stopping: Test member Java 1-515
2026-06-24 23:42:00,070 WARN o.a.j.t.JMeterThread: Interrupting: Test member Java 1-515 sampler: sayHi
2026-06-24 23:42:00,070 INFO o.a.j.t.JMeterThread: Thread finished: Test member Java 1-957
2026-06-24 23:42:00,072 INFO o.a.j.t.JMeterThread: Thread finished: Test member Java 1-515
2026-06-24 23:42:00,072 INFO o.a.j.t.JMeterThread: Stopping: Test member Java 1-735
2026-06-24 23:42:00,073 WARN o.a.j.t.JMeterThread: Interrupting: Test member Java 1-735 sampler: sayHi
2026-06-24 23:42:00,074 INFO o.a.j.t.JMeterThread: Stopping: Test member Java 1-818
2026-06-24 23:42:00,074 INFO o.a.j.t.JMeterThread: Thread finished: Test member Java 1-735
2026-06-24 23:42:00,074 WARN o.a.j.t.JMeterThread: Interrupting: Test member Java 1-818 sampler: sayHi
2026-06-24 23:42:00,077 INFO o.a.j.t.JMeterThread: Thread finished: Test member Java 1-818
2026-06-24 23:42:00,079 INFO o.a.j.t.JMeterThread: Stopping: Test member Java 1-377
2026-06-24 23:42:00,080 WARN o.a.j.t.JMeterThread: Interrupting: Test member Java 1-377 sampler: sayHi
2026-06-24 23:42:00,083 INFO o.a.j.t.JMeterThread: Stopping: Test member Java 1-469
2026-06-24 23:42:00,083 WARN o.a.j.t.JMeterThread: Interrupting: Test member Java 1-469 sampler: sayHi
2026-06-24 23:42:00,083 INFO o.a.j.t.JMeterThread: Thread finished: Test member Java 1-377
2026-06-24 23:42:00,084 INFO o.a.j.t.JMeterThread: Stopping: Test member Java 1-249
2026-06-24 23:42:00,084 WARN o.a.j.t.JMeterThread: Interrupting: Test member Java 1-249 sampler: sayHi
2026-06-24 23:42:00,084 INFO o.a.j.t.JMeterThread: Stopping: Test member Java 1-848
2026-06-24 23:42:00,084 WARN o.a.j.t.JMeterThread: Interrupting: Test member Java 1-848 sampler: sayHi
2026-06-24 23:42:00,084 INFO o.a.j.t.JMeterThread: Stopping: Test member Java 1-707
2026-06-24 23:42:00,084 WARN o.a.j.t.JMeterThread: Interrupting: Test member Java 1-707 sampler: sayHi
2026-06-24 23:42:00,084 INFO o.a.j.t.JMeterThread: Thread finished: Test member Java 1-469
2026-06-24 23:42:00,084 INFO o.a.j.t.JMeterThread: Thread finished: Test member Java 1-249
2026-06-24 23:42:00,085 INFO o.a.j.t.JMeterThread: Thread finished: Test member Java 1-848
2026-06-24 23:42:00,088 INFO o.a.j.t.JMeterThread: Stopping: Test member Java 1-327
2026-06-24 23:42:00,088 INFO o.a.j.t.JMeterThread: Thread finished: Test member Java 1-707
2026-06-24 23:42:00,090 WARN o.a.j.t.JMeterThread: Interrupting: Test member Java 1-327 sampler: sayHi
2026-06-24 23:42:00,092 INFO o.a.j.t.JMeterThread: Thread finished: Test member Java 1-327
2026-06-24 23:42:00,094 INFO o.a.j.t.JMeterThread: Stopping: Test member Java 1-453
2026-06-24 23:42:00,095 WARN o.a.j.t.JMeterThread: Interrupting: Test member Java 1-453 sampler: sayHi
2026-06-24 23:42:00,100 INFO o.a.j.t.JMeterThread: Stopping: Test member Java 1-517
2026-06-24 23:42:00,100 WARN o.a.j.t.JMeterThread: Interrupting: Test member Java 1-517 sampler: sayHi
2026-06-24 23:42:00,100 INFO o.a.j.t.JMeterThread: Thread finished: Test member Java 1-453
2026-06-24 23:42:00,101 INFO o.a.j.t.JMeterThread: Stopping: Test member Java 1-5
2026-06-24 23:42:00,101 WARN o.a.j.t.JMeterThread: Interrupting: Test member Java 1-5 sampler: sayHi
2026-06-24 23:42:00,101 INFO o.a.j.t.JMeterThread: Thread finished: Test member Java 1-517
2026-06-24 23:42:00,101 INFO o.a.j.t.JMeterThread: Stopping: Test member Java 1-504
2026-06-24 23:42:00,101 WARN o.a.j.t.JMeterThread: Interrupting: Test member Java 1-504 sampler: sayHi
2026-06-24 23:42:00,101 INFO o.a.j.t.JMeterThread: Thread finished: Test member Java 1-5
2026-06-24 23:42:00,104 INFO o.a.j.t.JMeterThread: Stopping: Test member Java 1-299
2026-06-24 23:42:00,104 INFO o.a.j.t.JMeterThread: Thread finished: Test member Java 1-504
2026-06-24 23:42:00,104 WARN o.a.j.t.JMeterThread: Interrupting: Test member Java 1-299 sampler: sayHi
2026-06-24 23:42:00,107 INFO o.a.j.t.JMeterThread: Thread finished: Test member Java 1-299
2026-06-24 23:42:00,111 INFO o.a.j.t.JMeterThread: Stopping: Test member Java 1-391
2026-06-24 23:42:00,111 WARN o.a.j.t.JMeterThread: Interrupting: Test member Java 1-391 sampler: sayHi
2026-06-24 23:42:00,113 INFO o.a.j.t.JMeterThread: Stopping: Test member Java 1-343
2026-06-24 23:42:00,114 INFO o.a.j.t.JMeterThread: Thread finished: Test member Java 1-391
2026-06-24 23:42:00,114 WARN o.a.j.t.JMeterThread: Interrupting: Test member Java 1-343 sampler: sayHi
2026-06-24 23:42:00,117 INFO o.a.j.t.JMeterThread: Stopping: Test member Java 1-552
2026-06-24 23:42:00,117 INFO o.a.j.t.JMeterThread: Thread finished: Test member Java 1-343
2026-06-24 23:42:00,117 WARN o.a.j.t.JMeterThread: Interrupting: Test member Java 1-552 sampler: sayHi
2026-06-24 23:42:00,118 INFO o.a.j.t.JMeterThread: Stopping: Test member Java 1-891
2026-06-24 23:42:00,118 WARN o.a.j.t.JMeterThread: Interrupting: Test member Java 1-891 sampler: sayHi
2026-06-24 23:42:00,119 INFO o.a.j.t.JMeterThread: Thread finished: Test member Java 1-552
2026-06-24 23:42:00,119 INFO o.a.j.t.JMeterThread: Stopping: Test member Java 1-192
2026-06-24 23:42:00,119 INFO o.a.j.t.JMeterThread: Thread finished: Test member Java 1-891
2026-06-24 23:42:00,120 WARN o.a.j.t.JMeterThread: Interrupting: Test member Java 1-192 sampler: sayHi
2026-06-24 23:42:00,122 INFO o.a.j.t.JMeterThread: Stopping: Test member Java 1-21
2026-06-24 23:42:00,122 WARN o.a.j.t.JMeterThread: Interrupting: Test member Java 1-21 sampler: sayHi
2026-06-24 23:42:00,122 INFO o.a.j.t.JMeterThread: Thread finished: Test member Java 1-192
2026-06-24 23:42:00,123 INFO o.a.j.t.JMeterThread: Thread finished: Test member Java 1-21
2026-06-24 23:42:00,126 INFO o.a.j.t.JMeterThread: Stopping: Test member Java 1-717
2026-06-24 23:42:00,126 WARN o.a.j.t.JMeterThread: Interrupting: Test member Java 1-717 sampler: sayHi
2026-06-24 23:42:00,129 INFO o.a.j.t.JMeterThread: Stopping: Test member Java 1-82
2026-06-24 23:42:00,129 WARN o.a.j.t.JMeterThread: Interrupting: Test member Java 1-82 sampler: sayHi
2026-06-24 23:42:00,129 INFO o.a.j.t.JMeterThread: Thread finished: Test member Java 1-717
2026-06-24 23:42:00,129 INFO o.a.j.t.JMeterThread: Stopping: Test member Java 1-412
2026-06-24 23:42:00,129 WARN o.a.j.t.JMeterThread: Interrupting: Test member Java 1-412 sampler: sayHi
2026-06-24 23:42:00,130 INFO o.a.j.t.JMeterThread: Thread finished: Test member Java 1-82
2026-06-24 23:42:00,132 INFO o.a.j.t.JMeterThread: Stopping: Test member Java 1-180
2026-06-24 23:42:00,133 WARN o.a.j.t.JMeterThread: Interrupting: Test member Java 1-180 sampler: sayHi
2026-06-24 23:42:00,133 INFO o.a.j.t.JMeterThread: Thread finished: Test member Java 1-412
2026-06-24 23:42:00,134 INFO o.a.j.t.JMeterThread: Stopping: Test member Java 1-315
2026-06-24 23:42:00,134 WARN o.a.j.t.JMeterThread: Interrupting: Test member Java 1-315 sampler: sayHi
2026-06-24 23:42:00,135 INFO o.a.j.t.JMeterThread: Thread finished: Test member Java 1-180
2026-06-24 23:42:00,135 INFO o.a.j.t.JMeterThread: Stopping: Test member Java 1-506
2026-06-24 23:42:00,135 WARN o.a.j.t.JMeterThread: Interrupting: Test member Java 1-506 sampler: sayHi
2026-06-24 23:42:00,135 INFO o.a.j.t.JMeterThread: Thread finished: Test member Java 1-315
2026-06-24 23:42:00,138 INFO o.a.j.t.JMeterThread: Thread finished: Test member Java 1-506
2026-06-24 23:42:00,140 INFO o.a.j.t.JMeterThread: Stopping: Test member Java 1-295
2026-06-24 23:42:00,140 WARN o.a.j.t.JMeterThread: Interrupting: Test member Java 1-295 sampler: sayHi
2026-06-24 23:42:00,142 INFO o.a.j.t.JMeterThread: Stopping: Test member Java 1-687
2026-06-24 23:42:00,143 INFO o.a.j.t.JMeterThread: Thread finished: Test member Java 1-295
2026-06-24 23:42:00,144 WARN o.a.j.t.JMeterThread: Interrupting: Test member Java 1-687 sampler: sayHi
2026-06-24 23:42:00,145 INFO o.a.j.t.JMeterThread: Stopping: Test member Java 1-856
2026-06-24 23:42:00,145 INFO o.a.j.t.JMeterThread: Thread finished: Test member Java 1-687
2026-06-24 23:42:00,145 WARN o.a.j.t.JMeterThread: Interrupting: Test member Java 1-856 sampler: sayHi
2026-06-24 23:42:00,146 INFO o.a.j.t.JMeterThread: Stopping: Test member Java 1-221
2026-06-24 23:42:00,146 WARN o.a.j.t.JMeterThread: Interrupting: Test member Java 1-221 sampler: sayHi
2026-06-24 23:42:00,146 INFO o.a.j.t.JMeterThread: Thread finished: Test member Java 1-856
2026-06-24 23:42:00,147 INFO o.a.j.t.JMeterThread: Stopping: Test member Java 1-705
2026-06-24 23:42:00,147 INFO o.a.j.t.JMeterThread: Thread finished: Test member Java 1-221
2026-06-24 23:42:00,147 WARN o.a.j.t.JMeterThread: Interrupting: Test member Java 1-705 sampler: sayHi
2026-06-24 23:42:00,148 INFO o.a.j.t.JMeterThread: Stopping: Test member Java 1-811
2026-06-24 23:42:00,149 WARN o.a.j.t.JMeterThread: Interrupting: Test member Java 1-811 sampler: sayHi
2026-06-24 23:42:00,149 INFO o.a.j.t.JMeterThread: Thread finished: Test member Java 1-705
2026-06-24 23:42:00,149 INFO o.a.j.t.JMeterThread: Stopping: Test member Java 1-300
2026-06-24 23:42:00,150 WARN o.a.j.t.JMeterThread: Interrupting: Test member Java 1-300 sampler: sayHi
2026-06-24 23:42:00,150 INFO o.a.j.t.JMeterThread: Thread finished: Test member Java 1-811
2026-06-24 23:42:00,151 INFO o.a.j.t.JMeterThread: Stopping: Test member Java 1-929
2026-06-24 23:42:00,151 WARN o.a.j.t.JMeterThread: Interrupting: Test member Java 1-929 sampler: sayHi
2026-06-24 23:42:00,151 INFO o.a.j.t.JMeterThread: Thread finished: Test member Java 1-300
2026-06-24 23:42:00,153 INFO o.a.j.t.JMeterThread: Stopping: Test member Java 1-655
2026-06-24 23:42:00,153 WARN o.a.j.t.JMeterThread: Interrupting: Test member Java 1-655 sampler: sayHi
2026-06-24 23:42:00,153 INFO o.a.j.t.JMeterThread: Thread finished: Test member Java 1-929
2026-06-24 23:42:00,154 INFO o.a.j.t.JMeterThread: Stopping: Test member Java 1-502
2026-06-24 23:42:00,154 INFO o.a.j.t.JMeterThread: Thread finished: Test member Java 1-655
2026-06-24 23:42:00,154 WARN o.a.j.t.JMeterThread: Interrupting: Test member Java 1-502 sampler: sayHi
2026-06-24 23:42:00,157 INFO o.a.j.t.JMeterThread: Stopping: Test member Java 1-214
2026-06-24 23:42:00,157 WARN o.a.j.t.JMeterThread: Interrupting: Test member Java 1-214 sampler: sayHi
2026-06-24 23:42:00,157 INFO o.a.j.t.JMeterThread: Thread finished: Test member Java 1-502
2026-06-24 23:42:00,159 INFO o.a.j.t.JMeterThread: Stopping: Test member Java 1-642
2026-06-24 23:42:00,159 INFO o.a.j.t.JMeterThread: Thread finished: Test member Java 1-214
2026-06-24 23:42:00,159 WARN o.a.j.t.JMeterThread: Interrupting: Test member Java 1-642 sampler: sayHi
2026-06-24 23:42:00,162 INFO o.a.j.t.JMeterThread: Stopping: Test member Java 1-267
2026-06-24 23:42:00,162 WARN o.a.j.t.JMeterThread: Interrupting: Test member Java 1-267 sampler: sayHi
2026-06-24 23:42:00,162 INFO o.a.j.t.JMeterThread: Thread finished: Test member Java 1-642
2026-06-24 23:42:00,164 INFO o.a.j.t.JMeterThread: Thread finished: Test member Java 1-267
2026-06-24 23:42:00,164 INFO o.a.j.t.JMeterThread: Stopping: Test member Java 1-365
2026-06-24 23:42:00,166 WARN o.a.j.t.JMeterThread: Interrupting: Test member Java 1-365 sampler: sayHi
2026-06-24 23:42:00,167 INFO o.a.j.t.JMeterThread: Stopping: Test member Java 1-198
2026-06-24 23:42:00,167 WARN o.a.j.t.JMeterThread: Interrupting: Test member Java 1-198 sampler: sayHi
2026-06-24 23:42:00,167 INFO o.a.j.t.JMeterThread: Thread finished: Test member Java 1-365
2026-06-24 23:42:00,167 INFO o.a.j.t.JMeterThread: Stopping: Test member Java 1-421
2026-06-24 23:42:00,168 WARN o.a.j.t.JMeterThread: Interrupting: Test member Java 1-421 sampler: sayHi
2026-06-24 23:42:00,168 INFO o.a.j.t.JMeterThread: Thread finished: Test member Java 1-198
2026-06-24 23:42:00,171 INFO o.a.j.t.JMeterThread: Stopping: Test member Java 1-560
2026-06-24 23:42:00,171 INFO o.a.j.t.JMeterThread: Thread finished: Test member Java 1-421
2026-06-24 23:42:00,171 WARN o.a.j.t.JMeterThread: Interrupting: Test member Java 1-560 sampler: sayHi
2026-06-24 23:42:00,173 INFO o.a.j.t.JMeterThread: Stopping: Test member Java 1-813
2026-06-24 23:42:00,173 WARN o.a.j.t.JMeterThread: Interrupting: Test member Java 1-813 sampler: sayHi
2026-06-24 23:42:00,173 INFO o.a.j.t.JMeterThread: Thread finished: Test member Java 1-560
2026-06-24 23:42:00,176 INFO o.a.j.t.JMeterThread: Stopping: Test member Java 1-579
2026-06-24 23:42:00,176 WARN o.a.j.t.JMeterThread: Interrupting: Test member Java 1-579 sampler: sayHi
2026-06-24 23:42:00,176 INFO o.a.j.t.JMeterThread: Thread finished: Test member Java 1-813
2026-06-24 23:42:00,179 INFO o.a.j.t.JMeterThread: Thread finished: Test member Java 1-579
2026-06-24 23:42:00,179 INFO o.a.j.t.JMeterThread: Stopping: Test member Java 1-644
2026-06-24 23:42:00,179 WARN o.a.j.t.JMeterThread: Interrupting: Test member Java 1-644 sampler: sayHi
2026-06-24 23:42:00,182 INFO o.a.j.t.JMeterThread: Stopping: Test member Java 1-449
2026-06-24 23:42:00,182 WARN o.a.j.t.JMeterThread: Interrupting: Test member Java 1-449 sampler: sayHi
2026-06-24 23:42:00,182 INFO o.a.j.t.JMeterThread: Thread finished: Test member Java 1-644
2026-06-24 23:42:00,184 INFO o.a.j.t.JMeterThread: Stopping: Test member Java 1-606
2026-06-24 23:42:00,184 WARN o.a.j.t.JMeterThread: Interrupting: Test member Java 1-606 sampler: sayHi
2026-06-24 23:42:00,184 INFO o.a.j.t.JMeterThread: Thread finished: Test member Java 1-449
2026-06-24 23:42:00,186 INFO o.a.j.t.JMeterThread: Thread finished: Test member Java 1-606
2026-06-24 23:42:00,187 INFO o.a.j.t.JMeterThread: Stopping: Test member Java 1-211
2026-06-24 23:42:00,188 WARN o.a.j.t.JMeterThread: Interrupting: Test member Java 1-211 sampler: sayHi
2026-06-24 23:42:00,190 INFO o.a.j.t.JMeterThread: Thread finished: Test member Java 1-211
2026-06-24 23:42:00,191 INFO o.a.j.t.JMeterThread: Stopping: Test member Java 1-695
2026-06-24 23:42:00,191 WARN o.a.j.t.JMeterThread: Interrupting: Test member Java 1-695 sampler: sayHi
2026-06-24 23:42:00,192 INFO o.a.j.t.JMeterThread: Stopping: Test member Java 1-470
2026-06-24 23:42:00,193 WARN o.a.j.t.JMeterThread: Interrupting: Test member Java 1-470 sampler: sayHi
2026-06-24 23:42:00,193 INFO o.a.j.t.JMeterThread: Thread finished: Test member Java 1-695
2026-06-24 23:42:00,195 INFO o.a.j.t.JMeterThread: Stopping: Test member Java 1-587
2026-06-24 23:42:00,196 WARN o.a.j.t.JMeterThread: Interrupting: Test member Java 1-587 sampler: sayHi
2026-06-24 23:42:00,196 INFO o.a.j.t.JMeterThread: Thread finished: Test member Java 1-470
2026-06-24 23:42:00,197 INFO o.a.j.t.JMeterThread: Stopping: Test member Java 1-268
2026-06-24 23:42:00,198 INFO o.a.j.t.JMeterThread: Thread finished: Test member Java 1-587
2026-06-24 23:42:00,199 WARN o.a.j.t.JMeterThread: Interrupting: Test member Java 1-268 sampler: sayHi
2026-06-24 23:42:00,200 INFO o.a.j.t.JMeterThread: Stopping: Test member Java 1-547
2026-06-24 23:42:00,200 WARN o.a.j.t.JMeterThread: Interrupting: Test member Java 1-547 sampler: sayHi
2026-06-24 23:42:00,200 INFO o.a.j.t.JMeterThread: Thread finished: Test member Java 1-268
2026-06-24 23:42:00,201 INFO o.a.j.t.JMeterThread: Thread finished: Test member Java 1-547
2026-06-24 23:42:00,201 INFO o.a.j.t.JMeterThread: Stopping: Test member Java 1-696
2026-06-24 23:42:00,202 WARN o.a.j.t.JMeterThread: Interrupting: Test member Java 1-696 sampler: sayHi
2026-06-24 23:42:00,202 INFO o.a.j.t.JMeterThread: Stopping: Test member Java 1-887
2026-06-24 23:42:00,202 INFO o.a.j.t.JMeterThread: Thread finished: Test member Java 1-696
2026-06-24 23:42:00,203 WARN o.a.j.t.JMeterThread: Interrupting: Test member Java 1-887 sampler: sayHi
2026-06-24 23:42:00,203 INFO o.a.j.t.JMeterThread: Stopping: Test member Java 1-638
2026-06-24 23:42:00,204 INFO o.a.j.t.JMeterThread: Thread finished: Test member Java 1-887
2026-06-24 23:42:00,203 WARN o.a.j.t.JMeterThread: Interrupting: Test member Java 1-638 sampler: sayHi
2026-06-24 23:42:00,206 INFO o.a.j.t.JMeterThread: Stopping: Test member Java 1-969
2026-06-24 23:42:00,206 INFO o.a.j.t.JMeterThread: Thread finished: Test member Java 1-638
2026-06-24 23:42:00,207 WARN o.a.j.t.JMeterThread: Interrupting: Test member Java 1-969 sampler: sayHi
2026-06-24 23:42:00,213 INFO o.a.j.t.JMeterThread: Thread finished: Test member Java 1-969
2026-06-24 23:42:00,213 INFO o.a.j.t.JMeterThread: Stopping: Test member Java 1-266
2026-06-24 23:42:00,214 WARN o.a.j.t.JMeterThread: Interrupting: Test member Java 1-266 sampler: sayHi
2026-06-24 23:42:00,215 INFO o.a.j.t.JMeterThread: Stopping: Test member Java 1-882
2026-06-24 23:42:00,215 WARN o.a.j.t.JMeterThread: Interrupting: Test member Java 1-882 sampler: sayHi
2026-06-24 23:42:00,215 INFO o.a.j.t.JMeterThread: Thread finished: Test member Java 1-266
2026-06-24 23:42:00,216 INFO o.a.j.t.JMeterThread: Stopping: Test member Java 1-821
2026-06-24 23:42:00,216 WARN o.a.j.t.JMeterThread: Interrupting: Test member Java 1-821 sampler: sayHi
2026-06-24 23:42:00,216 INFO o.a.j.t.JMeterThread: Thread finished: Test member Java 1-882
2026-06-24 23:42:00,217 INFO o.a.j.t.JMeterThread: Stopping: Test member Java 1-349
2026-06-24 23:42:00,217 WARN o.a.j.t.JMeterThread: Interrupting: Test member Java 1-349 sampler: sayHi
2026-06-24 23:42:00,218 INFO o.a.j.t.JMeterThread: Thread finished: Test member Java 1-821
2026-06-24 23:42:00,218 INFO o.a.j.t.JMeterThread: Stopping: Test member Java 1-451
2026-06-24 23:42:00,218 WARN o.a.j.t.JMeterThread: Interrupting: Test member Java 1-451 sampler: sayHi
2026-06-24 23:42:00,218 INFO o.a.j.t.JMeterThread: Thread finished: Test member Java 1-349
2026-06-24 23:42:00,219 INFO o.a.j.t.JMeterThread: Stopping: Test member Java 1-790
2026-06-24 23:42:00,220 WARN o.a.j.t.JMeterThread: Interrupting: Test member Java 1-790 sampler: sayHi
2026-06-24 23:42:00,220 INFO o.a.j.t.JMeterThread: Thread finished: Test member Java 1-451
2026-06-24 23:42:00,220 INFO o.a.j.t.JMeterThread: Stopping: Test member Java 1-535
2026-06-24 23:42:00,220 WARN o.a.j.t.JMeterThread: Interrupting: Test member Java 1-535 sampler: sayHi
2026-06-24 23:42:00,221 INFO o.a.j.t.JMeterThread: Thread finished: Test member Java 1-790
2026-06-24 23:42:00,222 INFO o.a.j.t.JMeterThread: Stopping: Test member Java 1-256
2026-06-24 23:42:00,223 INFO o.a.j.t.JMeterThread: Thread finished: Test member Java 1-535
2026-06-24 23:42:00,223 WARN o.a.j.t.JMeterThread: Interrupting: Test member Java 1-256 sampler: sayHi
2026-06-24 23:42:00,224 INFO o.a.j.t.JMeterThread: Stopping: Test member Java 1-134
2026-06-24 23:42:00,224 INFO o.a.j.t.JMeterThread: Thread finished: Test member Java 1-256
2026-06-24 23:42:00,224 WARN o.a.j.t.JMeterThread: Interrupting: Test member Java 1-134 sampler: sayHi
2026-06-24 23:42:00,225 INFO o.a.j.t.JMeterThread: Thread finished: Test member Java 1-134
2026-06-24 23:42:00,228 INFO o.a.j.t.JMeterThread: Stopping: Test member Java 1-387
2026-06-24 23:42:00,228 WARN o.a.j.t.JMeterThread: Interrupting: Test member Java 1-387 sampler: sayHi
2026-06-24 23:42:00,230 INFO o.a.j.t.JMeterThread: Stopping: Test member Java 1-898
2026-06-24 23:42:00,230 INFO o.a.j.t.JMeterThread: Thread finished: Test member Java 1-387
2026-06-24 23:42:00,230 WARN o.a.j.t.JMeterThread: Interrupting: Test member Java 1-898 sampler: sayHi
2026-06-24 23:42:00,232 INFO o.a.j.t.JMeterThread: Stopping: Test member Java 1-549
2026-06-24 23:42:00,232 INFO o.a.j.t.JMeterThread: Thread finished: Test member Java 1-898
2026-06-24 23:42:00,234 WARN o.a.j.t.JMeterThread: Interrupting: Test member Java 1-549 sampler: sayHi
2026-06-24 23:42:00,238 INFO o.a.j.t.JMeterThread: Stopping: Test member Java 1-528
2026-06-24 23:42:00,238 WARN o.a.j.t.JMeterThread: Interrupting: Test member Java 1-528 sampler: sayHi
2026-06-24 23:42:00,238 INFO o.a.j.t.JMeterThread: Thread finished: Test member Java 1-549
2026-06-24 23:42:00,240 INFO o.a.j.t.JMeterThread: Thread finished: Test member Java 1-528
2026-06-24 23:42:00,241 INFO o.a.j.t.JMeterThread: Stopping: Test member Java 1-386
2026-06-24 23:42:00,244 WARN o.a.j.t.JMeterThread: Interrupting: Test member Java 1-386 sampler: sayHi
2026-06-24 23:42:00,249 INFO o.a.j.t.JMeterThread: Thread finished: Test member Java 1-386
2026-06-24 23:42:00,249 INFO o.a.j.t.JMeterThread: Stopping: Test member Java 1-685
2026-06-24 23:42:00,249 WARN o.a.j.t.JMeterThread: Interrupting: Test member Java 1-685 sampler: sayHi
2026-06-24 23:42:00,251 INFO o.a.j.t.JMeterThread: Stopping: Test member Java 1-767
2026-06-24 23:42:00,252 INFO o.a.j.t.JMeterThread: Thread finished: Test member Java 1-685
2026-06-24 23:42:00,252 WARN o.a.j.t.JMeterThread: Interrupting: Test member Java 1-767 sampler: sayHi
2026-06-24 23:42:00,257 INFO o.a.j.t.JMeterThread: Thread finished: Test member Java 1-767
2026-06-24 23:42:00,257 INFO o.a.j.t.JMeterThread: Stopping: Test member Java 1-521
2026-06-24 23:42:00,258 WARN o.a.j.t.JMeterThread: Interrupting: Test member Java 1-521 sampler: sayHi
2026-06-24 23:42:00,262 INFO o.a.j.t.JMeterThread: Stopping: Test member Java 1-775
2026-06-24 23:42:00,262 WARN o.a.j.t.JMeterThread: Interrupting: Test member Java 1-775 sampler: sayHi
2026-06-24 23:42:00,262 INFO o.a.j.t.JMeterThread: Thread finished: Test member Java 1-521
2026-06-24 23:42:00,265 INFO o.a.j.t.JMeterThread: Stopping: Test member Java 1-4
2026-06-24 23:42:00,265 INFO o.a.j.t.JMeterThread: Thread finished: Test member Java 1-775
2026-06-24 23:42:00,265 WARN o.a.j.t.JMeterThread: Interrupting: Test member Java 1-4 sampler: sayHi
2026-06-24 23:42:00,268 INFO o.a.j.t.JMeterThread: Thread finished: Test member Java 1-4
2026-06-24 23:42:00,271 INFO o.a.j.t.JMeterThread: Stopping: Test member Java 1-553
2026-06-24 23:42:00,272 WARN o.a.j.t.JMeterThread: Interrupting: Test member Java 1-553 sampler: sayHi
2026-06-24 23:42:00,275 INFO o.a.j.t.JMeterThread: Thread finished: Test member Java 1-553
2026-06-24 23:42:00,276 INFO o.a.j.t.JMeterThread: Stopping: Test member Java 1-614
2026-06-24 23:42:00,277 WARN o.a.j.t.JMeterThread: Interrupting: Test member Java 1-614 sampler: sayHi
2026-06-24 23:42:00,279 INFO o.a.j.t.JMeterThread: Thread finished: Test member Java 1-614
2026-06-24 23:42:00,280 INFO o.a.j.t.JMeterThread: Stopping: Test member Java 1-816
2026-06-24 23:42:00,280 WARN o.a.j.t.JMeterThread: Interrupting: Test member Java 1-816 sampler: sayHi
2026-06-24 23:42:00,282 INFO o.a.j.t.JMeterThread: Stopping: Test member Java 1-29
2026-06-24 23:42:00,282 WARN o.a.j.t.JMeterThread: Interrupting: Test member Java 1-29 sampler: sayHi
2026-06-24 23:42:00,283 INFO o.a.j.t.JMeterThread: Thread finished: Test member Java 1-816
2026-06-24 23:42:00,284 INFO o.a.j.t.JMeterThread: Stopping: Test member Java 1-115
2026-06-24 23:42:00,284 WARN o.a.j.t.JMeterThread: Interrupting: Test member Java 1-115 sampler: sayHi
2026-06-24 23:42:00,284 INFO o.a.j.t.JMeterThread: Thread finished: Test member Java 1-29
2026-06-24 23:42:00,284 INFO o.a.j.t.JMeterThread: Stopping: Test member Java 1-627
2026-06-24 23:42:00,285 INFO o.a.j.t.JMeterThread: Thread finished: Test member Java 1-115
2026-06-24 23:42:00,285 WARN o.a.j.t.JMeterThread: Interrupting: Test member Java 1-627 sampler: sayHi
2026-06-24 23:42:00,287 INFO o.a.j.t.JMeterThread: Thread finished: Test member Java 1-627
2026-06-24 23:42:00,287 INFO o.a.j.t.JMeterThread: Stopping: Test member Java 1-307
2026-06-24 23:42:00,288 WARN o.a.j.t.JMeterThread: Interrupting: Test member Java 1-307 sampler: sayHi
2026-06-24 23:42:00,291 INFO o.a.j.t.JMeterThread: Stopping: Test member Java 1-413
2026-06-24 23:42:00,291 INFO o.a.j.t.JMeterThread: Thread finished: Test member Java 1-307
2026-06-24 23:42:00,291 WARN o.a.j.t.JMeterThread: Interrupting: Test member Java 1-413 sampler: sayHi
2026-06-24 23:42:00,293 INFO o.a.j.t.JMeterThread: Stopping: Test member Java 1-316
2026-06-24 23:42:00,293 WARN o.a.j.t.JMeterThread: Interrupting: Test member Java 1-316 sampler: sayHi
2026-06-24 23:42:00,293 INFO o.a.j.t.JMeterThread: Thread finished: Test member Java 1-413
2026-06-24 23:42:00,293 INFO o.a.j.t.JMeterThread: Stopping: Test member Java 1-734
2026-06-24 23:42:00,293 WARN o.a.j.t.JMeterThread: Interrupting: Test member Java 1-734 sampler: sayHi
2026-06-24 23:42:00,293 INFO o.a.j.t.JMeterThread: Stopping: Test member Java 1-782
2026-06-24 23:42:00,294 WARN o.a.j.t.JMeterThread: Interrupting: Test member Java 1-782 sampler: sayHi
2026-06-24 23:42:00,294 INFO o.a.j.t.JMeterThread: Thread finished: Test member Java 1-316
2026-06-24 23:42:00,294 INFO o.a.j.t.JMeterThread: Thread finished: Test member Java 1-734
2026-06-24 23:42:00,294 INFO o.a.j.t.JMeterThread: Stopping: Test member Java 1-989
2026-06-24 23:42:00,294 INFO o.a.j.t.JMeterThread: Thread finished: Test member Java 1-782
2026-06-24 23:42:00,294 WARN o.a.j.t.JMeterThread: Interrupting: Test member Java 1-989 sampler: sayHi
2026-06-24 23:42:00,295 INFO o.a.j.t.JMeterThread: Stopping: Test member Java 1-554
2026-06-24 23:42:00,295 WARN o.a.j.t.JMeterThread: Interrupting: Test member Java 1-554 sampler: sayHi
2026-06-24 23:42:00,295 INFO o.a.j.t.JMeterThread: Thread finished: Test member Java 1-989
2026-06-24 23:42:00,296 INFO o.a.j.t.JMeterThread: Stopping: Test member Java 1-292
2026-06-24 23:42:00,297 WARN o.a.j.t.JMeterThread: Interrupting: Test member Java 1-292 sampler: sayHi
2026-06-24 23:42:00,297 INFO o.a.j.t.JMeterThread: Thread finished: Test member Java 1-554
2026-06-24 23:42:00,298 INFO o.a.j.t.JMeterThread: Stopping: Test member Java 1-353
2026-06-24 23:42:00,298 INFO o.a.j.t.JMeterThread: Thread finished: Test member Java 1-292
2026-06-24 23:42:00,298 WARN o.a.j.t.JMeterThread: Interrupting: Test member Java 1-353 sampler: sayHi
2026-06-24 23:42:00,301 INFO o.a.j.t.JMeterThread: Stopping: Test member Java 1-368
2026-06-24 23:42:00,301 INFO o.a.j.t.JMeterThread: Thread finished: Test member Java 1-353
2026-06-24 23:42:00,301 WARN o.a.j.t.JMeterThread: Interrupting: Test member Java 1-368 sampler: sayHi
2026-06-24 23:42:00,302 INFO o.a.j.t.JMeterThread: Stopping: Test member Java 1-356
2026-06-24 23:42:00,302 INFO o.a.j.t.JMeterThread: Thread finished: Test member Java 1-368
2026-06-24 23:42:00,302 WARN o.a.j.t.JMeterThread: Interrupting: Test member Java 1-356 sampler: sayHi
2026-06-24 23:42:00,303 INFO o.a.j.t.JMeterThread: Stopping: Test member Java 1-886
2026-06-24 23:42:00,303 WARN o.a.j.t.JMeterThread: Interrupting: Test member Java 1-886 sampler: sayHi
2026-06-24 23:42:00,304 INFO o.a.j.t.JMeterThread: Thread finished: Test member Java 1-356
2026-06-24 23:42:00,304 INFO o.a.j.t.JMeterThread: Thread finished: Test member Java 1-886
2026-06-24 23:42:00,304 INFO o.a.j.t.JMeterThread: Stopping: Test member Java 1-726
2026-06-24 23:42:00,306 WARN o.a.j.t.JMeterThread: Interrupting: Test member Java 1-726 sampler: sayHi
2026-06-24 23:42:00,308 INFO o.a.j.t.JMeterThread: Stopping: Test member Java 1-293
2026-06-24 23:42:00,308 INFO o.a.j.t.JMeterThread: Thread finished: Test member Java 1-726
2026-06-24 23:42:00,309 WARN o.a.j.t.JMeterThread: Interrupting: Test member Java 1-293 sampler: sayHi
2026-06-24 23:42:00,309 INFO o.a.j.t.JMeterThread: Stopping: Test member Java 1-223
2026-06-24 23:42:00,309 WARN o.a.j.t.JMeterThread: Interrupting: Test member Java 1-223 sampler: sayHi
2026-06-24 23:42:00,309 INFO o.a.j.t.JMeterThread: Thread finished: Test member Java 1-293
2026-06-24 23:42:00,310 INFO o.a.j.t.JMeterThread: Stopping: Test member Java 1-708
2026-06-24 23:42:00,310 INFO o.a.j.t.JMeterThread: Thread finished: Test member Java 1-223
2026-06-24 23:42:00,311 WARN o.a.j.t.JMeterThread: Interrupting: Test member Java 1-708 sampler: sayHi
2026-06-24 23:42:00,311 INFO o.a.j.t.JMeterThread: Stopping: Test member Java 1-722
2026-06-24 23:42:00,311 WARN o.a.j.t.JMeterThread: Interrupting: Test member Java 1-722 sampler: sayHi
2026-06-24 23:42:00,311 INFO o.a.j.t.JMeterThread: Stopping: Test member Java 1-847
2026-06-24 23:42:00,311 INFO o.a.j.t.JMeterThread: Thread finished: Test member Java 1-708
2026-06-24 23:42:00,312 WARN o.a.j.t.JMeterThread: Interrupting: Test member Java 1-847 sampler: sayHi
2026-06-24 23:42:00,312 INFO o.a.j.t.JMeterThread: Thread finished: Test member Java 1-722
2026-06-24 23:42:00,313 INFO o.a.j.t.JMeterThread: Thread finished: Test member Java 1-847
2026-06-24 23:42:00,313 INFO o.a.j.t.JMeterThread: Stopping: Test member Java 1-690
2026-06-24 23:42:00,314 WARN o.a.j.t.JMeterThread: Interrupting: Test member Java 1-690 sampler: sayHi
2026-06-24 23:42:00,316 INFO o.a.j.t.JMeterThread: Thread finished: Test member Java 1-690
2026-06-24 23:42:00,316 INFO o.a.j.t.JMeterThread: Stopping: Test member Java 1-944
2026-06-24 23:42:00,316 WARN o.a.j.t.JMeterThread: Interrupting: Test member Java 1-944 sampler: sayHi
2026-06-24 23:42:00,317 INFO o.a.j.t.JMeterThread: Stopping: Test member Java 1-128
2026-06-24 23:42:00,317 WARN o.a.j.t.JMeterThread: Interrupting: Test member Java 1-128 sampler: sayHi
2026-06-24 23:42:00,317 INFO o.a.j.t.JMeterThread: Thread finished: Test member Java 1-944
2026-06-24 23:42:00,318 INFO o.a.j.t.JMeterThread: Stopping: Test member Java 1-173
2026-06-24 23:42:00,318 WARN o.a.j.t.JMeterThread: Interrupting: Test member Java 1-173 sampler: sayHi
2026-06-24 23:42:00,318 INFO o.a.j.t.JMeterThread: Stopping: Test member Java 1-842
2026-06-24 23:42:00,318 INFO o.a.j.t.JMeterThread: Thread finished: Test member Java 1-128
2026-06-24 23:42:00,318 WARN o.a.j.t.JMeterThread: Interrupting: Test member Java 1-842 sampler: sayHi
2026-06-24 23:42:00,318 INFO o.a.j.t.JMeterThread: Thread finished: Test member Java 1-173
2026-06-24 23:42:00,319 INFO o.a.j.t.JMeterThread: Stopping: Test member Java 1-618
2026-06-24 23:42:00,320 WARN o.a.j.t.JMeterThread: Interrupting: Test member Java 1-618 sampler: sayHi
2026-06-24 23:42:00,320 INFO o.a.j.t.JMeterThread: Thread finished: Test member Java 1-842
2026-06-24 23:42:00,321 INFO o.a.j.t.JMeterThread: Thread finished: Test member Java 1-618
2026-06-24 23:42:00,322 INFO o.a.j.t.JMeterThread: Stopping: Test member Java 1-383
2026-06-24 23:42:00,322 WARN o.a.j.t.JMeterThread: Interrupting: Test member Java 1-383 sampler: sayHi
2026-06-24 23:42:00,323 INFO o.a.j.t.JMeterThread: Stopping: Test member Java 1-879
2026-06-24 23:42:00,323 WARN o.a.j.t.JMeterThread: Interrupting: Test member Java 1-879 sampler: sayHi
2026-06-24 23:42:00,323 INFO o.a.j.t.JMeterThread: Thread finished: Test member Java 1-383
2026-06-24 23:42:00,324 INFO o.a.j.t.JMeterThread: Stopping: Test member Java 1-58
2026-06-24 23:42:00,324 INFO o.a.j.t.JMeterThread: Thread finished: Test member Java 1-879
2026-06-24 23:42:00,324 WARN o.a.j.t.JMeterThread: Interrupting: Test member Java 1-58 sampler: sayHi
2026-06-24 23:42:00,326 INFO o.a.j.t.JMeterThread: Stopping: Test member Java 1-218
2026-06-24 23:42:00,326 WARN o.a.j.t.JMeterThread: Interrupting: Test member Java 1-218 sampler: sayHi
2026-06-24 23:42:00,326 INFO o.a.j.t.JMeterThread: Thread finished: Test member Java 1-58
2026-06-24 23:42:00,327 INFO o.a.j.t.JMeterThread: Stopping: Test member Java 1-817
2026-06-24 23:42:00,327 WARN o.a.j.t.JMeterThread: Interrupting: Test member Java 1-817 sampler: sayHi
2026-06-24 23:42:00,327 INFO o.a.j.t.JMeterThread: Thread finished: Test member Java 1-218
2026-06-24 23:42:00,328 INFO o.a.j.t.JMeterThread: Stopping: Test member Java 1-907
2026-06-24 23:42:00,328 WARN o.a.j.t.JMeterThread: Interrupting: Test member Java 1-907 sampler: sayHi
2026-06-24 23:42:00,328 INFO o.a.j.t.JMeterThread: Thread finished: Test member Java 1-817
2026-06-24 23:42:00,328 INFO o.a.j.t.JMeterThread: Stopping: Test member Java 1-814
2026-06-24 23:42:00,329 WARN o.a.j.t.JMeterThread: Interrupting: Test member Java 1-814 sampler: sayHi
2026-06-24 23:42:00,329 INFO o.a.j.t.JMeterThread: Thread finished: Test member Java 1-907
2026-06-24 23:42:00,329 INFO o.a.j.t.JMeterThread: Stopping: Test member Java 1-900
2026-06-24 23:42:00,329 WARN o.a.j.t.JMeterThread: Interrupting: Test member Java 1-900 sampler: sayHi
2026-06-24 23:42:00,329 INFO o.a.j.t.JMeterThread: Thread finished: Test member Java 1-814
2026-06-24 23:42:00,330 INFO o.a.j.t.JMeterThread: Stopping: Test member Java 1-455
2026-06-24 23:42:00,330 WARN o.a.j.t.JMeterThread: Interrupting: Test member Java 1-455 sampler: sayHi
2026-06-24 23:42:00,330 INFO o.a.j.t.JMeterThread: Thread finished: Test member Java 1-900
2026-06-24 23:42:00,331 INFO o.a.j.t.JMeterThread: Stopping: Test member Java 1-961
2026-06-24 23:42:00,331 WARN o.a.j.t.JMeterThread: Interrupting: Test member Java 1-961 sampler: sayHi
2026-06-24 23:42:00,331 INFO o.a.j.t.JMeterThread: Thread finished: Test member Java 1-455
2026-06-24 23:42:00,331 INFO o.a.j.t.JMeterThread: Stopping: Test member Java 1-358
2026-06-24 23:42:00,331 WARN o.a.j.t.JMeterThread: Interrupting: Test member Java 1-358 sampler: sayHi
2026-06-24 23:42:00,332 INFO o.a.j.t.JMeterThread: Thread finished: Test member Java 1-961
2026-06-24 23:42:00,333 INFO o.a.j.t.JMeterThread: Stopping: Test member Java 1-665
2026-06-24 23:42:00,334 INFO o.a.j.t.JMeterThread: Thread finished: Test member Java 1-358
2026-06-24 23:42:00,334 WARN o.a.j.t.JMeterThread: Interrupting: Test member Java 1-665 sampler: sayHi
2026-06-24 23:42:00,335 INFO o.a.j.t.JMeterThread: Stopping: Test member Java 1-241
2026-06-24 23:42:00,335 WARN o.a.j.t.JMeterThread: Interrupting: Test member Java 1-241 sampler: sayHi
2026-06-24 23:42:00,335 INFO o.a.j.t.JMeterThread: Thread finished: Test member Java 1-665
2026-06-24 23:42:00,337 INFO o.a.j.t.JMeterThread: Stopping: Test member Java 1-191
2026-06-24 23:42:00,337 WARN o.a.j.t.JMeterThread: Interrupting: Test member Java 1-191 sampler: sayHi
2026-06-24 23:42:00,337 INFO o.a.j.t.JMeterThread: Thread finished: Test member Java 1-241
2026-06-24 23:42:00,338 INFO o.a.j.t.JMeterThread: Stopping: Test member Java 1-466
2026-06-24 23:42:00,338 INFO o.a.j.t.JMeterThread: Thread finished: Test member Java 1-191
2026-06-24 23:42:00,338 WARN o.a.j.t.JMeterThread: Interrupting: Test member Java 1-466 sampler: sayHi
2026-06-24 23:42:00,339 INFO o.a.j.t.JMeterThread: Stopping: Test member Java 1-250
2026-06-24 23:42:00,339 WARN o.a.j.t.JMeterThread: Interrupting: Test member Java 1-250 sampler: sayHi
2026-06-24 23:42:00,339 INFO o.a.j.t.JMeterThread: Thread finished: Test member Java 1-466
2026-06-24 23:42:00,341 INFO o.a.j.t.JMeterThread: Stopping: Test member Java 1-340
2026-06-24 23:42:00,341 INFO o.a.j.t.JMeterThread: Thread finished: Test member Java 1-250
2026-06-24 23:42:00,341 WARN o.a.j.t.JMeterThread: Interrupting: Test member Java 1-340 sampler: sayHi
2026-06-24 23:42:00,341 INFO o.a.j.t.JMeterThread: Stopping: Test member Java 1-662
2026-06-24 23:42:00,341 WARN o.a.j.t.JMeterThread: Interrupting: Test member Java 1-662 sampler: sayHi
2026-06-24 23:42:00,342 INFO o.a.j.t.JMeterThread: Thread finished: Test member Java 1-340
2026-06-24 23:42:00,343 INFO o.a.j.t.JMeterThread: Stopping: Test member Java 1-777
2026-06-24 23:42:00,343 WARN o.a.j.t.JMeterThread: Interrupting: Test member Java 1-777 sampler: sayHi
2026-06-24 23:42:00,343 INFO o.a.j.t.JMeterThread: Thread finished: Test member Java 1-662
2026-06-24 23:42:00,344 INFO o.a.j.t.JMeterThread: Stopping: Test member Java 1-35
2026-06-24 23:42:00,345 WARN o.a.j.t.JMeterThread: Interrupting: Test member Java 1-35 sampler: sayHi
2026-06-24 23:42:00,345 INFO o.a.j.t.JMeterThread: Thread finished: Test member Java 1-777
2026-06-24 23:42:00,345 INFO o.a.j.t.JMeterThread: Stopping: Test member Java 1-704
2026-06-24 23:42:00,345 WARN o.a.j.t.JMeterThread: Interrupting: Test member Java 1-704 sampler: sayHi
2026-06-24 23:42:00,346 INFO o.a.j.t.JMeterThread: Thread finished: Test member Java 1-35
2026-06-24 23:42:00,347 INFO o.a.j.t.JMeterThread: Stopping: Test member Java 1-71
2026-06-24 23:42:00,347 WARN o.a.j.t.JMeterThread: Interrupting: Test member Java 1-71 sampler: sayHi
2026-06-24 23:42:00,347 INFO o.a.j.t.JMeterThread: Thread finished: Test member Java 1-704
2026-06-24 23:42:00,348 INFO o.a.j.t.JMeterThread: Stopping: Test member Java 1-120
2026-06-24 23:42:00,348 WARN o.a.j.t.JMeterThread: Interrupting: Test member Java 1-120 sampler: sayHi
2026-06-24 23:42:00,348 INFO o.a.j.t.JMeterThread: Thread finished: Test member Java 1-71
2026-06-24 23:42:00,348 INFO o.a.j.t.JMeterThread: Stopping: Test member Java 1-976
2026-06-24 23:42:00,349 WARN o.a.j.t.JMeterThread: Interrupting: Test member Java 1-976 sampler: sayHi
2026-06-24 23:42:00,349 INFO o.a.j.t.JMeterThread: Thread finished: Test member Java 1-120
2026-06-24 23:42:00,349 INFO o.a.j.t.JMeterThread: Stopping: Test member Java 1-37
2026-06-24 23:42:00,349 WARN o.a.j.t.JMeterThread: Interrupting: Test member Java 1-37 sampler: sayHi
2026-06-24 23:42:00,349 INFO o.a.j.t.JMeterThread: Thread finished: Test member Java 1-976
2026-06-24 23:42:00,350 INFO o.a.j.t.JMeterThread: Stopping: Test member Java 1-354
2026-06-24 23:42:00,350 WARN o.a.j.t.JMeterThread: Interrupting: Test member Java 1-354 sampler: sayHi
2026-06-24 23:42:00,350 INFO o.a.j.t.JMeterThread: Thread finished: Test member Java 1-37
2026-06-24 23:42:00,351 INFO o.a.j.t.JMeterThread: Stopping: Test member Java 1-680
2026-06-24 23:42:00,351 WARN o.a.j.t.JMeterThread: Interrupting: Test member Java 1-680 sampler: sayHi
2026-06-24 23:42:00,351 INFO o.a.j.t.JMeterThread: Thread finished: Test member Java 1-354
2026-06-24 23:42:00,352 INFO o.a.j.t.JMeterThread: Stopping: Test member Java 1-546
2026-06-24 23:42:00,352 WARN o.a.j.t.JMeterThread: Interrupting: Test member Java 1-546 sampler: sayHi
2026-06-24 23:42:00,352 INFO o.a.j.t.JMeterThread: Thread finished: Test member Java 1-680
2026-06-24 23:42:00,353 INFO o.a.j.t.JMeterThread: Stopping: Test member Java 1-699
2026-06-24 23:42:00,353 WARN o.a.j.t.JMeterThread: Interrupting: Test member Java 1-699 sampler: sayHi
2026-06-24 23:42:00,354 INFO o.a.j.t.JMeterThread: Thread finished: Test member Java 1-546
2026-06-24 23:42:00,355 INFO o.a.j.t.JMeterThread: Stopping: Test member Java 1-761
2026-06-24 23:42:00,355 WARN o.a.j.t.JMeterThread: Interrupting: Test member Java 1-761 sampler: sayHi
2026-06-24 23:42:00,355 INFO o.a.j.t.JMeterThread: Thread finished: Test member Java 1-699
2026-06-24 23:42:00,355 INFO o.a.j.t.JMeterThread: Stopping: Test member Java 1-571
2026-06-24 23:42:00,355 WARN o.a.j.t.JMeterThread: Interrupting: Test member Java 1-571 sampler: sayHi
2026-06-24 23:42:00,356 INFO o.a.j.t.JMeterThread: Thread finished: Test member Java 1-761
2026-06-24 23:42:00,356 INFO o.a.j.t.JMeterThread: Stopping: Test member Java 1-91
2026-06-24 23:42:00,356 INFO o.a.j.t.JMeterThread: Thread finished: Test member Java 1-571
2026-06-24 23:42:00,356 WARN o.a.j.t.JMeterThread: Interrupting: Test member Java 1-91 sampler: sayHi
2026-06-24 23:42:00,358 INFO o.a.j.t.JMeterThread: Stopping: Test member Java 1-565
2026-06-24 23:42:00,358 INFO o.a.j.t.JMeterThread: Thread finished: Test member Java 1-91
2026-06-24 23:42:00,358 WARN o.a.j.t.JMeterThread: Interrupting: Test member Java 1-565 sampler: sayHi
2026-06-24 23:42:00,358 INFO o.a.j.t.JMeterThread: Stopping: Test member Java 1-557
2026-06-24 23:42:00,358 WARN o.a.j.t.JMeterThread: Interrupting: Test member Java 1-557 sampler: sayHi
2026-06-24 23:42:00,359 INFO o.a.j.t.JMeterThread: Thread finished: Test member Java 1-565
2026-06-24 23:42:00,360 INFO o.a.j.t.JMeterThread: Stopping: Test member Java 1-331
2026-06-24 23:42:00,360 WARN o.a.j.t.JMeterThread: Interrupting: Test member Java 1-331 sampler: sayHi
2026-06-24 23:42:00,361 INFO o.a.j.t.JMeterThread: Thread finished: Test member Java 1-557
2026-06-24 23:42:00,362 INFO o.a.j.t.JMeterThread: Stopping: Test member Java 1-995
2026-06-24 23:42:00,362 WARN o.a.j.t.JMeterThread: Interrupting: Test member Java 1-995 sampler: sayHi
2026-06-24 23:42:00,362 INFO o.a.j.t.JMeterThread: Thread finished: Test member Java 1-331
2026-06-24 23:42:00,363 INFO o.a.j.t.JMeterThread: Stopping: Test member Java 1-691
2026-06-24 23:42:00,363 INFO o.a.j.t.JMeterThread: Thread finished: Test member Java 1-995
2026-06-24 23:42:00,363 WARN o.a.j.t.JMeterThread: Interrupting: Test member Java 1-691 sampler: sayHi
2026-06-24 23:42:00,363 INFO o.a.j.t.JMeterThread: Stopping: Test member Java 1-825
2026-06-24 23:42:00,364 WARN o.a.j.t.JMeterThread: Interrupting: Test member Java 1-825 sampler: sayHi
2026-06-24 23:42:00,364 INFO o.a.j.t.JMeterThread: Thread finished: Test member Java 1-691
2026-06-24 23:42:00,364 INFO o.a.j.t.JMeterThread: Stopping: Test member Java 1-172
2026-06-24 23:42:00,364 WARN o.a.j.t.JMeterThread: Interrupting: Test member Java 1-172 sampler: sayHi
2026-06-24 23:42:00,364 INFO o.a.j.t.JMeterThread: Thread finished: Test member Java 1-825
2026-06-24 23:42:00,365 INFO o.a.j.t.JMeterThread: Stopping: Test member Java 1-540
2026-06-24 23:42:00,365 WARN o.a.j.t.JMeterThread: Interrupting: Test member Java 1-540 sampler: sayHi
2026-06-24 23:42:00,365 INFO o.a.j.t.JMeterThread: Thread finished: Test member Java 1-172
2026-06-24 23:42:00,365 INFO o.a.j.t.JMeterThread: Stopping: Test member Java 1-736
2026-06-24 23:42:00,365 WARN o.a.j.t.JMeterThread: Interrupting: Test member Java 1-736 sampler: sayHi
2026-06-24 23:42:00,365 INFO o.a.j.t.JMeterThread: Stopping: Test member Java 1-419
2026-06-24 23:42:00,365 WARN o.a.j.t.JMeterThread: Interrupting: Test member Java 1-419 sampler: sayHi
2026-06-24 23:42:00,365 INFO o.a.j.t.JMeterThread: Thread finished: Test member Java 1-540
2026-06-24 23:42:00,366 INFO o.a.j.t.JMeterThread: Thread finished: Test member Java 1-736
2026-06-24 23:42:00,367 INFO o.a.j.t.JMeterThread: Stopping: Test member Java 1-393
2026-06-24 23:42:00,367 WARN o.a.j.t.JMeterThread: Interrupting: Test member Java 1-393 sampler: sayHi
2026-06-24 23:42:00,367 INFO o.a.j.t.JMeterThread: Thread finished: Test member Java 1-419
2026-06-24 23:42:00,369 INFO o.a.j.t.JMeterThread: Stopping: Test member Java 1-302
2026-06-24 23:42:00,370 WARN o.a.j.t.JMeterThread: Interrupting: Test member Java 1-302 sampler: sayHi
2026-06-24 23:42:00,370 INFO o.a.j.t.JMeterThread: Thread finished: Test member Java 1-393
2026-06-24 23:42:00,372 INFO o.a.j.t.JMeterThread: Thread finished: Test member Java 1-302
2026-06-24 23:42:00,372 INFO o.a.j.t.JMeterThread: Stopping: Test member Java 1-205
2026-06-24 23:42:00,373 WARN o.a.j.t.JMeterThread: Interrupting: Test member Java 1-205 sampler: sayHi
2026-06-24 23:42:00,373 INFO o.a.j.t.JMeterThread: Stopping: Test member Java 1-163
2026-06-24 23:42:00,373 WARN o.a.j.t.JMeterThread: Interrupting: Test member Java 1-163 sampler: sayHi
2026-06-24 23:42:00,373 INFO o.a.j.t.JMeterThread: Thread finished: Test member Java 1-205
2026-06-24 23:42:00,375 INFO o.a.j.t.JMeterThread: Stopping: Test member Java 1-204
2026-06-24 23:42:00,375 INFO o.a.j.t.JMeterThread: Thread finished: Test member Java 1-163
2026-06-24 23:42:00,375 WARN o.a.j.t.JMeterThread: Interrupting: Test member Java 1-204 sampler: sayHi
2026-06-24 23:42:00,376 INFO o.a.j.t.JMeterThread: Stopping: Test member Java 1-326
2026-06-24 23:42:00,376 WARN o.a.j.t.JMeterThread: Interrupting: Test member Java 1-326 sampler: sayHi
2026-06-24 23:42:00,376 INFO o.a.j.t.JMeterThread: Thread finished: Test member Java 1-204
2026-06-24 23:42:00,378 INFO o.a.j.t.JMeterThread: Stopping: Test member Java 1-750
2026-06-24 23:42:00,378 INFO o.a.j.t.JMeterThread: Thread finished: Test member Java 1-326
2026-06-24 23:42:00,378 WARN o.a.j.t.JMeterThread: Interrupting: Test member Java 1-750 sampler: sayHi
2026-06-24 23:42:00,380 INFO o.a.j.t.JMeterThread: Stopping: Test member Java 1-400
2026-06-24 23:42:00,380 WARN o.a.j.t.JMeterThread: Interrupting: Test member Java 1-400 sampler: sayHi
2026-06-24 23:42:00,380 INFO o.a.j.t.JMeterThread: Thread finished: Test member Java 1-750
2026-06-24 23:42:00,381 INFO o.a.j.t.JMeterThread: Stopping: Test member Java 1-771
2026-06-24 23:42:00,381 WARN o.a.j.t.JMeterThread: Interrupting: Test member Java 1-771 sampler: sayHi
2026-06-24 23:42:00,381 INFO o.a.j.t.JMeterThread: Thread finished: Test member Java 1-400
2026-06-24 23:42:00,381 INFO o.a.j.t.JMeterThread: Stopping: Test member Java 1-866
2026-06-24 23:42:00,381 WARN o.a.j.t.JMeterThread: Interrupting: Test member Java 1-866 sampler: sayHi
2026-06-24 23:42:00,382 INFO o.a.j.t.JMeterThread: Thread finished: Test member Java 1-771
2026-06-24 23:42:00,382 INFO o.a.j.t.JMeterThread: Stopping: Test member Java 1-175
2026-06-24 23:42:00,382 INFO o.a.j.t.JMeterThread: Thread finished: Test member Java 1-866
2026-06-24 23:42:00,383 WARN o.a.j.t.JMeterThread: Interrupting: Test member Java 1-175 sampler: sayHi
2026-06-24 23:42:00,383 INFO o.a.j.t.JMeterThread: Thread finished: Test member Java 1-175
2026-06-24 23:42:00,383 INFO o.a.j.t.JMeterThread: Stopping: Test member Java 1-27
2026-06-24 23:42:00,383 WARN o.a.j.t.JMeterThread: Interrupting: Test member Java 1-27 sampler: sayHi
2026-06-24 23:42:00,385 INFO o.a.j.t.JMeterThread: Stopping: Test member Java 1-869
2026-06-24 23:42:00,385 WARN o.a.j.t.JMeterThread: Interrupting: Test member Java 1-869 sampler: sayHi
2026-06-24 23:42:00,385 INFO o.a.j.t.JMeterThread: Thread finished: Test member Java 1-27
2026-06-24 23:42:00,387 INFO o.a.j.t.JMeterThread: Stopping: Test member Java 1-19
2026-06-24 23:42:00,387 WARN o.a.j.t.JMeterThread: Interrupting: Test member Java 1-19 sampler: sayHi
2026-06-24 23:42:00,387 INFO o.a.j.t.JMeterThread: Thread finished: Test member Java 1-869
2026-06-24 23:42:00,389 INFO o.a.j.t.JMeterThread: Thread finished: Test member Java 1-19
2026-06-24 23:42:00,390 INFO o.a.j.t.JMeterThread: Stopping: Test member Java 1-937
2026-06-24 23:42:00,390 WARN o.a.j.t.JMeterThread: Interrupting: Test member Java 1-937 sampler: sayHi
2026-06-24 23:42:00,390 INFO o.a.j.t.JMeterThread: Stopping: Test member Java 1-121
2026-06-24 23:42:00,390 WARN o.a.j.t.JMeterThread: Interrupting: Test member Java 1-121 sampler: sayHi
2026-06-24 23:42:00,390 INFO o.a.j.t.JMeterThread: Thread finished: Test member Java 1-937
2026-06-24 23:42:00,392 INFO o.a.j.t.JMeterThread: Stopping: Test member Java 1-556
2026-06-24 23:42:00,392 WARN o.a.j.t.JMeterThread: Interrupting: Test member Java 1-556 sampler: sayHi
2026-06-24 23:42:00,393 INFO o.a.j.t.JMeterThread: Thread finished: Test member Java 1-121
2026-06-24 23:42:00,395 INFO o.a.j.t.JMeterThread: Stopping: Test member Java 1-390
2026-06-24 23:42:00,396 WARN o.a.j.t.JMeterThread: Interrupting: Test member Java 1-390 sampler: sayHi
2026-06-24 23:42:00,396 INFO o.a.j.t.JMeterThread: Thread finished: Test member Java 1-556
2026-06-24 23:42:00,396 INFO o.a.j.t.JMeterThread: Stopping: Test member Java 1-759
2026-06-24 23:42:00,396 WARN o.a.j.t.JMeterThread: Interrupting: Test member Java 1-759 sampler: sayHi
2026-06-24 23:42:00,396 INFO o.a.j.t.JMeterThread: Thread finished: Test member Java 1-390
2026-06-24 23:42:00,397 INFO o.a.j.t.JMeterThread: Thread finished: Test member Java 1-759
2026-06-24 23:42:00,396 INFO o.a.j.t.JMeterThread: Stopping: Test member Java 1-643
2026-06-24 23:42:00,397 WARN o.a.j.t.JMeterThread: Interrupting: Test member Java 1-643 sampler: sayHi
2026-06-24 23:42:00,398 INFO o.a.j.t.JMeterThread: Stopping: Test member Java 1-168
2026-06-24 23:42:00,398 WARN o.a.j.t.JMeterThread: Interrupting: Test member Java 1-168 sampler: sayHi
2026-06-24 23:42:00,398 INFO o.a.j.t.JMeterThread: Stopping: Test member Java 1-79
2026-06-24 23:42:00,398 WARN o.a.j.t.JMeterThread: Interrupting: Test member Java 1-79 sampler: sayHi
2026-06-24 23:42:00,398 INFO o.a.j.t.JMeterThread: Thread finished: Test member Java 1-643
2026-06-24 23:42:00,398 INFO o.a.j.t.JMeterThread: Thread finished: Test member Java 1-168
2026-06-24 23:42:00,398 INFO o.a.j.t.JMeterThread: Stopping: Test member Java 1-935
2026-06-24 23:42:00,399 INFO o.a.j.t.JMeterThread: Thread finished: Test member Java 1-79
2026-06-24 23:42:00,399 WARN o.a.j.t.JMeterThread: Interrupting: Test member Java 1-935 sampler: sayHi
2026-06-24 23:42:00,401 INFO o.a.j.t.JMeterThread: Stopping: Test member Java 1-626
2026-06-24 23:42:00,401 INFO o.a.j.t.JMeterThread: Thread finished: Test member Java 1-935
2026-06-24 23:42:00,401 WARN o.a.j.t.JMeterThread: Interrupting: Test member Java 1-626 sampler: sayHi
2026-06-24 23:42:00,405 INFO o.a.j.t.JMeterThread: Stopping: Test member Java 1-59
2026-06-24 23:42:00,405 INFO o.a.j.t.JMeterThread: Thread finished: Test member Java 1-626
2026-06-24 23:42:00,405 WARN o.a.j.t.JMeterThread: Interrupting: Test member Java 1-59 sampler: sayHi
2026-06-24 23:42:00,407 INFO o.a.j.t.JMeterThread: Stopping: Test member Java 1-880
2026-06-24 23:42:00,407 WARN o.a.j.t.JMeterThread: Interrupting: Test member Java 1-880 sampler: sayHi
2026-06-24 23:42:00,407 INFO o.a.j.t.JMeterThread: Thread finished: Test member Java 1-59
2026-06-24 23:42:00,409 INFO o.a.j.t.JMeterThread: Stopping: Test member Java 1-325
2026-06-24 23:42:00,409 WARN o.a.j.t.JMeterThread: Interrupting: Test member Java 1-325 sampler: sayHi
2026-06-24 23:42:00,409 INFO o.a.j.t.JMeterThread: Thread finished: Test member Java 1-880
2026-06-24 23:42:00,410 INFO o.a.j.t.JMeterThread: Stopping: Test member Java 1-719
2026-06-24 23:42:00,410 WARN o.a.j.t.JMeterThread: Interrupting: Test member Java 1-719 sampler: sayHi
2026-06-24 23:42:00,411 INFO o.a.j.t.JMeterThread: Thread finished: Test member Java 1-325
2026-06-24 23:42:00,411 INFO o.a.j.t.JMeterThread: Stopping: Test member Java 1-612
2026-06-24 23:42:00,411 WARN o.a.j.t.JMeterThread: Interrupting: Test member Java 1-612 sampler: sayHi
2026-06-24 23:42:00,411 INFO o.a.j.t.JMeterThread: Stopping: Test member Java 1-246
2026-06-24 23:42:00,411 WARN o.a.j.t.JMeterThread: Interrupting: Test member Java 1-246 sampler: sayHi
2026-06-24 23:42:00,411 INFO o.a.j.t.JMeterThread: Thread finished: Test member Java 1-719
2026-06-24 23:42:00,411 INFO o.a.j.t.JMeterThread: Thread finished: Test member Java 1-612
2026-06-24 23:42:00,413 INFO o.a.j.t.JMeterThread: Stopping: Test member Java 1-648
2026-06-24 23:42:00,413 INFO o.a.j.t.JMeterThread: Thread finished: Test member Java 1-246
2026-06-24 23:42:00,413 WARN o.a.j.t.JMeterThread: Interrupting: Test member Java 1-648 sampler: sayHi
2026-06-24 23:42:00,415 INFO o.a.j.t.JMeterThread: Stopping: Test member Java 1-75
2026-06-24 23:42:00,415 WARN o.a.j.t.JMeterThread: Interrupting: Test member Java 1-75 sampler: sayHi
2026-06-24 23:42:00,415 INFO o.a.j.t.JMeterThread: Thread finished: Test member Java 1-648
2026-06-24 23:42:00,415 INFO o.a.j.t.JMeterThread: Stopping: Test member Java 1-632
2026-06-24 23:42:00,415 WARN o.a.j.t.JMeterThread: Interrupting: Test member Java 1-632 sampler: sayHi
2026-06-24 23:42:00,415 INFO o.a.j.t.JMeterThread: Thread finished: Test member Java 1-75
2026-06-24 23:42:00,416 INFO o.a.j.t.JMeterThread: Stopping: Test member Java 1-987
2026-06-24 23:42:00,416 WARN o.a.j.t.JMeterThread: Interrupting: Test member Java 1-987 sampler: sayHi
2026-06-24 23:42:00,416 INFO o.a.j.t.JMeterThread: Thread finished: Test member Java 1-632
2026-06-24 23:42:00,416 INFO o.a.j.t.JMeterThread: Stopping: Test member Java 1-366
2026-06-24 23:42:00,416 WARN o.a.j.t.JMeterThread: Interrupting: Test member Java 1-366 sampler: sayHi
2026-06-24 23:42:00,416 INFO o.a.j.t.JMeterThread: Thread finished: Test member Java 1-987
2026-06-24 23:42:00,417 INFO o.a.j.t.JMeterThread: Stopping: Test member Java 1-681
2026-06-24 23:42:00,417 WARN o.a.j.t.JMeterThread: Interrupting: Test member Java 1-681 sampler: sayHi
2026-06-24 23:42:00,417 INFO o.a.j.t.JMeterThread: Thread finished: Test member Java 1-366
2026-06-24 23:42:00,418 INFO o.a.j.t.JMeterThread: Stopping: Test member Java 1-844
2026-06-24 23:42:00,418 INFO o.a.j.t.JMeterThread: Thread finished: Test member Java 1-681
2026-06-24 23:42:00,418 WARN o.a.j.t.JMeterThread: Interrupting: Test member Java 1-844 sampler: sayHi
2026-06-24 23:42:00,418 INFO o.a.j.t.JMeterThread: Stopping: Test member Java 1-956
2026-06-24 23:42:00,419 INFO o.a.j.t.JMeterThread: Thread finished: Test member Java 1-844
2026-06-24 23:42:00,419 WARN o.a.j.t.JMeterThread: Interrupting: Test member Java 1-956 sampler: sayHi
2026-06-24 23:42:00,419 INFO o.a.j.t.JMeterThread: Stopping: Test member Java 1-831
2026-06-24 23:42:00,420 WARN o.a.j.t.JMeterThread: Interrupting: Test member Java 1-831 sampler: sayHi
2026-06-24 23:42:00,420 INFO o.a.j.t.JMeterThread: Thread finished: Test member Java 1-956
2026-06-24 23:42:00,422 INFO o.a.j.t.JMeterThread: Stopping: Test member Java 1-923
2026-06-24 23:42:00,422 INFO o.a.j.t.JMeterThread: Thread finished: Test member Java 1-831
2026-06-24 23:42:00,422 WARN o.a.j.t.JMeterThread: Interrupting: Test member Java 1-923 sampler: sayHi
2026-06-24 23:42:00,423 INFO o.a.j.t.JMeterThread: Stopping: Test member Java 1-117
2026-06-24 23:42:00,423 INFO o.a.j.t.JMeterThread: Thread finished: Test member Java 1-923
2026-06-24 23:42:00,423 WARN o.a.j.t.JMeterThread: Interrupting: Test member Java 1-117 sampler: sayHi
2026-06-24 23:42:00,423 INFO o.a.j.t.JMeterThread: Stopping: Test member Java 1-978
2026-06-24 23:42:00,424 WARN o.a.j.t.JMeterThread: Interrupting: Test member Java 1-978 sampler: sayHi
2026-06-24 23:42:00,424 INFO o.a.j.t.JMeterThread: Stopping: Test member Java 1-520
2026-06-24 23:42:00,424 WARN o.a.j.t.JMeterThread: Interrupting: Test member Java 1-520 sampler: sayHi
2026-06-24 23:42:00,424 INFO o.a.j.t.JMeterThread: Thread finished: Test member Java 1-117
2026-06-24 23:42:00,424 INFO o.a.j.t.JMeterThread: Thread finished: Test member Java 1-978
2026-06-24 23:42:00,425 INFO o.a.j.t.JMeterThread: Stopping: Test member Java 1-216
2026-06-24 23:42:00,425 WARN o.a.j.t.JMeterThread: Interrupting: Test member Java 1-216 sampler: sayHi
2026-06-24 23:42:00,425 INFO o.a.j.t.JMeterThread: Thread finished: Test member Java 1-520
2026-06-24 23:42:00,426 INFO o.a.j.t.JMeterThread: Stopping: Test member Java 1-968
2026-06-24 23:42:00,427 WARN o.a.j.t.JMeterThread: Interrupting: Test member Java 1-968 sampler: sayHi
2026-06-24 23:42:00,427 INFO o.a.j.t.JMeterThread: Thread finished: Test member Java 1-216
2026-06-24 23:42:00,427 INFO o.a.j.t.JMeterThread: Stopping: Test member Java 1-33
2026-06-24 23:42:00,427 WARN o.a.j.t.JMeterThread: Interrupting: Test member Java 1-33 sampler: sayHi
2026-06-24 23:42:00,427 INFO o.a.j.t.JMeterThread: Thread finished: Test member Java 1-968
2026-06-24 23:42:00,427 INFO o.a.j.t.JMeterThread: Stopping: Test member Java 1-411
2026-06-24 23:42:00,427 WARN o.a.j.t.JMeterThread: Interrupting: Test member Java 1-411 sampler: sayHi
2026-06-24 23:42:00,428 INFO o.a.j.t.JMeterThread: Thread finished: Test member Java 1-33
2026-06-24 23:42:00,428 INFO o.a.j.t.JMeterThread: Stopping: Test member Java 1-658
2026-06-24 23:42:00,428 WARN o.a.j.t.JMeterThread: Interrupting: Test member Java 1-658 sampler: sayHi
2026-06-24 23:42:00,428 INFO o.a.j.t.JMeterThread: Thread finished: Test member Java 1-411
2026-06-24 23:42:00,429 INFO o.a.j.t.JMeterThread: Stopping: Test member Java 1-733
2026-06-24 23:42:00,430 WARN o.a.j.t.JMeterThread: Interrupting: Test member Java 1-733 sampler: sayHi
2026-06-24 23:42:00,430 INFO o.a.j.t.JMeterThread: Thread finished: Test member Java 1-658
2026-06-24 23:42:00,431 INFO o.a.j.t.JMeterThread: Stopping: Test member Java 1-613
2026-06-24 23:42:00,431 WARN o.a.j.t.JMeterThread: Interrupting: Test member Java 1-613 sampler: sayHi
2026-06-24 23:42:00,431 INFO o.a.j.t.JMeterThread: Thread finished: Test member Java 1-733
2026-06-24 23:42:00,432 INFO o.a.j.t.JMeterThread: Stopping: Test member Java 1-206
2026-06-24 23:42:00,432 WARN o.a.j.t.JMeterThread: Interrupting: Test member Java 1-206 sampler: sayHi
2026-06-24 23:42:00,432 INFO o.a.j.t.JMeterThread: Thread finished: Test member Java 1-613
2026-06-24 23:42:00,434 INFO o.a.j.t.JMeterThread: Stopping: Test member Java 1-753
2026-06-24 23:42:00,434 WARN o.a.j.t.JMeterThread: Interrupting: Test member Java 1-753 sampler: sayHi
2026-06-24 23:42:00,434 INFO o.a.j.t.JMeterThread: Thread finished: Test member Java 1-206
2026-06-24 23:42:00,435 INFO o.a.j.t.JMeterThread: Stopping: Test member Java 1-499
2026-06-24 23:42:00,435 WARN o.a.j.t.JMeterThread: Interrupting: Test member Java 1-499 sampler: sayHi
2026-06-24 23:42:00,435 INFO o.a.j.t.JMeterThread: Thread finished: Test member Java 1-753
2026-06-24 23:42:00,438 INFO o.a.j.t.JMeterThread: Thread finished: Test member Java 1-499
2026-06-24 23:42:00,438 INFO o.a.j.t.JMeterThread: Stopping: Test member Java 1-200
2026-06-24 23:42:00,439 WARN o.a.j.t.JMeterThread: Interrupting: Test member Java 1-200 sampler: sayHi
2026-06-24 23:42:00,439 INFO o.a.j.t.JMeterThread: Stopping: Test member Java 1-24
2026-06-24 23:42:00,439 WARN o.a.j.t.JMeterThread: Interrupting: Test member Java 1-24 sampler: sayHi
2026-06-24 23:42:00,440 INFO o.a.j.t.JMeterThread: Thread finished: Test member Java 1-200
2026-06-24 23:42:00,441 INFO o.a.j.t.JMeterThread: Stopping: Test member Java 1-569
2026-06-24 23:42:00,441 WARN o.a.j.t.JMeterThread: Interrupting: Test member Java 1-569 sampler: sayHi
2026-06-24 23:42:00,441 INFO o.a.j.t.JMeterThread: Thread finished: Test member Java 1-24
2026-06-24 23:42:00,441 INFO o.a.j.t.JMeterThread: Stopping: Test member Java 1-700
2026-06-24 23:42:00,442 WARN o.a.j.t.JMeterThread: Interrupting: Test member Java 1-700 sampler: sayHi
2026-06-24 23:42:00,442 INFO o.a.j.t.JMeterThread: Thread finished: Test member Java 1-569
2026-06-24 23:42:00,443 INFO o.a.j.t.JMeterThread: Stopping: Test member Java 1-760
2026-06-24 23:42:00,443 WARN o.a.j.t.JMeterThread: Interrupting: Test member Java 1-760 sampler: sayHi
2026-06-24 23:42:00,443 INFO o.a.j.t.JMeterThread: Thread finished: Test member Java 1-700
2026-06-24 23:42:00,445 INFO o.a.j.t.JMeterThread: Stopping: Test member Java 1-925
2026-06-24 23:42:00,445 WARN o.a.j.t.JMeterThread: Interrupting: Test member Java 1-925 sampler: sayHi
2026-06-24 23:42:00,445 INFO o.a.j.t.JMeterThread: Thread finished: Test member Java 1-760
2026-06-24 23:42:00,445 INFO o.a.j.t.JMeterThread: Stopping: Test member Java 1-89
2026-06-24 23:42:00,445 WARN o.a.j.t.JMeterThread: Interrupting: Test member Java 1-89 sampler: sayHi
2026-06-24 23:42:00,445 INFO o.a.j.t.JMeterThread: Stopping: Test member Java 1-129
2026-06-24 23:42:00,445 WARN o.a.j.t.JMeterThread: Interrupting: Test member Java 1-129 sampler: sayHi
2026-06-24 23:42:00,446 INFO o.a.j.t.JMeterThread: Stopping: Test member Java 1-116
2026-06-24 23:42:00,446 WARN o.a.j.t.JMeterThread: Interrupting: Test member Java 1-116 sampler: sayHi
2026-06-24 23:42:00,446 INFO o.a.j.t.JMeterThread: Stopping: Test member Java 1-808
2026-06-24 23:42:00,446 INFO o.a.j.t.JMeterThread: Thread finished: Test member Java 1-925
2026-06-24 23:42:00,446 WARN o.a.j.t.JMeterThread: Interrupting: Test member Java 1-808 sampler: sayHi
2026-06-24 23:42:00,446 INFO o.a.j.t.JMeterThread: Stopping: Test member Java 1-454
2026-06-24 23:42:00,446 WARN o.a.j.t.JMeterThread: Interrupting: Test member Java 1-454 sampler: sayHi
2026-06-24 23:42:00,447 INFO o.a.j.t.JMeterThread: Stopping: Test member Java 1-151
2026-06-24 23:42:00,447 INFO o.a.j.t.JMeterThread: Thread finished: Test member Java 1-89
2026-06-24 23:42:00,447 WARN o.a.j.t.JMeterThread: Interrupting: Test member Java 1-151 sampler: sayHi
2026-06-24 23:42:00,447 INFO o.a.j.t.JMeterThread: Thread finished: Test member Java 1-454
2026-06-24 23:42:00,448 INFO o.a.j.t.JMeterThread: Stopping: Test member Java 1-408
2026-06-24 23:42:00,448 INFO o.a.j.t.JMeterThread: Thread finished: Test member Java 1-151
2026-06-24 23:42:00,448 WARN o.a.j.t.JMeterThread: Interrupting: Test member Java 1-408 sampler: sayHi
2026-06-24 23:42:00,449 INFO o.a.j.t.JMeterThread: Stopping: Test member Java 1-850
2026-06-24 23:42:00,449 WARN o.a.j.t.JMeterThread: Interrupting: Test member Java 1-850 sampler: sayHi
2026-06-24 23:42:00,449 INFO o.a.j.t.JMeterThread: Thread finished: Test member Java 1-129
2026-06-24 23:42:00,450 INFO o.a.j.t.JMeterThread: Stopping: Test member Java 1-746
2026-06-24 23:42:00,450 INFO o.a.j.t.JMeterThread: Thread finished: Test member Java 1-116
2026-06-24 23:42:00,450 WARN o.a.j.t.JMeterThread: Interrupting: Test member Java 1-746 sampler: sayHi
2026-06-24 23:42:00,451 INFO o.a.j.t.JMeterThread: Thread finished: Test member Java 1-808
2026-06-24 23:42:00,451 INFO o.a.j.t.JMeterThread: Thread finished: Test member Java 1-850
2026-06-24 23:42:00,452 INFO o.a.j.t.JMeterThread: Thread finished: Test member Java 1-408
2026-06-24 23:42:00,452 INFO o.a.j.t.JMeterThread: Stopping: Test member Java 1-977
2026-06-24 23:42:00,453 WARN o.a.j.t.JMeterThread: Interrupting: Test member Java 1-977 sampler: sayHi
2026-06-24 23:42:00,453 INFO o.a.j.t.JMeterThread: Thread finished: Test member Java 1-746
2026-06-24 23:42:00,454 INFO o.a.j.t.JMeterThread: Stopping: Test member Java 1-550
2026-06-24 23:42:00,454 WARN o.a.j.t.JMeterThread: Interrupting: Test member Java 1-550 sampler: sayHi
2026-06-24 23:42:00,454 INFO o.a.j.t.JMeterThread: Thread finished: Test member Java 1-977
2026-06-24 23:42:00,455 INFO o.a.j.t.JMeterThread: Stopping: Test member Java 1-335
2026-06-24 23:42:00,455 WARN o.a.j.t.JMeterThread: Interrupting: Test member Java 1-335 sampler: sayHi
2026-06-24 23:42:00,455 INFO o.a.j.t.JMeterThread: Thread finished: Test member Java 1-550
2026-06-24 23:42:00,457 INFO o.a.j.t.JMeterThread: Stopping: Test member Java 1-914
2026-06-24 23:42:00,457 WARN o.a.j.t.JMeterThread: Interrupting: Test member Java 1-914 sampler: sayHi
2026-06-24 23:42:00,457 INFO o.a.j.t.JMeterThread: Thread finished: Test member Java 1-335
2026-06-24 23:42:00,459 INFO o.a.j.t.JMeterThread: Thread finished: Test member Java 1-914
2026-06-24 23:42:00,459 INFO o.a.j.t.JMeterThread: Stopping: Test member Java 1-265
2026-06-24 23:42:00,460 WARN o.a.j.t.JMeterThread: Interrupting: Test member Java 1-265 sampler: sayHi
2026-06-24 23:42:00,463 INFO o.a.j.t.JMeterThread: Stopping: Test member Java 1-650
2026-06-24 23:42:00,463 INFO o.a.j.t.JMeterThread: Thread finished: Test member Java 1-265
2026-06-24 23:42:00,464 WARN o.a.j.t.JMeterThread: Interrupting: Test member Java 1-650 sampler: sayHi
2026-06-24 23:42:00,465 INFO o.a.j.t.JMeterThread: Stopping: Test member Java 1-334
2026-06-24 23:42:00,465 WARN o.a.j.t.JMeterThread: Interrupting: Test member Java 1-334 sampler: sayHi
2026-06-24 23:42:00,465 INFO o.a.j.t.JMeterThread: Thread finished: Test member Java 1-650
2026-06-24 23:42:00,467 INFO o.a.j.t.JMeterThread: Stopping: Test member Java 1-14
2026-06-24 23:42:00,467 WARN o.a.j.t.JMeterThread: Interrupting: Test member Java 1-14 sampler: sayHi
2026-06-24 23:42:00,467 INFO o.a.j.t.JMeterThread: Thread finished: Test member Java 1-334
2026-06-24 23:42:00,468 INFO o.a.j.t.JMeterThread: Stopping: Test member Java 1-140
2026-06-24 23:42:00,468 WARN o.a.j.t.JMeterThread: Interrupting: Test member Java 1-140 sampler: sayHi
2026-06-24 23:42:00,468 INFO o.a.j.t.JMeterThread: Thread finished: Test member Java 1-14
2026-06-24 23:42:00,468 INFO o.a.j.t.JMeterThread: Stopping: Test member Java 1-486
2026-06-24 23:42:00,468 WARN o.a.j.t.JMeterThread: Interrupting: Test member Java 1-486 sampler: sayHi
2026-06-24 23:42:00,469 INFO o.a.j.t.JMeterThread: Thread finished: Test member Java 1-140
2026-06-24 23:42:00,470 INFO o.a.j.t.JMeterThread: Stopping: Test member Java 1-481
2026-06-24 23:42:00,470 INFO o.a.j.t.JMeterThread: Thread finished: Test member Java 1-486
2026-06-24 23:42:00,470 WARN o.a.j.t.JMeterThread: Interrupting: Test member Java 1-481 sampler: sayHi
2026-06-24 23:42:00,471 INFO o.a.j.t.JMeterThread: Stopping: Test member Java 1-251
2026-06-24 23:42:00,471 WARN o.a.j.t.JMeterThread: Interrupting: Test member Java 1-251 sampler: sayHi
2026-06-24 23:42:00,472 INFO o.a.j.t.JMeterThread: Thread finished: Test member Java 1-481
2026-06-24 23:42:00,473 INFO o.a.j.t.JMeterThread: Stopping: Test member Java 1-452
2026-06-24 23:42:00,473 INFO o.a.j.t.JMeterThread: Thread finished: Test member Java 1-251
2026-06-24 23:42:00,473 WARN o.a.j.t.JMeterThread: Interrupting: Test member Java 1-452 sampler: sayHi
2026-06-24 23:42:00,474 INFO o.a.j.t.JMeterThread: Stopping: Test member Java 1-841
2026-06-24 23:42:00,474 WARN o.a.j.t.JMeterThread: Interrupting: Test member Java 1-841 sampler: sayHi
2026-06-24 23:42:00,475 INFO o.a.j.t.JMeterThread: Thread finished: Test member Java 1-452
2026-06-24 23:42:00,478 INFO o.a.j.t.JMeterThread: Stopping: Test member Java 1-337
2026-06-24 23:42:00,478 WARN o.a.j.t.JMeterThread: Interrupting: Test member Java 1-337 sampler: sayHi
2026-06-24 23:42:00,478 INFO o.a.j.t.JMeterThread: Thread finished: Test member Java 1-841
2026-06-24 23:42:00,480 INFO o.a.j.t.JMeterThread: Stopping: Test member Java 1-716
2026-06-24 23:42:00,480 WARN o.a.j.t.JMeterThread: Interrupting: Test member Java 1-716 sampler: sayHi
2026-06-24 23:42:00,480 INFO o.a.j.t.JMeterThread: Thread finished: Test member Java 1-337
2026-06-24 23:42:00,480 INFO o.a.j.t.JMeterThread: Stopping: Test member Java 1-201
2026-06-24 23:42:00,480 WARN o.a.j.t.JMeterThread: Interrupting: Test member Java 1-201 sampler: sayHi
2026-06-24 23:42:00,480 INFO o.a.j.t.JMeterThread: Stopping: Test member Java 1-132
2026-06-24 23:42:00,480 WARN o.a.j.t.JMeterThread: Interrupting: Test member Java 1-132 sampler: sayHi
2026-06-24 23:42:00,481 INFO o.a.j.t.JMeterThread: Stopping: Test member Java 1-524
2026-06-24 23:42:00,481 WARN o.a.j.t.JMeterThread: Interrupting: Test member Java 1-524 sampler: sayHi
2026-06-24 23:42:00,481 INFO o.a.j.t.JMeterThread: Thread finished: Test member Java 1-716
2026-06-24 23:42:00,481 INFO o.a.j.t.JMeterThread: Stopping: Test member Java 1-219
2026-06-24 23:42:00,481 WARN o.a.j.t.JMeterThread: Interrupting: Test member Java 1-219 sampler: sayHi
2026-06-24 23:42:00,481 INFO o.a.j.t.JMeterThread: Thread finished: Test member Java 1-201
2026-06-24 23:42:00,482 INFO o.a.j.t.JMeterThread: Stopping: Test member Java 1-344
2026-06-24 23:42:00,482 WARN o.a.j.t.JMeterThread: Interrupting: Test member Java 1-344 sampler: sayHi
2026-06-24 23:42:00,482 INFO o.a.j.t.JMeterThread: Thread finished: Test member Java 1-219
2026-06-24 23:42:00,482 INFO o.a.j.t.JMeterThread: Thread finished: Test member Java 1-132
2026-06-24 23:42:00,482 INFO o.a.j.t.JMeterThread: Stopping: Test member Java 1-492
2026-06-24 23:42:00,482 WARN o.a.j.t.JMeterThread: Interrupting: Test member Java 1-492 sampler: sayHi
2026-06-24 23:42:00,482 INFO o.a.j.t.JMeterThread: Stopping: Test member Java 1-981
2026-06-24 23:42:00,482 WARN o.a.j.t.JMeterThread: Interrupting: Test member Java 1-981 sampler: sayHi
2026-06-24 23:42:00,482 INFO o.a.j.t.JMeterThread: Thread finished: Test member Java 1-524
2026-06-24 23:42:00,483 INFO o.a.j.t.JMeterThread: Thread finished: Test member Java 1-492
2026-06-24 23:42:00,483 INFO o.a.j.t.JMeterThread: Thread finished: Test member Java 1-344
2026-06-24 23:42:00,484 INFO o.a.j.t.JMeterThread: Stopping: Test member Java 1-398
2026-06-24 23:42:00,484 WARN o.a.j.t.JMeterThread: Interrupting: Test member Java 1-398 sampler: sayHi
2026-06-24 23:42:00,484 INFO o.a.j.t.JMeterThread: Thread finished: Test member Java 1-981
2026-06-24 23:42:00,485 INFO o.a.j.t.JMeterThread: Stopping: Test member Java 1-928
2026-06-24 23:42:00,485 INFO o.a.j.t.JMeterThread: Thread finished: Test member Java 1-398
2026-06-24 23:42:00,486 WARN o.a.j.t.JMeterThread: Interrupting: Test member Java 1-928 sampler: sayHi
2026-06-24 23:42:00,487 INFO o.a.j.t.JMeterThread: Thread finished: Test member Java 1-928
2026-06-24 23:42:00,487 INFO o.a.j.t.JMeterThread: Stopping: Test member Java 1-585
2026-06-24 23:42:00,487 WARN o.a.j.t.JMeterThread: Interrupting: Test member Java 1-585 sampler: sayHi
2026-06-24 23:42:00,488 INFO o.a.j.t.JMeterThread: Stopping: Test member Java 1-720
2026-06-24 23:42:00,488 WARN o.a.j.t.JMeterThread: Interrupting: Test member Java 1-720 sampler: sayHi
2026-06-24 23:42:00,488 INFO o.a.j.t.JMeterThread: Stopping: Test member Java 1-202
2026-06-24 23:42:00,488 WARN o.a.j.t.JMeterThread: Interrupting: Test member Java 1-202 sampler: sayHi
2026-06-24 23:42:00,489 INFO o.a.j.t.JMeterThread: Thread finished: Test member Java 1-585
2026-06-24 23:42:00,489 INFO o.a.j.t.JMeterThread: Thread finished: Test member Java 1-720
2026-06-24 23:42:00,489 INFO o.a.j.t.JMeterThread: Stopping: Test member Java 1-597
2026-06-24 23:42:00,489 WARN o.a.j.t.JMeterThread: Interrupting: Test member Java 1-597 sampler: sayHi
2026-06-24 23:42:00,489 INFO o.a.j.t.JMeterThread: Thread finished: Test member Java 1-202
2026-06-24 23:42:00,491 INFO o.a.j.t.JMeterThread: Stopping: Test member Java 1-482
2026-06-24 23:42:00,491 WARN o.a.j.t.JMeterThread: Interrupting: Test member Java 1-482 sampler: sayHi
2026-06-24 23:42:00,491 INFO o.a.j.t.JMeterThread: Thread finished: Test member Java 1-597
2026-06-24 23:42:00,491 INFO o.a.j.t.JMeterThread: Stopping: Test member Java 1-600
2026-06-24 23:42:00,491 WARN o.a.j.t.JMeterThread: Interrupting: Test member Java 1-600 sampler: sayHi
2026-06-24 23:42:00,491 INFO o.a.j.t.JMeterThread: Stopping: Test member Java 1-853
2026-06-24 23:42:00,491 WARN o.a.j.t.JMeterThread: Interrupting: Test member Java 1-853 sampler: sayHi
2026-06-24 23:42:00,491 INFO o.a.j.t.JMeterThread: Thread finished: Test member Java 1-482
2026-06-24 23:42:00,492 INFO o.a.j.t.JMeterThread: Stopping: Test member Java 1-883
2026-06-24 23:42:00,492 INFO o.a.j.t.JMeterThread: Thread finished: Test member Java 1-600
2026-06-24 23:42:00,492 WARN o.a.j.t.JMeterThread: Interrupting: Test member Java 1-883 sampler: sayHi
2026-06-24 23:42:00,492 INFO o.a.j.t.JMeterThread: Thread finished: Test member Java 1-853
2026-06-24 23:42:00,493 INFO o.a.j.t.JMeterThread: Stopping: Test member Java 1-971
2026-06-24 23:42:00,493 INFO o.a.j.t.JMeterThread: Thread finished: Test member Java 1-883
2026-06-24 23:42:00,494 WARN o.a.j.t.JMeterThread: Interrupting: Test member Java 1-971 sampler: sayHi
2026-06-24 23:42:00,494 INFO o.a.j.t.JMeterThread: Stopping: Test member Java 1-592
2026-06-24 23:42:00,494 WARN o.a.j.t.JMeterThread: Interrupting: Test member Java 1-592 sampler: sayHi
2026-06-24 23:42:00,494 INFO o.a.j.t.JMeterThread: Thread finished: Test member Java 1-971
2026-06-24 23:42:00,495 INFO o.a.j.t.JMeterThread: Stopping: Test member Java 1-953
2026-06-24 23:42:00,496 INFO o.a.j.t.JMeterThread: Thread finished: Test member Java 1-592
2026-06-24 23:42:00,496 WARN o.a.j.t.JMeterThread: Interrupting: Test member Java 1-953 sampler: sayHi
2026-06-24 23:42:00,496 INFO o.a.j.t.JMeterThread: Stopping: Test member Java 1-257
2026-06-24 23:42:00,496 WARN o.a.j.t.JMeterThread: Interrupting: Test member Java 1-257 sampler: sayHi
2026-06-24 23:42:00,497 INFO o.a.j.t.JMeterThread: Thread finished: Test member Java 1-953
2026-06-24 23:42:00,497 INFO o.a.j.t.JMeterThread: Stopping: Test member Java 1-63
2026-06-24 23:42:00,497 WARN o.a.j.t.JMeterThread: Interrupting: Test member Java 1-63 sampler: sayHi
2026-06-24 23:42:00,498 INFO o.a.j.t.JMeterThread: Thread finished: Test member Java 1-257
2026-06-24 23:42:00,498 INFO o.a.j.t.JMeterThread: Stopping: Test member Java 1-374
2026-06-24 23:42:00,498 WARN o.a.j.t.JMeterThread: Interrupting: Test member Java 1-374 sampler: sayHi
2026-06-24 23:42:00,498 INFO o.a.j.t.JMeterThread: Thread finished: Test member Java 1-63
2026-06-24 23:42:00,499 INFO o.a.j.t.JMeterThread: Stopping: Test member Java 1-113
2026-06-24 23:42:00,499 WARN o.a.j.t.JMeterThread: Interrupting: Test member Java 1-113 sampler: sayHi
2026-06-24 23:42:00,500 INFO o.a.j.t.JMeterThread: Thread finished: Test member Java 1-374
2026-06-24 23:42:00,500 INFO o.a.j.t.JMeterThread: Stopping: Test member Java 1-217
2026-06-24 23:42:00,500 WARN o.a.j.t.JMeterThread: Interrupting: Test member Java 1-217 sampler: sayHi
2026-06-24 23:42:00,500 INFO o.a.j.t.JMeterThread: Stopping: Test member Java 1-274
2026-06-24 23:42:00,500 WARN o.a.j.t.JMeterThread: Interrupting: Test member Java 1-274 sampler: sayHi
2026-06-24 23:42:00,500 INFO o.a.j.t.JMeterThread: Thread finished: Test member Java 1-113
2026-06-24 23:42:00,501 INFO o.a.j.t.JMeterThread: Thread finished: Test member Java 1-217
2026-06-24 23:42:00,501 INFO o.a.j.t.JMeterThread: Stopping: Test member Java 1-477
2026-06-24 23:42:00,502 WARN o.a.j.t.JMeterThread: Interrupting: Test member Java 1-477 sampler: sayHi
2026-06-24 23:42:00,502 INFO o.a.j.t.JMeterThread: Thread finished: Test member Java 1-274
2026-06-24 23:42:00,502 INFO o.a.j.t.JMeterThread: Stopping: Test member Java 1-672
2026-06-24 23:42:00,503 WARN o.a.j.t.JMeterThread: Interrupting: Test member Java 1-672 sampler: sayHi
2026-06-24 23:42:00,503 INFO o.a.j.t.JMeterThread: Thread finished: Test member Java 1-477
2026-06-24 23:42:00,503 INFO o.a.j.t.JMeterThread: Stopping: Test member Java 1-298
2026-06-24 23:42:00,503 WARN o.a.j.t.JMeterThread: Interrupting: Test member Java 1-298 sampler: sayHi
2026-06-24 23:42:00,503 INFO o.a.j.t.JMeterThread: Thread finished: Test member Java 1-672
2026-06-24 23:42:00,504 INFO o.a.j.t.JMeterThread: Stopping: Test member Java 1-1000
2026-06-24 23:42:00,504 INFO o.a.j.t.JMeterThread: Thread finished: Test member Java 1-298
2026-06-24 23:42:00,505 WARN o.a.j.t.JMeterThread: Interrupting: Test member Java 1-1000 sampler: sayHi
2026-06-24 23:42:00,505 INFO o.a.j.t.JMeterThread: Stopping: Test member Java 1-631
2026-06-24 23:42:00,505 WARN o.a.j.t.JMeterThread: Interrupting: Test member Java 1-631 sampler: sayHi
2026-06-24 23:42:00,506 INFO o.a.j.t.JMeterThread: Thread finished: Test member Java 1-1000
2026-06-24 23:42:00,507 INFO o.a.j.t.JMeterThread: Stopping: Test member Java 1-360
2026-06-24 23:42:00,507 WARN o.a.j.t.JMeterThread: Interrupting: Test member Java 1-360 sampler: sayHi
2026-06-24 23:42:00,507 INFO o.a.j.t.JMeterThread: Thread finished: Test member Java 1-631
2026-06-24 23:42:00,509 INFO o.a.j.t.JMeterThread: Stopping: Test member Java 1-152
2026-06-24 23:42:00,509 WARN o.a.j.t.JMeterThread: Interrupting: Test member Java 1-152 sampler: sayHi
2026-06-24 23:42:00,509 INFO o.a.j.t.JMeterThread: Thread finished: Test member Java 1-360
2026-06-24 23:42:00,510 INFO o.a.j.t.JMeterThread: Stopping: Test member Java 1-460
2026-06-24 23:42:00,510 WARN o.a.j.t.JMeterThread: Interrupting: Test member Java 1-460 sampler: sayHi
2026-06-24 23:42:00,510 INFO o.a.j.t.JMeterThread: Stopping: Test member Java 1-109
2026-06-24 23:42:00,510 WARN o.a.j.t.JMeterThread: Interrupting: Test member Java 1-109 sampler: sayHi
2026-06-24 23:42:00,510 INFO o.a.j.t.JMeterThread: Thread finished: Test member Java 1-152
2026-06-24 23:42:00,510 INFO o.a.j.t.JMeterThread: Stopping: Test member Java 1-991
2026-06-24 23:42:00,510 WARN o.a.j.t.JMeterThread: Interrupting: Test member Java 1-991 sampler: sayHi
2026-06-24 23:42:00,510 INFO o.a.j.t.JMeterThread: Stopping: Test member Java 1-536
2026-06-24 23:42:00,510 WARN o.a.j.t.JMeterThread: Interrupting: Test member Java 1-536 sampler: sayHi
2026-06-24 23:42:00,511 INFO o.a.j.t.JMeterThread: Stopping: Test member Java 1-927
2026-06-24 23:42:00,511 WARN o.a.j.t.JMeterThread: Interrupting: Test member Java 1-927 sampler: sayHi
2026-06-24 23:42:00,511 INFO o.a.j.t.JMeterThread: Thread finished: Test member Java 1-460
2026-06-24 23:42:00,511 INFO o.a.j.t.JMeterThread: Thread finished: Test member Java 1-109
2026-06-24 23:42:00,512 INFO o.a.j.t.JMeterThread: Stopping: Test member Java 1-756
2026-06-24 23:42:00,512 WARN o.a.j.t.JMeterThread: Interrupting: Test member Java 1-756 sampler: sayHi
2026-06-24 23:42:00,512 INFO o.a.j.t.JMeterThread: Stopping: Test member Java 1-979
2026-06-24 23:42:00,512 WARN o.a.j.t.JMeterThread: Interrupting: Test member Java 1-979 sampler: sayHi
2026-06-24 23:42:00,512 INFO o.a.j.t.JMeterThread: Thread finished: Test member Java 1-991
2026-06-24 23:42:00,512 INFO o.a.j.t.JMeterThread: Stopping: Test member Java 1-425
2026-06-24 23:42:00,512 WARN o.a.j.t.JMeterThread: Interrupting: Test member Java 1-425 sampler: sayHi
2026-06-24 23:42:00,513 INFO o.a.j.t.JMeterThread: Thread finished: Test member Java 1-927
2026-06-24 23:42:00,513 INFO o.a.j.t.JMeterThread: Stopping: Test member Java 1-286
2026-06-24 23:42:00,513 WARN o.a.j.t.JMeterThread: Interrupting: Test member Java 1-286 sampler: sayHi
2026-06-24 23:42:00,513 INFO o.a.j.t.JMeterThread: Stopping: Test member Java 1-49
2026-06-24 23:42:00,513 INFO o.a.j.t.JMeterThread: Thread finished: Test member Java 1-536
2026-06-24 23:42:00,513 WARN o.a.j.t.JMeterThread: Interrupting: Test member Java 1-49 sampler: sayHi
2026-06-24 23:42:00,514 INFO o.a.j.t.JMeterThread: Thread finished: Test member Java 1-425
2026-06-24 23:42:00,514 INFO o.a.j.t.JMeterThread: Thread finished: Test member Java 1-756
2026-06-24 23:42:00,514 INFO o.a.j.t.JMeterThread: Thread finished: Test member Java 1-979
2026-06-24 23:42:00,515 INFO o.a.j.t.JMeterThread: Thread finished: Test member Java 1-286
2026-06-24 23:42:00,515 INFO o.a.j.t.JMeterThread: Stopping: Test member Java 1-570
2026-06-24 23:42:00,515 WARN o.a.j.t.JMeterThread: Interrupting: Test member Java 1-570 sampler: sayHi
2026-06-24 23:42:00,516 INFO o.a.j.t.JMeterThread: Thread finished: Test member Java 1-49
2026-06-24 23:42:00,516 INFO o.a.j.t.JMeterThread: Stopping: Test member Java 1-833
2026-06-24 23:42:00,517 WARN o.a.j.t.JMeterThread: Interrupting: Test member Java 1-833 sampler: sayHi
2026-06-24 23:42:00,517 INFO o.a.j.t.JMeterThread: Thread finished: Test member Java 1-570
2026-06-24 23:42:00,518 INFO o.a.j.t.JMeterThread: Stopping: Test member Java 1-712
2026-06-24 23:42:00,519 WARN o.a.j.t.JMeterThread: Interrupting: Test member Java 1-712 sampler: sayHi
2026-06-24 23:42:00,519 INFO o.a.j.t.JMeterThread: Thread finished: Test member Java 1-833
2026-06-24 23:42:00,519 INFO o.a.j.t.JMeterThread: Stopping: Test member Java 1-623
2026-06-24 23:42:00,519 WARN o.a.j.t.JMeterThread: Interrupting: Test member Java 1-623 sampler: sayHi
2026-06-24 23:42:00,520 INFO o.a.j.t.JMeterThread: Stopping: Test member Java 1-355
2026-06-24 23:42:00,520 WARN o.a.j.t.JMeterThread: Interrupting: Test member Java 1-355 sampler: sayHi
2026-06-24 23:42:00,520 INFO o.a.j.t.JMeterThread: Thread finished: Test member Java 1-712
2026-06-24 23:42:00,520 INFO o.a.j.t.JMeterThread: Thread finished: Test member Java 1-623
2026-06-24 23:42:00,521 INFO o.a.j.t.JMeterThread: Stopping: Test member Java 1-629
2026-06-24 23:42:00,522 INFO o.a.j.t.JMeterThread: Thread finished: Test member Java 1-355
2026-06-24 23:42:00,522 WARN o.a.j.t.JMeterThread: Interrupting: Test member Java 1-629 sampler: sayHi
2026-06-24 23:42:00,523 INFO o.a.j.t.JMeterThread: Stopping: Test member Java 1-379
2026-06-24 23:42:00,524 WARN o.a.j.t.JMeterThread: Interrupting: Test member Java 1-379 sampler: sayHi
2026-06-24 23:42:00,524 INFO o.a.j.t.JMeterThread: Thread finished: Test member Java 1-629
2026-06-24 23:42:00,525 INFO o.a.j.t.JMeterThread: Stopping: Test member Java 1-754
2026-06-24 23:42:00,525 WARN o.a.j.t.JMeterThread: Interrupting: Test member Java 1-754 sampler: sayHi
2026-06-24 23:42:00,525 INFO o.a.j.t.JMeterThread: Thread finished: Test member Java 1-379
2026-06-24 23:42:00,526 INFO o.a.j.t.JMeterThread: Stopping: Test member Java 1-819
2026-06-24 23:42:00,526 WARN o.a.j.t.JMeterThread: Interrupting: Test member Java 1-819 sampler: sayHi
2026-06-24 23:42:00,526 INFO o.a.j.t.JMeterThread: Thread finished: Test member Java 1-754
2026-06-24 23:42:00,527 INFO o.a.j.t.JMeterThread: Stopping: Test member Java 1-487
2026-06-24 23:42:00,527 WARN o.a.j.t.JMeterThread: Interrupting: Test member Java 1-487 sampler: sayHi
2026-06-24 23:42:00,527 INFO o.a.j.t.JMeterThread: Thread finished: Test member Java 1-819
2026-06-24 23:42:00,527 INFO o.a.j.t.JMeterThread: Stopping: Test member Java 1-666
2026-06-24 23:42:00,528 WARN o.a.j.t.JMeterThread: Interrupting: Test member Java 1-666 sampler: sayHi
2026-06-24 23:42:00,528 INFO o.a.j.t.JMeterThread: Thread finished: Test member Java 1-487
2026-06-24 23:42:00,528 INFO o.a.j.t.JMeterThread: Stopping: Test member Java 1-997
2026-06-24 23:42:00,528 INFO o.a.j.t.JMeterThread: Thread finished: Test member Java 1-666
2026-06-24 23:42:00,529 WARN o.a.j.t.JMeterThread: Interrupting: Test member Java 1-997 sampler: sayHi
2026-06-24 23:42:00,529 INFO o.a.j.t.JMeterThread: Stopping: Test member Java 1-6
2026-06-24 23:42:00,529 WARN o.a.j.t.JMeterThread: Interrupting: Test member Java 1-6 sampler: sayHi
2026-06-24 23:42:00,529 INFO o.a.j.t.JMeterThread: Thread finished: Test member Java 1-997
2026-06-24 23:42:00,529 INFO o.a.j.t.JMeterThread: Stopping: Test member Java 1-10
2026-06-24 23:42:00,529 WARN o.a.j.t.JMeterThread: Interrupting: Test member Java 1-10 sampler: sayHi
2026-06-24 23:42:00,530 INFO o.a.j.t.JMeterThread: Stopping: Test member Java 1-51
2026-06-24 23:42:00,530 WARN o.a.j.t.JMeterThread: Interrupting: Test member Java 1-51 sampler: sayHi
2026-06-24 23:42:00,530 INFO o.a.j.t.JMeterThread: Thread finished: Test member Java 1-6
2026-06-24 23:42:00,530 INFO o.a.j.t.JMeterThread: Thread finished: Test member Java 1-10
2026-06-24 23:42:00,530 INFO o.a.j.t.JMeterThread: Stopping: Test member Java 1-242
2026-06-24 23:42:00,530 INFO o.a.j.t.JMeterThread: Thread finished: Test member Java 1-51
2026-06-24 23:42:00,531 WARN o.a.j.t.JMeterThread: Interrupting: Test member Java 1-242 sampler: sayHi
2026-06-24 23:42:00,532 INFO o.a.j.t.JMeterThread: Stopping: Test member Java 1-774
2026-06-24 23:42:00,532 WARN o.a.j.t.JMeterThread: Interrupting: Test member Java 1-774 sampler: sayHi
2026-06-24 23:42:00,532 INFO o.a.j.t.JMeterThread: Thread finished: Test member Java 1-242
2026-06-24 23:42:00,534 INFO o.a.j.t.JMeterThread: Stopping: Test member Java 1-207
2026-06-24 23:42:00,534 WARN o.a.j.t.JMeterThread: Interrupting: Test member Java 1-207 sampler: sayHi
2026-06-24 23:42:00,534 INFO o.a.j.t.JMeterThread: Thread finished: Test member Java 1-774
2026-06-24 23:42:00,536 INFO o.a.j.t.JMeterThread: Stopping: Test member Java 1-518
2026-06-24 23:42:00,536 WARN o.a.j.t.JMeterThread: Interrupting: Test member Java 1-518 sampler: sayHi
2026-06-24 23:42:00,536 INFO o.a.j.t.JMeterThread: Thread finished: Test member Java 1-207
2026-06-24 23:42:00,537 INFO o.a.j.t.JMeterThread: Stopping: Test member Java 1-279
2026-06-24 23:42:00,537 INFO o.a.j.t.JMeterThread: Thread finished: Test member Java 1-518
2026-06-24 23:42:00,537 WARN o.a.j.t.JMeterThread: Interrupting: Test member Java 1-279 sampler: sayHi
2026-06-24 23:42:00,540 INFO o.a.j.t.JMeterThread: Thread finished: Test member Java 1-279
2026-06-24 23:42:00,540 INFO o.a.j.t.JMeterThread: Stopping: Test member Java 1-661
2026-06-24 23:42:00,540 WARN o.a.j.t.JMeterThread: Interrupting: Test member Java 1-661 sampler: sayHi
2026-06-24 23:42:00,542 INFO o.a.j.t.JMeterThread: Stopping: Test member Java 1-385
2026-06-24 23:42:00,542 WARN o.a.j.t.JMeterThread: Interrupting: Test member Java 1-385 sampler: sayHi
2026-06-24 23:42:00,542 INFO o.a.j.t.JMeterThread: Thread finished: Test member Java 1-661
2026-06-24 23:42:00,542 INFO o.a.j.t.JMeterThread: Stopping: Test member Java 1-434
2026-06-24 23:42:00,542 WARN o.a.j.t.JMeterThread: Interrupting: Test member Java 1-434 sampler: sayHi
2026-06-24 23:42:00,543 INFO o.a.j.t.JMeterThread: Thread finished: Test member Java 1-385
2026-06-24 23:42:00,544 INFO o.a.j.t.JMeterThread: Stopping: Test member Java 1-493
2026-06-24 23:42:00,544 INFO o.a.j.t.JMeterThread: Thread finished: Test member Java 1-434
2026-06-24 23:42:00,545 WARN o.a.j.t.JMeterThread: Interrupting: Test member Java 1-493 sampler: sayHi
2026-06-24 23:42:00,545 INFO o.a.j.t.JMeterThread: Stopping: Test member Java 1-693
2026-06-24 23:42:00,545 WARN o.a.j.t.JMeterThread: Interrupting: Test member Java 1-693 sampler: sayHi
2026-06-24 23:42:00,545 INFO o.a.j.t.JMeterThread: Stopping: Test member Java 1-39
2026-06-24 23:42:00,545 WARN o.a.j.t.JMeterThread: Interrupting: Test member Java 1-39 sampler: sayHi
2026-06-24 23:42:00,546 INFO o.a.j.t.JMeterThread: Thread finished: Test member Java 1-693
2026-06-24 23:42:00,546 INFO o.a.j.t.JMeterThread: Thread finished: Test member Java 1-493
2026-06-24 23:42:00,546 INFO o.a.j.t.JMeterThread: Stopping: Test member Java 1-65
2026-06-24 23:42:00,546 INFO o.a.j.t.JMeterThread: Thread finished: Test member Java 1-39
2026-06-24 23:42:00,546 WARN o.a.j.t.JMeterThread: Interrupting: Test member Java 1-65 sampler: sayHi
2026-06-24 23:42:00,548 INFO o.a.j.t.JMeterThread: Stopping: Test member Java 1-55
2026-06-24 23:42:00,548 WARN o.a.j.t.JMeterThread: Interrupting: Test member Java 1-55 sampler: sayHi
2026-06-24 23:42:00,548 INFO o.a.j.t.JMeterThread: Thread finished: Test member Java 1-65
2026-06-24 23:42:00,548 INFO o.a.j.t.JMeterThread: Thread finished: Test member Java 1-55
2026-06-24 23:42:00,549 INFO o.a.j.t.JMeterThread: Stopping: Test member Java 1-225
2026-06-24 23:42:00,549 WARN o.a.j.t.JMeterThread: Interrupting: Test member Java 1-225 sampler: sayHi
2026-06-24 23:42:00,550 INFO o.a.j.t.JMeterThread: Stopping: Test member Java 1-895
2026-06-24 23:42:00,550 WARN o.a.j.t.JMeterThread: Interrupting: Test member Java 1-895 sampler: sayHi
2026-06-24 23:42:00,550 INFO o.a.j.t.JMeterThread: Thread finished: Test member Java 1-225
2026-06-24 23:42:00,551 INFO o.a.j.t.JMeterThread: Stopping: Test member Java 1-858
2026-06-24 23:42:00,551 WARN o.a.j.t.JMeterThread: Interrupting: Test member Java 1-858 sampler: sayHi
2026-06-24 23:42:00,551 INFO o.a.j.t.JMeterThread: Thread finished: Test member Java 1-895
2026-06-24 23:42:00,554 INFO o.a.j.t.JMeterThread: Thread finished: Test member Java 1-858
2026-06-24 23:42:00,554 INFO o.a.j.t.JMeterThread: Stopping: Test member Java 1-766
2026-06-24 23:42:00,555 WARN o.a.j.t.JMeterThread: Interrupting: Test member Java 1-766 sampler: sayHi
2026-06-24 23:42:00,555 INFO o.a.j.t.JMeterThread: Stopping: Test member Java 1-230
2026-06-24 23:42:00,556 WARN o.a.j.t.JMeterThread: Interrupting: Test member Java 1-230 sampler: sayHi
2026-06-24 23:42:00,556 INFO o.a.j.t.JMeterThread: Thread finished: Test member Java 1-766
2026-06-24 23:42:00,558 INFO o.a.j.t.JMeterThread: Stopping: Test member Java 1-273
2026-06-24 23:42:00,558 INFO o.a.j.t.JMeterThread: Thread finished: Test member Java 1-230
2026-06-24 23:42:00,558 WARN o.a.j.t.JMeterThread: Interrupting: Test member Java 1-273 sampler: sayHi
2026-06-24 23:42:00,560 INFO o.a.j.t.JMeterThread: Stopping: Test member Java 1-797
2026-06-24 23:42:00,560 WARN o.a.j.t.JMeterThread: Interrupting: Test member Java 1-797 sampler: sayHi
2026-06-24 23:42:00,561 INFO o.a.j.t.JMeterThread: Thread finished: Test member Java 1-273
2026-06-24 23:42:00,562 INFO o.a.j.t.JMeterThread: Stopping: Test member Java 1-348
2026-06-24 23:42:00,562 WARN o.a.j.t.JMeterThread: Interrupting: Test member Java 1-348 sampler: sayHi
2026-06-24 23:42:00,562 INFO o.a.j.t.JMeterThread: Thread finished: Test member Java 1-797
2026-06-24 23:42:00,564 INFO o.a.j.t.JMeterThread: Stopping: Test member Java 1-289
2026-06-24 23:42:00,564 WARN o.a.j.t.JMeterThread: Interrupting: Test member Java 1-289 sampler: sayHi
2026-06-24 23:42:00,564 INFO o.a.j.t.JMeterThread: Thread finished: Test member Java 1-348
2026-06-24 23:42:00,564 INFO o.a.j.t.JMeterThread: Stopping: Test member Java 1-97
2026-06-24 23:42:00,564 WARN o.a.j.t.JMeterThread: Interrupting: Test member Java 1-97 sampler: sayHi
2026-06-24 23:42:00,564 INFO o.a.j.t.JMeterThread: Stopping: Test member Java 1-94
2026-06-24 23:42:00,564 WARN o.a.j.t.JMeterThread: Interrupting: Test member Java 1-94 sampler: sayHi
2026-06-24 23:42:00,564 INFO o.a.j.t.JMeterThread: Thread finished: Test member Java 1-289
2026-06-24 23:42:00,565 INFO o.a.j.t.JMeterThread: Thread finished: Test member Java 1-97
2026-06-24 23:42:00,566 INFO o.a.j.t.JMeterThread: Thread finished: Test member Java 1-94
2026-06-24 23:42:00,566 INFO o.a.j.t.JMeterThread: Stopping: Test member Java 1-3
2026-06-24 23:42:00,567 WARN o.a.j.t.JMeterThread: Interrupting: Test member Java 1-3 sampler: sayHi
2026-06-24 23:42:00,568 INFO o.a.j.t.JMeterThread: Stopping: Test member Java 1-678
2026-06-24 23:42:00,568 INFO o.a.j.t.JMeterThread: Thread finished: Test member Java 1-3
2026-06-24 23:42:00,571 WARN o.a.j.t.JMeterThread: Interrupting: Test member Java 1-678 sampler: sayHi
2026-06-24 23:42:00,572 INFO o.a.j.t.JMeterThread: Stopping: Test member Java 1-305
2026-06-24 23:42:00,572 INFO o.a.j.t.JMeterThread: Thread finished: Test member Java 1-678
2026-06-24 23:42:00,572 WARN o.a.j.t.JMeterThread: Interrupting: Test member Java 1-305 sampler: sayHi
2026-06-24 23:42:00,573 INFO o.a.j.t.JMeterThread: Stopping: Test member Java 1-902
2026-06-24 23:42:00,573 WARN o.a.j.t.JMeterThread: Interrupting: Test member Java 1-902 sampler: sayHi
2026-06-24 23:42:00,574 INFO o.a.j.t.JMeterThread: Thread finished: Test member Java 1-305
2026-06-24 23:42:00,574 INFO o.a.j.t.JMeterThread: Stopping: Test member Java 1-967
2026-06-24 23:42:00,574 WARN o.a.j.t.JMeterThread: Interrupting: Test member Java 1-967 sampler: sayHi
2026-06-24 23:42:00,574 INFO o.a.j.t.JMeterThread: Thread finished: Test member Java 1-902
2026-06-24 23:42:00,574 INFO o.a.j.t.JMeterThread: Stopping: Test member Java 1-34
2026-06-24 23:42:00,574 WARN o.a.j.t.JMeterThread: Interrupting: Test member Java 1-34 sampler: sayHi
2026-06-24 23:42:00,575 INFO o.a.j.t.JMeterThread: Stopping: Test member Java 1-871
2026-06-24 23:42:00,575 WARN o.a.j.t.JMeterThread: Interrupting: Test member Java 1-871 sampler: sayHi
2026-06-24 23:42:00,575 INFO o.a.j.t.JMeterThread: Thread finished: Test member Java 1-967
2026-06-24 23:42:00,575 INFO o.a.j.t.JMeterThread: Stopping: Test member Java 1-888
2026-06-24 23:42:00,575 WARN o.a.j.t.JMeterThread: Interrupting: Test member Java 1-888 sampler: sayHi
2026-06-24 23:42:00,575 INFO o.a.j.t.JMeterThread: Stopping: Test member Java 1-955
2026-06-24 23:42:00,575 WARN o.a.j.t.JMeterThread: Interrupting: Test member Java 1-955 sampler: sayHi
2026-06-24 23:42:00,575 INFO o.a.j.t.JMeterThread: Thread finished: Test member Java 1-871
2026-06-24 23:42:00,576 INFO o.a.j.t.JMeterThread: Stopping: Test member Java 1-675
2026-06-24 23:42:00,576 WARN o.a.j.t.JMeterThread: Interrupting: Test member Java 1-675 sampler: sayHi
2026-06-24 23:42:00,576 INFO o.a.j.t.JMeterThread: Thread finished: Test member Java 1-34
2026-06-24 23:42:00,576 INFO o.a.j.t.JMeterThread: Stopping: Test member Java 1-28
2026-06-24 23:42:00,576 WARN o.a.j.t.JMeterThread: Interrupting: Test member Java 1-28 sampler: sayHi
2026-06-24 23:42:00,576 INFO o.a.j.t.JMeterThread: Thread finished: Test member Java 1-675
2026-06-24 23:42:00,577 INFO o.a.j.t.JMeterThread: Thread finished: Test member Java 1-888
2026-06-24 23:42:00,577 INFO o.a.j.t.JMeterThread: Thread finished: Test member Java 1-955
2026-06-24 23:42:00,578 INFO o.a.j.t.JMeterThread: Stopping: Test member Java 1-288
2026-06-24 23:42:00,578 WARN o.a.j.t.JMeterThread: Interrupting: Test member Java 1-288 sampler: sayHi
2026-06-24 23:42:00,578 INFO o.a.j.t.JMeterThread: Thread finished: Test member Java 1-28
2026-06-24 23:42:00,579 INFO o.a.j.t.JMeterThread: Stopping: Test member Java 1-959
2026-06-24 23:42:00,580 WARN o.a.j.t.JMeterThread: Interrupting: Test member Java 1-959 sampler: sayHi
2026-06-24 23:42:00,580 INFO o.a.j.t.JMeterThread: Thread finished: Test member Java 1-288
2026-06-24 23:42:00,580 INFO o.a.j.t.JMeterThread: Stopping: Test member Java 1-99
2026-06-24 23:42:00,580 WARN o.a.j.t.JMeterThread: Interrupting: Test member Java 1-99 sampler: sayHi
2026-06-24 23:42:00,581 INFO o.a.j.t.JMeterThread: Thread finished: Test member Java 1-959
2026-06-24 23:42:00,581 INFO o.a.j.t.JMeterThread: Stopping: Test member Java 1-559
2026-06-24 23:42:00,581 WARN o.a.j.t.JMeterThread: Interrupting: Test member Java 1-559 sampler: sayHi
2026-06-24 23:42:00,581 INFO o.a.j.t.JMeterThread: Thread finished: Test member Java 1-99
2026-06-24 23:42:00,583 INFO o.a.j.t.JMeterThread: Stopping: Test member Java 1-92
2026-06-24 23:42:00,583 WARN o.a.j.t.JMeterThread: Interrupting: Test member Java 1-92 sampler: sayHi
2026-06-24 23:42:00,583 INFO o.a.j.t.JMeterThread: Thread finished: Test member Java 1-559
2026-06-24 23:42:00,584 INFO o.a.j.t.JMeterThread: Stopping: Test member Java 1-388
2026-06-24 23:42:00,584 WARN o.a.j.t.JMeterThread: Interrupting: Test member Java 1-388 sampler: sayHi
2026-06-24 23:42:00,585 INFO o.a.j.t.JMeterThread: Thread finished: Test member Java 1-92
2026-06-24 23:42:00,585 INFO o.a.j.t.JMeterThread: Stopping: Test member Java 1-710
2026-06-24 23:42:00,585 WARN o.a.j.t.JMeterThread: Interrupting: Test member Java 1-710 sampler: sayHi
2026-06-24 23:42:00,585 INFO o.a.j.t.JMeterThread: Thread finished: Test member Java 1-388
2026-06-24 23:42:00,586 INFO o.a.j.t.JMeterThread: Thread finished: Test member Java 1-710
2026-06-24 23:42:00,586 INFO o.a.j.t.JMeterThread: Stopping: Test member Java 1-530
2026-06-24 23:42:00,586 WARN o.a.j.t.JMeterThread: Interrupting: Test member Java 1-530 sampler: sayHi
2026-06-24 23:42:00,588 INFO o.a.j.t.JMeterThread: Thread finished: Test member Java 1-530
2026-06-24 23:42:00,588 INFO o.a.j.t.JMeterThread: Stopping: Test member Java 1-380
2026-06-24 23:42:00,589 WARN o.a.j.t.JMeterThread: Interrupting: Test member Java 1-380 sampler: sayHi
2026-06-24 23:42:00,590 INFO o.a.j.t.JMeterThread: Stopping: Test member Java 1-15
2026-06-24 23:42:00,590 WARN o.a.j.t.JMeterThread: Interrupting: Test member Java 1-15 sampler: sayHi
2026-06-24 23:42:00,590 INFO o.a.j.t.JMeterThread: Thread finished: Test member Java 1-380
2026-06-24 23:42:00,591 INFO o.a.j.t.JMeterThread: Stopping: Test member Java 1-480
2026-06-24 23:42:00,591 WARN o.a.j.t.JMeterThread: Interrupting: Test member Java 1-480 sampler: sayHi
2026-06-24 23:42:00,591 INFO o.a.j.t.JMeterThread: Thread finished: Test member Java 1-15
2026-06-24 23:42:00,591 INFO o.a.j.t.JMeterThread: Stopping: Test member Java 1-862
2026-06-24 23:42:00,591 WARN o.a.j.t.JMeterThread: Interrupting: Test member Java 1-862 sampler: sayHi
2026-06-24 23:42:00,592 INFO o.a.j.t.JMeterThread: Thread finished: Test member Java 1-480
2026-06-24 23:42:00,592 INFO o.a.j.t.JMeterThread: Stopping: Test member Java 1-748
2026-06-24 23:42:00,592 WARN o.a.j.t.JMeterThread: Interrupting: Test member Java 1-748 sampler: sayHi
2026-06-24 23:42:00,592 INFO o.a.j.t.JMeterThread: Thread finished: Test member Java 1-862
2026-06-24 23:42:00,592 INFO o.a.j.t.JMeterThread: Stopping: Test member Java 1-133
2026-06-24 23:42:00,592 WARN o.a.j.t.JMeterThread: Interrupting: Test member Java 1-133 sampler: sayHi
2026-06-24 23:42:00,593 INFO o.a.j.t.JMeterThread: Thread finished: Test member Java 1-748
2026-06-24 23:42:00,594 INFO o.a.j.t.JMeterThread: Stopping: Test member Java 1-100
2026-06-24 23:42:00,594 WARN o.a.j.t.JMeterThread: Interrupting: Test member Java 1-100 sampler: sayHi
2026-06-24 23:42:00,594 INFO o.a.j.t.JMeterThread: Thread finished: Test member Java 1-133
2026-06-24 23:42:00,594 INFO o.a.j.t.JMeterThread: Stopping: Test member Java 1-683
2026-06-24 23:42:00,594 WARN o.a.j.t.JMeterThread: Interrupting: Test member Java 1-683 sampler: sayHi
2026-06-24 23:42:00,595 INFO o.a.j.t.JMeterThread: Stopping: Test member Java 1-111
2026-06-24 23:42:00,595 WARN o.a.j.t.JMeterThread: Interrupting: Test member Java 1-111 sampler: sayHi
2026-06-24 23:42:00,595 INFO o.a.j.t.JMeterThread: Thread finished: Test member Java 1-683
2026-06-24 23:42:00,595 INFO o.a.j.t.JMeterThread: Thread finished: Test member Java 1-100
2026-06-24 23:42:00,596 INFO o.a.j.t.JMeterThread: Stopping: Test member Java 1-949
2026-06-24 23:42:00,596 WARN o.a.j.t.JMeterThread: Interrupting: Test member Java 1-949 sampler: sayHi
2026-06-24 23:42:00,596 INFO o.a.j.t.JMeterThread: Thread finished: Test member Java 1-111
2026-06-24 23:42:00,596 INFO o.a.j.t.JMeterThread: Stopping: Test member Java 1-314
2026-06-24 23:42:00,596 WARN o.a.j.t.JMeterThread: Interrupting: Test member Java 1-314 sampler: sayHi
2026-06-24 23:42:00,596 INFO o.a.j.t.JMeterThread: Thread finished: Test member Java 1-949
2026-06-24 23:42:00,598 INFO o.a.j.t.JMeterThread: Thread finished: Test member Java 1-314
2026-06-24 23:42:00,598 INFO o.a.j.t.JMeterThread: Stopping: Test member Java 1-990
2026-06-24 23:42:00,598 WARN o.a.j.t.JMeterThread: Interrupting: Test member Java 1-990 sampler: sayHi
2026-06-24 23:42:00,600 INFO o.a.j.t.JMeterThread: Stopping: Test member Java 1-577
2026-06-24 23:42:00,600 WARN o.a.j.t.JMeterThread: Interrupting: Test member Java 1-577 sampler: sayHi
2026-06-24 23:42:00,600 INFO o.a.j.t.JMeterThread: Thread finished: Test member Java 1-990
2026-06-24 23:42:00,600 INFO o.a.j.t.JMeterThread: Stopping: Test member Java 1-150
2026-06-24 23:42:00,601 WARN o.a.j.t.JMeterThread: Interrupting: Test member Java 1-150 sampler: sayHi
2026-06-24 23:42:00,601 INFO o.a.j.t.JMeterThread: Thread finished: Test member Java 1-577
2026-06-24 23:42:00,602 INFO o.a.j.t.JMeterThread: Stopping: Test member Java 1-474
2026-06-24 23:42:00,602 WARN o.a.j.t.JMeterThread: Interrupting: Test member Java 1-474 sampler: sayHi
2026-06-24 23:42:00,602 INFO o.a.j.t.JMeterThread: Thread finished: Test member Java 1-150
2026-06-24 23:42:00,605 INFO o.a.j.t.JMeterThread: Stopping: Test member Java 1-12
2026-06-24 23:42:00,605 INFO o.a.j.t.JMeterThread: Thread finished: Test member Java 1-474
2026-06-24 23:42:00,605 WARN o.a.j.t.JMeterThread: Interrupting: Test member Java 1-12 sampler: sayHi
2026-06-24 23:42:00,607 INFO o.a.j.t.JMeterThread: Stopping: Test member Java 1-209
2026-06-24 23:42:00,607 WARN o.a.j.t.JMeterThread: Interrupting: Test member Java 1-209 sampler: sayHi
2026-06-24 23:42:00,607 INFO o.a.j.t.JMeterThread: Thread finished: Test member Java 1-12
2026-06-24 23:42:00,609 INFO o.a.j.t.JMeterThread: Stopping: Test member Java 1-232
2026-06-24 23:42:00,609 WARN o.a.j.t.JMeterThread: Interrupting: Test member Java 1-232 sampler: sayHi
2026-06-24 23:42:00,609 INFO o.a.j.t.JMeterThread: Thread finished: Test member Java 1-209
2026-06-24 23:42:00,610 INFO o.a.j.t.JMeterThread: Stopping: Test member Java 1-95
2026-06-24 23:42:00,610 WARN o.a.j.t.JMeterThread: Interrupting: Test member Java 1-95 sampler: sayHi
2026-06-24 23:42:00,610 INFO o.a.j.t.JMeterThread: Thread finished: Test member Java 1-232
2026-06-24 23:42:00,612 INFO o.a.j.t.JMeterThread: Stopping: Test member Java 1-974
2026-06-24 23:42:00,612 INFO o.a.j.t.JMeterThread: Thread finished: Test member Java 1-95
2026-06-24 23:42:00,612 WARN o.a.j.t.JMeterThread: Interrupting: Test member Java 1-974 sampler: sayHi
2026-06-24 23:42:00,614 INFO o.a.j.t.JMeterThread: Stopping: Test member Java 1-503
2026-06-24 23:42:00,614 INFO o.a.j.t.JMeterThread: Thread finished: Test member Java 1-974
2026-06-24 23:42:00,614 WARN o.a.j.t.JMeterThread: Interrupting: Test member Java 1-503 sampler: sayHi
2026-06-24 23:42:00,616 INFO o.a.j.t.JMeterThread: Stopping: Test member Java 1-724
2026-06-24 23:42:00,616 INFO o.a.j.t.JMeterThread: Thread finished: Test member Java 1-503
2026-06-24 23:42:00,616 WARN o.a.j.t.JMeterThread: Interrupting: Test member Java 1-724 sampler: sayHi
2026-06-24 23:42:00,617 INFO o.a.j.t.JMeterThread: Stopping: Test member Java 1-208
2026-06-24 23:42:00,617 WARN o.a.j.t.JMeterThread: Interrupting: Test member Java 1-208 sampler: sayHi
2026-06-24 23:42:00,617 INFO o.a.j.t.JMeterThread: Thread finished: Test member Java 1-724
2026-06-24 23:42:00,619 INFO o.a.j.t.JMeterThread: Stopping: Test member Java 1-645
2026-06-24 23:42:00,619 INFO o.a.j.t.JMeterThread: Thread finished: Test member Java 1-208
2026-06-24 23:42:00,619 WARN o.a.j.t.JMeterThread: Interrupting: Test member Java 1-645 sampler: sayHi
2026-06-24 23:42:00,620 INFO o.a.j.t.JMeterThread: Stopping: Test member Java 1-145
2026-06-24 23:42:00,620 WARN o.a.j.t.JMeterThread: Interrupting: Test member Java 1-145 sampler: sayHi
2026-06-24 23:42:00,620 INFO o.a.j.t.JMeterThread: Thread finished: Test member Java 1-645
2026-06-24 23:42:00,622 INFO o.a.j.t.JMeterThread: Stopping: Test member Java 1-616
2026-06-24 23:42:00,622 WARN o.a.j.t.JMeterThread: Interrupting: Test member Java 1-616 sampler: sayHi
2026-06-24 23:42:00,622 INFO o.a.j.t.JMeterThread: Thread finished: Test member Java 1-145
2026-06-24 23:42:00,624 INFO o.a.j.t.JMeterThread: Stopping: Test member Java 1-543
2026-06-24 23:42:00,624 WARN o.a.j.t.JMeterThread: Interrupting: Test member Java 1-543 sampler: sayHi
2026-06-24 23:42:00,624 INFO o.a.j.t.JMeterThread: Thread finished: Test member Java 1-616
2026-06-24 23:42:00,626 INFO o.a.j.t.JMeterThread: Thread finished: Test member Java 1-543
2026-06-24 23:42:00,628 INFO o.a.j.t.JMeterThread: Stopping: Test member Java 1-688
2026-06-24 23:42:00,628 WARN o.a.j.t.JMeterThread: Interrupting: Test member Java 1-688 sampler: sayHi
2026-06-24 23:42:00,628 INFO o.a.j.t.JMeterThread: Stopping: Test member Java 1-859
2026-06-24 23:42:00,628 WARN o.a.j.t.JMeterThread: Interrupting: Test member Java 1-859 sampler: sayHi
2026-06-24 23:42:00,629 INFO o.a.j.t.JMeterThread: Thread finished: Test member Java 1-688
2026-06-24 23:42:00,629 INFO o.a.j.t.JMeterThread: Stopping: Test member Java 1-9
2026-06-24 23:42:00,629 WARN o.a.j.t.JMeterThread: Interrupting: Test member Java 1-9 sampler: sayHi
2026-06-24 23:42:00,629 INFO o.a.j.t.JMeterThread: Thread finished: Test member Java 1-859
2026-06-24 23:42:00,630 INFO o.a.j.t.JMeterThread: Stopping: Test member Java 1-238
2026-06-24 23:42:00,631 WARN o.a.j.t.JMeterThread: Interrupting: Test member Java 1-238 sampler: sayHi
2026-06-24 23:42:00,631 INFO o.a.j.t.JMeterThread: Thread finished: Test member Java 1-9
2026-06-24 23:42:00,631 INFO o.a.j.t.JMeterThread: Stopping: Test member Java 1-513
2026-06-24 23:42:00,632 WARN o.a.j.t.JMeterThread: Interrupting: Test member Java 1-513 sampler: sayHi
2026-06-24 23:42:00,632 INFO o.a.j.t.JMeterThread: Thread finished: Test member Java 1-238
2026-06-24 23:42:00,632 INFO o.a.j.t.JMeterThread: Stopping: Test member Java 1-125
2026-06-24 23:42:00,632 WARN o.a.j.t.JMeterThread: Interrupting: Test member Java 1-125 sampler: sayHi
2026-06-24 23:42:00,632 INFO o.a.j.t.JMeterThread: Thread finished: Test member Java 1-513
2026-06-24 23:42:00,633 INFO o.a.j.t.JMeterThread: Stopping: Test member Java 1-514
2026-06-24 23:42:00,633 WARN o.a.j.t.JMeterThread: Interrupting: Test member Java 1-514 sampler: sayHi
2026-06-24 23:42:00,633 INFO o.a.j.t.JMeterThread: Thread finished: Test member Java 1-125
2026-06-24 23:42:00,634 INFO o.a.j.t.JMeterThread: Stopping: Test member Java 1-677
2026-06-24 23:42:00,634 INFO o.a.j.t.JMeterThread: Thread finished: Test member Java 1-514
2026-06-24 23:42:00,634 WARN o.a.j.t.JMeterThread: Interrupting: Test member Java 1-677 sampler: sayHi
2026-06-24 23:42:00,635 INFO o.a.j.t.JMeterThread: Stopping: Test member Java 1-332
2026-06-24 23:42:00,635 WARN o.a.j.t.JMeterThread: Interrupting: Test member Java 1-332 sampler: sayHi
2026-06-24 23:42:00,636 INFO o.a.j.t.JMeterThread: Stopping: Test member Java 1-443
2026-06-24 23:42:00,636 INFO o.a.j.t.JMeterThread: Thread finished: Test member Java 1-677
2026-06-24 23:42:00,636 WARN o.a.j.t.JMeterThread: Interrupting: Test member Java 1-443 sampler: sayHi
2026-06-24 23:42:00,636 INFO o.a.j.t.JMeterThread: Thread finished: Test member Java 1-332
2026-06-24 23:42:00,637 INFO o.a.j.t.JMeterThread: Stopping: Test member Java 1-840
2026-06-24 23:42:00,637 WARN o.a.j.t.JMeterThread: Interrupting: Test member Java 1-840 sampler: sayHi
2026-06-24 23:42:00,637 INFO o.a.j.t.JMeterThread: Thread finished: Test member Java 1-443
2026-06-24 23:42:00,639 INFO o.a.j.t.JMeterThread: Stopping: Test member Java 1-537
2026-06-24 23:42:00,639 WARN o.a.j.t.JMeterThread: Interrupting: Test member Java 1-537 sampler: sayHi
2026-06-24 23:42:00,639 INFO o.a.j.t.JMeterThread: Thread finished: Test member Java 1-840
2026-06-24 23:42:00,640 INFO o.a.j.t.JMeterThread: Stopping: Test member Java 1-913
2026-06-24 23:42:00,641 WARN o.a.j.t.JMeterThread: Interrupting: Test member Java 1-913 sampler: sayHi
2026-06-24 23:42:00,641 INFO o.a.j.t.JMeterThread: Thread finished: Test member Java 1-537
2026-06-24 23:42:00,641 INFO o.a.j.t.JMeterThread: Stopping: Test member Java 1-243
2026-06-24 23:42:00,641 WARN o.a.j.t.JMeterThread: Interrupting: Test member Java 1-243 sampler: sayHi
2026-06-24 23:42:00,641 INFO o.a.j.t.JMeterThread: Stopping: Test member Java 1-605
2026-06-24 23:42:00,641 INFO o.a.j.t.JMeterThread: Thread finished: Test member Java 1-913
2026-06-24 23:42:00,641 WARN o.a.j.t.JMeterThread: Interrupting: Test member Java 1-605 sampler: sayHi
2026-06-24 23:42:00,642 INFO o.a.j.t.JMeterThread: Thread finished: Test member Java 1-243
2026-06-24 23:42:00,642 INFO o.a.j.t.JMeterThread: Stopping: Test member Java 1-558
2026-06-24 23:42:00,642 WARN o.a.j.t.JMeterThread: Interrupting: Test member Java 1-558 sampler: sayHi
2026-06-24 23:42:00,642 INFO o.a.j.t.JMeterThread: Thread finished: Test member Java 1-605
2026-06-24 23:42:00,643 INFO o.a.j.t.JMeterThread: Stopping: Test member Java 1-958
2026-06-24 23:42:00,644 WARN o.a.j.t.JMeterThread: Interrupting: Test member Java 1-958 sampler: sayHi
2026-06-24 23:42:00,644 INFO o.a.j.t.JMeterThread: Thread finished: Test member Java 1-558
2026-06-24 23:42:00,645 INFO o.a.j.t.JMeterThread: Stopping: Test member Java 1-447
2026-06-24 23:42:00,645 WARN o.a.j.t.JMeterThread: Interrupting: Test member Java 1-447 sampler: sayHi
2026-06-24 23:42:00,645 INFO o.a.j.t.JMeterThread: Thread finished: Test member Java 1-958
2026-06-24 23:42:00,646 INFO o.a.j.t.JMeterThread: Stopping: Test member Java 1-739
2026-06-24 23:42:00,646 WARN o.a.j.t.JMeterThread: Interrupting: Test member Java 1-739 sampler: sayHi
2026-06-24 23:42:00,647 INFO o.a.j.t.JMeterThread: Thread finished: Test member Java 1-447
2026-06-24 23:42:00,647 INFO o.a.j.t.JMeterThread: Stopping: Test member Java 1-952
2026-06-24 23:42:00,647 WARN o.a.j.t.JMeterThread: Interrupting: Test member Java 1-952 sampler: sayHi
2026-06-24 23:42:00,647 INFO o.a.j.t.JMeterThread: Thread finished: Test member Java 1-739
2026-06-24 23:42:00,647 INFO o.a.j.t.JMeterThread: Stopping: Test member Java 1-276
2026-06-24 23:42:00,648 WARN o.a.j.t.JMeterThread: Interrupting: Test member Java 1-276 sampler: sayHi
2026-06-24 23:42:00,648 INFO o.a.j.t.JMeterThread: Thread finished: Test member Java 1-952
2026-06-24 23:42:00,649 INFO o.a.j.t.JMeterThread: Stopping: Test member Java 1-657
2026-06-24 23:42:00,649 WARN o.a.j.t.JMeterThread: Interrupting: Test member Java 1-657 sampler: sayHi
2026-06-24 23:42:00,649 INFO o.a.j.t.JMeterThread: Stopping: Test member Java 1-30
2026-06-24 23:42:00,649 WARN o.a.j.t.JMeterThread: Interrupting: Test member Java 1-30 sampler: sayHi
2026-06-24 23:42:00,649 INFO o.a.j.t.JMeterThread: Thread finished: Test member Java 1-276
2026-06-24 23:42:00,649 INFO o.a.j.t.JMeterThread: Stopping: Test member Java 1-610
2026-06-24 23:42:00,649 WARN o.a.j.t.JMeterThread: Interrupting: Test member Java 1-610 sampler: sayHi
2026-06-24 23:42:00,650 INFO o.a.j.t.JMeterThread: Stopping: Test member Java 1-749
2026-06-24 23:42:00,650 WARN o.a.j.t.JMeterThread: Interrupting: Test member Java 1-749 sampler: sayHi
2026-06-24 23:42:00,650 INFO o.a.j.t.JMeterThread: Stopping: Test member Java 1-184
2026-06-24 23:42:00,650 WARN o.a.j.t.JMeterThread: Interrupting: Test member Java 1-184 sampler: sayHi
2026-06-24 23:42:00,650 INFO o.a.j.t.JMeterThread: Stopping: Test member Java 1-867
2026-06-24 23:42:00,650 WARN o.a.j.t.JMeterThread: Interrupting: Test member Java 1-867 sampler: sayHi
2026-06-24 23:42:00,650 INFO o.a.j.t.JMeterThread: Thread finished: Test member Java 1-657
2026-06-24 23:42:00,651 INFO o.a.j.t.JMeterThread: Thread finished: Test member Java 1-30
2026-06-24 23:42:00,651 INFO o.a.j.t.JMeterThread: Stopping: Test member Java 1-262
2026-06-24 23:42:00,651 INFO o.a.j.t.JMeterThread: Thread finished: Test member Java 1-610
2026-06-24 23:42:00,651 WARN o.a.j.t.JMeterThread: Interrupting: Test member Java 1-262 sampler: sayHi
2026-06-24 23:42:00,651 INFO o.a.j.t.JMeterThread: Thread finished: Test member Java 1-184
2026-06-24 23:42:00,651 INFO o.a.j.t.JMeterThread: Thread finished: Test member Java 1-749
2026-06-24 23:42:00,651 INFO o.a.j.t.JMeterThread: Thread finished: Test member Java 1-867
2026-06-24 23:42:00,651 INFO o.a.j.t.JMeterThread: Stopping: Test member Java 1-442
2026-06-24 23:42:00,651 WARN o.a.j.t.JMeterThread: Interrupting: Test member Java 1-442 sampler: sayHi
2026-06-24 23:42:00,652 INFO o.a.j.t.JMeterThread: Thread finished: Test member Java 1-262
2026-06-24 23:42:00,653 INFO o.a.j.t.JMeterThread: Stopping: Test member Java 1-472
2026-06-24 23:42:00,653 WARN o.a.j.t.JMeterThread: Interrupting: Test member Java 1-472 sampler: sayHi
2026-06-24 23:42:00,653 INFO o.a.j.t.JMeterThread: Thread finished: Test member Java 1-442
2026-06-24 23:42:00,653 INFO o.a.j.t.JMeterThread: Stopping: Test member Java 1-874
2026-06-24 23:42:00,653 WARN o.a.j.t.JMeterThread: Interrupting: Test member Java 1-874 sampler: sayHi
2026-06-24 23:42:00,654 INFO o.a.j.t.JMeterThread: Thread finished: Test member Java 1-472
2026-06-24 23:42:00,655 INFO o.a.j.t.JMeterThread: Stopping: Test member Java 1-38
2026-06-24 23:42:00,655 WARN o.a.j.t.JMeterThread: Interrupting: Test member Java 1-38 sampler: sayHi
2026-06-24 23:42:00,655 INFO o.a.j.t.JMeterThread: Thread finished: Test member Java 1-874
2026-06-24 23:42:00,657 INFO o.a.j.t.JMeterThread: Stopping: Test member Java 1-544
2026-06-24 23:42:00,657 WARN o.a.j.t.JMeterThread: Interrupting: Test member Java 1-544 sampler: sayHi
2026-06-24 23:42:00,657 INFO o.a.j.t.JMeterThread: Thread finished: Test member Java 1-38
2026-06-24 23:42:00,657 INFO o.a.j.t.JMeterThread: Stopping: Test member Java 1-510
2026-06-24 23:42:00,657 WARN o.a.j.t.JMeterThread: Interrupting: Test member Java 1-510 sampler: sayHi
2026-06-24 23:42:00,657 INFO o.a.j.t.JMeterThread: Stopping: Test member Java 1-78
2026-06-24 23:42:00,657 WARN o.a.j.t.JMeterThread: Interrupting: Test member Java 1-78 sampler: sayHi
2026-06-24 23:42:00,658 INFO o.a.j.t.JMeterThread: Thread finished: Test member Java 1-510
2026-06-24 23:42:00,658 INFO o.a.j.t.JMeterThread: Stopping: Test member Java 1-586
2026-06-24 23:42:00,658 WARN o.a.j.t.JMeterThread: Interrupting: Test member Java 1-586 sampler: sayHi
2026-06-24 23:42:00,658 INFO o.a.j.t.JMeterThread: Thread finished: Test member Java 1-544
2026-06-24 23:42:00,658 INFO o.a.j.t.JMeterThread: Thread finished: Test member Java 1-78
2026-06-24 23:42:00,660 INFO o.a.j.t.JMeterThread: Stopping: Test member Java 1-834
2026-06-24 23:42:00,660 WARN o.a.j.t.JMeterThread: Interrupting: Test member Java 1-834 sampler: sayHi
2026-06-24 23:42:00,660 INFO o.a.j.t.JMeterThread: Thread finished: Test member Java 1-586
2026-06-24 23:42:00,660 INFO o.a.j.t.JMeterThread: Stopping: Test member Java 1-440
2026-06-24 23:42:00,660 INFO o.a.j.t.JMeterThread: Thread finished: Test member Java 1-834
2026-06-24 23:42:00,661 WARN o.a.j.t.JMeterThread: Interrupting: Test member Java 1-440 sampler: sayHi
2026-06-24 23:42:00,662 INFO o.a.j.t.JMeterThread: Stopping: Test member Java 1-783
2026-06-24 23:42:00,662 WARN o.a.j.t.JMeterThread: Interrupting: Test member Java 1-783 sampler: sayHi
2026-06-24 23:42:00,662 INFO o.a.j.t.JMeterThread: Thread finished: Test member Java 1-440
2026-06-24 23:42:00,665 INFO o.a.j.t.JMeterThread: Thread finished: Test member Java 1-783
2026-06-24 23:42:00,664 INFO o.a.j.t.JMeterThread: Stopping: Test member Java 1-664
2026-06-24 23:42:00,665 WARN o.a.j.t.JMeterThread: Interrupting: Test member Java 1-664 sampler: sayHi
2026-06-24 23:42:00,665 INFO o.a.j.t.JMeterThread: Stopping: Test member Java 1-339
2026-06-24 23:42:00,665 WARN o.a.j.t.JMeterThread: Interrupting: Test member Java 1-339 sampler: sayHi
2026-06-24 23:42:00,666 INFO o.a.j.t.JMeterThread: Thread finished: Test member Java 1-664
2026-06-24 23:42:00,667 INFO o.a.j.t.JMeterThread: Stopping: Test member Java 1-501
2026-06-24 23:42:00,667 WARN o.a.j.t.JMeterThread: Interrupting: Test member Java 1-501 sampler: sayHi
2026-06-24 23:42:00,667 INFO o.a.j.t.JMeterThread: Thread finished: Test member Java 1-339
2026-06-24 23:42:00,667 INFO o.a.j.t.JMeterThread: Stopping: Test member Java 1-698
2026-06-24 23:42:00,667 WARN o.a.j.t.JMeterThread: Interrupting: Test member Java 1-698 sampler: sayHi
2026-06-24 23:42:00,668 INFO o.a.j.t.JMeterThread: Thread finished: Test member Java 1-501
2026-06-24 23:42:00,669 INFO o.a.j.t.JMeterThread: Stopping: Test member Java 1-328
2026-06-24 23:42:00,669 WARN o.a.j.t.JMeterThread: Interrupting: Test member Java 1-328 sampler: sayHi
2026-06-24 23:42:00,669 INFO o.a.j.t.JMeterThread: Thread finished: Test member Java 1-698
2026-06-24 23:42:00,671 INFO o.a.j.t.JMeterThread: Stopping: Test member Java 1-845
2026-06-24 23:42:00,671 WARN o.a.j.t.JMeterThread: Interrupting: Test member Java 1-845 sampler: sayHi
2026-06-24 23:42:00,672 INFO o.a.j.t.JMeterThread: Thread finished: Test member Java 1-328
2026-06-24 23:42:00,673 INFO o.a.j.t.JMeterThread: Stopping: Test member Java 1-730
2026-06-24 23:42:00,673 WARN o.a.j.t.JMeterThread: Interrupting: Test member Java 1-730 sampler: sayHi
2026-06-24 23:42:00,673 INFO o.a.j.t.JMeterThread: Thread finished: Test member Java 1-845
2026-06-24 23:42:00,673 INFO o.a.j.t.JMeterThread: Stopping: Test member Java 1-187
2026-06-24 23:42:00,673 WARN o.a.j.t.JMeterThread: Interrupting: Test member Java 1-187 sampler: sayHi
2026-06-24 23:42:00,674 INFO o.a.j.t.JMeterThread: Thread finished: Test member Java 1-730
2026-06-24 23:42:00,675 INFO o.a.j.t.JMeterThread: Thread finished: Test member Java 1-187
2026-06-24 23:42:00,675 INFO o.a.j.t.JMeterThread: Stopping: Test member Java 1-333
2026-06-24 23:42:00,675 WARN o.a.j.t.JMeterThread: Interrupting: Test member Java 1-333 sampler: sayHi
2026-06-24 23:42:00,675 INFO o.a.j.t.JMeterThread: Stopping: Test member Java 1-281
2026-06-24 23:42:00,675 WARN o.a.j.t.JMeterThread: Interrupting: Test member Java 1-281 sampler: sayHi
2026-06-24 23:42:00,676 INFO o.a.j.t.JMeterThread: Thread finished: Test member Java 1-333
2026-06-24 23:42:00,677 INFO o.a.j.t.JMeterThread: Stopping: Test member Java 1-598
2026-06-24 23:42:00,677 WARN o.a.j.t.JMeterThread: Interrupting: Test member Java 1-598 sampler: sayHi
2026-06-24 23:42:00,677 INFO o.a.j.t.JMeterThread: Thread finished: Test member Java 1-281
2026-06-24 23:42:00,678 INFO o.a.j.t.JMeterThread: Stopping: Test member Java 1-634
2026-06-24 23:42:00,678 WARN o.a.j.t.JMeterThread: Interrupting: Test member Java 1-634 sampler: sayHi
2026-06-24 23:42:00,678 INFO o.a.j.t.JMeterThread: Thread finished: Test member Java 1-598
2026-06-24 23:42:00,679 INFO o.a.j.t.JMeterThread: Stopping: Test member Java 1-830
2026-06-24 23:42:00,679 WARN o.a.j.t.JMeterThread: Interrupting: Test member Java 1-830 sampler: sayHi
2026-06-24 23:42:00,679 INFO o.a.j.t.JMeterThread: Thread finished: Test member Java 1-634
2026-06-24 23:42:00,680 INFO o.a.j.t.JMeterThread: Stopping: Test member Java 1-426
2026-06-24 23:42:00,680 WARN o.a.j.t.JMeterThread: Interrupting: Test member Java 1-426 sampler: sayHi
2026-06-24 23:42:00,680 INFO o.a.j.t.JMeterThread: Thread finished: Test member Java 1-830
2026-06-24 23:42:00,681 INFO o.a.j.t.JMeterThread: Stopping: Test member Java 1-892
2026-06-24 23:42:00,681 WARN o.a.j.t.JMeterThread: Interrupting: Test member Java 1-892 sampler: sayHi
2026-06-24 23:42:00,681 INFO o.a.j.t.JMeterThread: Thread finished: Test member Java 1-426
2026-06-24 23:42:00,681 INFO o.a.j.t.JMeterThread: Stopping: Test member Java 1-409
2026-06-24 23:42:00,681 WARN o.a.j.t.JMeterThread: Interrupting: Test member Java 1-409 sampler: sayHi
2026-06-24 23:42:00,682 INFO o.a.j.t.JMeterThread: Stopping: Test member Java 1-950
2026-06-24 23:42:00,682 WARN o.a.j.t.JMeterThread: Interrupting: Test member Java 1-950 sampler: sayHi
2026-06-24 23:42:00,682 INFO o.a.j.t.JMeterThread: Thread finished: Test member Java 1-409
2026-06-24 23:42:00,682 INFO o.a.j.t.JMeterThread: Thread finished: Test member Java 1-892
2026-06-24 23:42:00,683 INFO o.a.j.t.JMeterThread: Stopping: Test member Java 1-802
2026-06-24 23:42:00,683 WARN o.a.j.t.JMeterThread: Interrupting: Test member Java 1-802 sampler: sayHi
2026-06-24 23:42:00,683 INFO o.a.j.t.JMeterThread: Thread finished: Test member Java 1-950
2026-06-24 23:42:00,684 INFO o.a.j.t.JMeterThread: Stopping: Test member Java 1-564
2026-06-24 23:42:00,684 WARN o.a.j.t.JMeterThread: Interrupting: Test member Java 1-564 sampler: sayHi
2026-06-24 23:42:00,684 INFO o.a.j.t.JMeterThread: Thread finished: Test member Java 1-802
2026-06-24 23:42:00,686 INFO o.a.j.t.JMeterThread: Stopping: Test member Java 1-574
2026-06-24 23:42:00,686 WARN o.a.j.t.JMeterThread: Interrupting: Test member Java 1-574 sampler: sayHi
2026-06-24 23:42:00,687 INFO o.a.j.t.JMeterThread: Thread finished: Test member Java 1-564
2026-06-24 23:42:00,687 INFO o.a.j.t.JMeterThread: Stopping: Test member Java 1-137
2026-06-24 23:42:00,687 WARN o.a.j.t.JMeterThread: Interrupting: Test member Java 1-137 sampler: sayHi
2026-06-24 23:42:00,687 INFO o.a.j.t.JMeterThread: Thread finished: Test member Java 1-574
2026-06-24 23:42:00,687 INFO o.a.j.t.JMeterThread: Stopping: Test member Java 1-725
2026-06-24 23:42:00,687 WARN o.a.j.t.JMeterThread: Interrupting: Test member Java 1-725 sampler: sayHi
2026-06-24 23:42:00,688 INFO o.a.j.t.JMeterThread: Stopping: Test member Java 1-877
2026-06-24 23:42:00,688 WARN o.a.j.t.JMeterThread: Interrupting: Test member Java 1-877 sampler: sayHi
2026-06-24 23:42:00,688 INFO o.a.j.t.JMeterThread: Thread finished: Test member Java 1-725
2026-06-24 23:42:00,688 INFO o.a.j.t.JMeterThread: Stopping: Test member Java 1-467
2026-06-24 23:42:00,688 INFO o.a.j.t.JMeterThread: Thread finished: Test member Java 1-137
2026-06-24 23:42:00,689 WARN o.a.j.t.JMeterThread: Interrupting: Test member Java 1-467 sampler: sayHi
2026-06-24 23:42:00,689 INFO o.a.j.t.JMeterThread: Thread finished: Test member Java 1-877
2026-06-24 23:42:00,689 INFO o.a.j.t.JMeterThread: Stopping: Test member Java 1-407
2026-06-24 23:42:00,689 WARN o.a.j.t.JMeterThread: Interrupting: Test member Java 1-407 sampler: sayHi
2026-06-24 23:42:00,689 INFO o.a.j.t.JMeterThread: Thread finished: Test member Java 1-467
2026-06-24 23:42:00,691 INFO o.a.j.t.JMeterThread: Stopping: Test member Java 1-306
2026-06-24 23:42:00,691 WARN o.a.j.t.JMeterThread: Interrupting: Test member Java 1-306 sampler: sayHi
2026-06-24 23:42:00,691 INFO o.a.j.t.JMeterThread: Thread finished: Test member Java 1-407
2026-06-24 23:42:00,691 INFO o.a.j.t.JMeterThread: Stopping: Test member Java 1-763
2026-06-24 23:42:00,691 WARN o.a.j.t.JMeterThread: Interrupting: Test member Java 1-763 sampler: sayHi
2026-06-24 23:42:00,692 INFO o.a.j.t.JMeterThread: Thread finished: Test member Java 1-306
2026-06-24 23:42:00,693 INFO o.a.j.t.JMeterThread: Stopping: Test member Java 1-375
2026-06-24 23:42:00,693 WARN o.a.j.t.JMeterThread: Interrupting: Test member Java 1-375 sampler: sayHi
2026-06-24 23:42:00,693 INFO o.a.j.t.JMeterThread: Thread finished: Test member Java 1-763
2026-06-24 23:42:00,693 INFO o.a.j.t.JMeterThread: Stopping: Test member Java 1-98
2026-06-24 23:42:00,694 WARN o.a.j.t.JMeterThread: Interrupting: Test member Java 1-98 sampler: sayHi
2026-06-24 23:42:00,694 INFO o.a.j.t.JMeterThread: Thread finished: Test member Java 1-375
2026-06-24 23:42:00,694 INFO o.a.j.t.JMeterThread: Stopping: Test member Java 1-772
2026-06-24 23:42:00,694 INFO o.a.j.t.JMeterThread: Thread finished: Test member Java 1-98
2026-06-24 23:42:00,695 WARN o.a.j.t.JMeterThread: Interrupting: Test member Java 1-772 sampler: sayHi
2026-06-24 23:42:00,695 INFO o.a.j.t.JMeterThread: Stopping: Test member Java 1-639
2026-06-24 23:42:00,695 WARN o.a.j.t.JMeterThread: Interrupting: Test member Java 1-639 sampler: sayHi
2026-06-24 23:42:00,695 INFO o.a.j.t.JMeterThread: Stopping: Test member Java 1-264
2026-06-24 23:42:00,695 WARN o.a.j.t.JMeterThread: Interrupting: Test member Java 1-264 sampler: sayHi
2026-06-24 23:42:00,695 INFO o.a.j.t.JMeterThread: Thread finished: Test member Java 1-772
2026-06-24 23:42:00,696 INFO o.a.j.t.JMeterThread: Thread finished: Test member Java 1-639
2026-06-24 23:42:00,696 INFO o.a.j.t.JMeterThread: Stopping: Test member Java 1-779
2026-06-24 23:42:00,696 WARN o.a.j.t.JMeterThread: Interrupting: Test member Java 1-779 sampler: sayHi
2026-06-24 23:42:00,696 INFO o.a.j.t.JMeterThread: Thread finished: Test member Java 1-264
2026-06-24 23:42:00,698 INFO o.a.j.t.JMeterThread: Thread finished: Test member Java 1-779
2026-06-24 23:42:00,698 INFO o.a.j.t.JMeterThread: Stopping: Test member Java 1-61
2026-06-24 23:42:00,698 WARN o.a.j.t.JMeterThread: Interrupting: Test member Java 1-61 sampler: sayHi
2026-06-24 23:42:00,698 INFO o.a.j.t.JMeterThread: Stopping: Test member Java 1-865
2026-06-24 23:42:00,698 WARN o.a.j.t.JMeterThread: Interrupting: Test member Java 1-865 sampler: sayHi
2026-06-24 23:42:00,698 INFO o.a.j.t.JMeterThread: Stopping: Test member Java 1-396
2026-06-24 23:42:00,698 WARN o.a.j.t.JMeterThread: Interrupting: Test member Java 1-396 sampler: sayHi
2026-06-24 23:42:00,698 INFO o.a.j.t.JMeterThread: Thread finished: Test member Java 1-61
2026-06-24 23:42:00,698 INFO o.a.j.t.JMeterThread: Stopping: Test member Java 1-364
2026-06-24 23:42:00,699 WARN o.a.j.t.JMeterThread: Interrupting: Test member Java 1-364 sampler: sayHi
2026-06-24 23:42:00,699 INFO o.a.j.t.JMeterThread: Stopping: Test member Java 1-227
2026-06-24 23:42:00,699 WARN o.a.j.t.JMeterThread: Interrupting: Test member Java 1-227 sampler: sayHi
2026-06-24 23:42:00,699 INFO o.a.j.t.JMeterThread: Thread finished: Test member Java 1-865
2026-06-24 23:42:00,699 INFO o.a.j.t.JMeterThread: Thread finished: Test member Java 1-396
2026-06-24 23:42:00,700 INFO o.a.j.t.JMeterThread: Thread finished: Test member Java 1-364
2026-06-24 23:42:00,700 INFO o.a.j.t.JMeterThread: Stopping: Test member Java 1-785
2026-06-24 23:42:00,700 WARN o.a.j.t.JMeterThread: Interrupting: Test member Java 1-785 sampler: sayHi
2026-06-24 23:42:00,700 INFO o.a.j.t.JMeterThread: Thread finished: Test member Java 1-227
2026-06-24 23:42:00,701 INFO o.a.j.t.JMeterThread: Stopping: Test member Java 1-522
2026-06-24 23:42:00,701 WARN o.a.j.t.JMeterThread: Interrupting: Test member Java 1-522 sampler: sayHi
2026-06-24 23:42:00,701 INFO o.a.j.t.JMeterThread: Thread finished: Test member Java 1-785
2026-06-24 23:42:00,703 INFO o.a.j.t.JMeterThread: Thread finished: Test member Java 1-522
2026-06-24 23:42:00,703 INFO o.a.j.t.JMeterThread: Stopping: Test member Java 1-617
2026-06-24 23:42:00,704 WARN o.a.j.t.JMeterThread: Interrupting: Test member Java 1-617 sampler: sayHi
2026-06-24 23:42:00,706 INFO o.a.j.t.JMeterThread: Stopping: Test member Java 1-781
2026-06-24 23:42:00,706 WARN o.a.j.t.JMeterThread: Interrupting: Test member Java 1-781 sampler: sayHi
2026-06-24 23:42:00,707 INFO o.a.j.t.JMeterThread: Thread finished: Test member Java 1-617
2026-06-24 23:42:00,707 INFO o.a.j.t.JMeterThread: Stopping: Test member Java 1-822
2026-06-24 23:42:00,707 WARN o.a.j.t.JMeterThread: Interrupting: Test member Java 1-822 sampler: sayHi
2026-06-24 23:42:00,707 INFO o.a.j.t.JMeterThread: Thread finished: Test member Java 1-781
2026-06-24 23:42:00,709 INFO o.a.j.t.JMeterThread: Stopping: Test member Java 1-794
2026-06-24 23:42:00,709 WARN o.a.j.t.JMeterThread: Interrupting: Test member Java 1-794 sampler: sayHi
2026-06-24 23:42:00,709 INFO o.a.j.t.JMeterThread: Thread finished: Test member Java 1-822
2026-06-24 23:42:00,710 INFO o.a.j.t.JMeterThread: Stopping: Test member Java 1-255
2026-06-24 23:42:00,710 WARN o.a.j.t.JMeterThread: Interrupting: Test member Java 1-255 sampler: sayHi
2026-06-24 23:42:00,710 INFO o.a.j.t.JMeterThread: Thread finished: Test member Java 1-794
2026-06-24 23:42:00,711 INFO o.a.j.t.JMeterThread: Stopping: Test member Java 1-139
2026-06-24 23:42:00,711 INFO o.a.j.t.JMeterThread: Thread finished: Test member Java 1-255
2026-06-24 23:42:00,711 WARN o.a.j.t.JMeterThread: Interrupting: Test member Java 1-139 sampler: sayHi
2026-06-24 23:42:00,712 INFO o.a.j.t.JMeterThread: Stopping: Test member Java 1-18
2026-06-24 23:42:00,713 INFO o.a.j.t.JMeterThread: Thread finished: Test member Java 1-139
2026-06-24 23:42:00,713 WARN o.a.j.t.JMeterThread: Interrupting: Test member Java 1-18 sampler: sayHi
2026-06-24 23:42:00,713 INFO o.a.j.t.JMeterThread: Stopping: Test member Java 1-727
2026-06-24 23:42:00,713 WARN o.a.j.t.JMeterThread: Interrupting: Test member Java 1-727 sampler: sayHi
2026-06-24 23:42:00,714 INFO o.a.j.t.JMeterThread: Thread finished: Test member Java 1-18
2026-06-24 23:42:00,715 INFO o.a.j.t.JMeterThread: Stopping: Test member Java 1-843
2026-06-24 23:42:00,715 WARN o.a.j.t.JMeterThread: Interrupting: Test member Java 1-843 sampler: sayHi
2026-06-24 23:42:00,715 INFO o.a.j.t.JMeterThread: Thread finished: Test member Java 1-727
2026-06-24 23:42:00,715 INFO o.a.j.t.JMeterThread: Stopping: Test member Java 1-259
2026-06-24 23:42:00,715 WARN o.a.j.t.JMeterThread: Interrupting: Test member Java 1-259 sampler: sayHi
2026-06-24 23:42:00,716 INFO o.a.j.t.JMeterThread: Thread finished: Test member Java 1-843
2026-06-24 23:42:00,716 INFO o.a.j.t.JMeterThread: Stopping: Test member Java 1-85
2026-06-24 23:42:00,716 WARN o.a.j.t.JMeterThread: Interrupting: Test member Java 1-85 sampler: sayHi
2026-06-24 23:42:00,716 INFO o.a.j.t.JMeterThread: Thread finished: Test member Java 1-259
2026-06-24 23:42:00,716 INFO o.a.j.t.JMeterThread: Stopping: Test member Java 1-884
2026-06-24 23:42:00,716 WARN o.a.j.t.JMeterThread: Interrupting: Test member Java 1-884 sampler: sayHi
2026-06-24 23:42:00,716 INFO o.a.j.t.JMeterThread: Stopping: Test member Java 1-146
2026-06-24 23:42:00,716 INFO o.a.j.t.JMeterThread: Thread finished: Test member Java 1-85
2026-06-24 23:42:00,717 WARN o.a.j.t.JMeterThread: Interrupting: Test member Java 1-146 sampler: sayHi
2026-06-24 23:42:00,717 INFO o.a.j.t.JMeterThread: Stopping: Test member Java 1-988
2026-06-24 23:42:00,717 WARN o.a.j.t.JMeterThread: Interrupting: Test member Java 1-988 sampler: sayHi
2026-06-24 23:42:00,717 INFO o.a.j.t.JMeterThread: Thread finished: Test member Java 1-884
2026-06-24 23:42:00,717 INFO o.a.j.t.JMeterThread: Stopping: Test member Java 1-270
2026-06-24 23:42:00,717 WARN o.a.j.t.JMeterThread: Interrupting: Test member Java 1-270 sampler: sayHi
2026-06-24 23:42:00,717 INFO o.a.j.t.JMeterThread: Thread finished: Test member Java 1-146
2026-06-24 23:42:00,718 INFO o.a.j.t.JMeterThread: Thread finished: Test member Java 1-988
2026-06-24 23:42:00,719 INFO o.a.j.t.JMeterThread: Stopping: Test member Java 1-153
2026-06-24 23:42:00,719 WARN o.a.j.t.JMeterThread: Interrupting: Test member Java 1-153 sampler: sayHi
2026-06-24 23:42:00,719 INFO o.a.j.t.JMeterThread: Thread finished: Test member Java 1-270
2026-06-24 23:42:00,720 INFO o.a.j.t.JMeterThread: Stopping: Test member Java 1-920
2026-06-24 23:42:00,720 WARN o.a.j.t.JMeterThread: Interrupting: Test member Java 1-920 sampler: sayHi
2026-06-24 23:42:00,720 INFO o.a.j.t.JMeterThread: Stopping: Test member Java 1-157
2026-06-24 23:42:00,720 INFO o.a.j.t.JMeterThread: Thread finished: Test member Java 1-153
2026-06-24 23:42:00,720 WARN o.a.j.t.JMeterThread: Interrupting: Test member Java 1-157 sampler: sayHi
2026-06-24 23:42:00,720 INFO o.a.j.t.JMeterThread: Stopping: Test member Java 1-178
2026-06-24 23:42:00,720 WARN o.a.j.t.JMeterThread: Interrupting: Test member Java 1-178 sampler: sayHi
2026-06-24 23:42:00,721 INFO o.a.j.t.JMeterThread: Thread finished: Test member Java 1-920
2026-06-24 23:42:00,721 INFO o.a.j.t.JMeterThread: Stopping: Test member Java 1-468
2026-06-24 23:42:00,721 WARN o.a.j.t.JMeterThread: Interrupting: Test member Java 1-468 sampler: sayHi
2026-06-24 23:42:00,721 INFO o.a.j.t.JMeterThread: Thread finished: Test member Java 1-178
2026-06-24 23:42:00,721 INFO o.a.j.t.JMeterThread: Thread finished: Test member Java 1-157
2026-06-24 23:42:00,721 INFO o.a.j.t.JMeterThread: Stopping: Test member Java 1-68
2026-06-24 23:42:00,722 WARN o.a.j.t.JMeterThread: Interrupting: Test member Java 1-68 sampler: sayHi
2026-06-24 23:42:00,722 INFO o.a.j.t.JMeterThread: Thread finished: Test member Java 1-468
2026-06-24 23:42:00,723 INFO o.a.j.t.JMeterThread: Stopping: Test member Java 1-508
2026-06-24 23:42:00,724 INFO o.a.j.t.JMeterThread: Thread finished: Test member Java 1-68
2026-06-24 23:42:00,724 WARN o.a.j.t.JMeterThread: Interrupting: Test member Java 1-508 sampler: sayHi
2026-06-24 23:42:00,724 INFO o.a.j.t.JMeterThread: Stopping: Test member Java 1-809
2026-06-24 23:42:00,725 WARN o.a.j.t.JMeterThread: Interrupting: Test member Java 1-809 sampler: sayHi
2026-06-24 23:42:00,725 INFO o.a.j.t.JMeterThread: Thread finished: Test member Java 1-508
2026-06-24 23:42:00,726 INFO o.a.j.t.JMeterThread: Stopping: Test member Java 1-494
2026-06-24 23:42:00,726 WARN o.a.j.t.JMeterThread: Interrupting: Test member Java 1-494 sampler: sayHi
2026-06-24 23:42:00,726 INFO o.a.j.t.JMeterThread: Thread finished: Test member Java 1-809
2026-06-24 23:42:00,728 INFO o.a.j.t.JMeterThread: Stopping: Test member Java 1-980
2026-06-24 23:42:00,728 WARN o.a.j.t.JMeterThread: Interrupting: Test member Java 1-980 sampler: sayHi
2026-06-24 23:42:00,728 INFO o.a.j.t.JMeterThread: Thread finished: Test member Java 1-494
2026-06-24 23:42:00,728 INFO o.a.j.t.JMeterThread: Stopping: Test member Java 1-876
2026-06-24 23:42:00,728 WARN o.a.j.t.JMeterThread: Interrupting: Test member Java 1-876 sampler: sayHi
2026-06-24 23:42:00,729 INFO o.a.j.t.JMeterThread: Thread finished: Test member Java 1-980
2026-06-24 23:42:00,730 INFO o.a.j.t.JMeterThread: Stopping: Test member Java 1-764
2026-06-24 23:42:00,730 WARN o.a.j.t.JMeterThread: Interrupting: Test member Java 1-764 sampler: sayHi
2026-06-24 23:42:00,730 INFO o.a.j.t.JMeterThread: Thread finished: Test member Java 1-876
2026-06-24 23:42:00,730 INFO o.a.j.t.JMeterThread: Stopping: Test member Java 1-881
2026-06-24 23:42:00,730 WARN o.a.j.t.JMeterThread: Interrupting: Test member Java 1-881 sampler: sayHi
2026-06-24 23:42:00,731 INFO o.a.j.t.JMeterThread: Stopping: Test member Java 1-93
2026-06-24 23:42:00,731 WARN o.a.j.t.JMeterThread: Interrupting: Test member Java 1-93 sampler: sayHi
2026-06-24 23:42:00,731 INFO o.a.j.t.JMeterThread: Stopping: Test member Java 1-185
2026-06-24 23:42:00,731 WARN o.a.j.t.JMeterThread: Interrupting: Test member Java 1-185 sampler: sayHi
2026-06-24 23:42:00,731 INFO o.a.j.t.JMeterThread: Stopping: Test member Java 1-633
2026-06-24 23:42:00,731 WARN o.a.j.t.JMeterThread: Interrupting: Test member Java 1-633 sampler: sayHi
2026-06-24 23:42:00,731 INFO o.a.j.t.JMeterThread: Stopping: Test member Java 1-70
2026-06-24 23:42:00,731 INFO o.a.j.t.JMeterThread: Thread finished: Test member Java 1-764
2026-06-24 23:42:00,731 WARN o.a.j.t.JMeterThread: Interrupting: Test member Java 1-70 sampler: sayHi
2026-06-24 23:42:00,731 INFO o.a.j.t.JMeterThread: Thread finished: Test member Java 1-881
2026-06-24 23:42:00,731 INFO o.a.j.t.JMeterThread: Stopping: Test member Java 1-745
2026-06-24 23:42:00,732 WARN o.a.j.t.JMeterThread: Interrupting: Test member Java 1-745 sampler: sayHi
2026-06-24 23:42:00,732 INFO o.a.j.t.JMeterThread: Stopping: Test member Java 1-893
2026-06-24 23:42:00,732 WARN o.a.j.t.JMeterThread: Interrupting: Test member Java 1-893 sampler: sayHi
2026-06-24 23:42:00,732 INFO o.a.j.t.JMeterThread: Stopping: Test member Java 1-507
2026-06-24 23:42:00,732 WARN o.a.j.t.JMeterThread: Interrupting: Test member Java 1-507 sampler: sayHi
2026-06-24 23:42:00,732 INFO o.a.j.t.JMeterThread: Thread finished: Test member Java 1-93
2026-06-24 23:42:00,734 INFO o.a.j.t.JMeterThread: Thread finished: Test member Java 1-185
2026-06-24 23:42:00,734 INFO o.a.j.t.JMeterThread: Stopping: Test member Java 1-885
2026-06-24 23:42:00,734 WARN o.a.j.t.JMeterThread: Interrupting: Test member Java 1-885 sampler: sayHi
2026-06-24 23:42:00,734 INFO o.a.j.t.JMeterThread: Stopping: Test member Java 1-397
2026-06-24 23:42:00,734 WARN o.a.j.t.JMeterThread: Interrupting: Test member Java 1-397 sampler: sayHi
2026-06-24 23:42:00,734 INFO o.a.j.t.JMeterThread: Thread finished: Test member Java 1-507
2026-06-24 23:42:00,734 INFO o.a.j.t.JMeterThread: Stopping: Test member Java 1-193
2026-06-24 23:42:00,734 WARN o.a.j.t.JMeterThread: Interrupting: Test member Java 1-193 sampler: sayHi
2026-06-24 23:42:00,735 INFO o.a.j.t.JMeterThread: Stopping: Test member Java 1-624
2026-06-24 23:42:00,735 WARN o.a.j.t.JMeterThread: Interrupting: Test member Java 1-624 sampler: sayHi
2026-06-24 23:42:00,735 INFO o.a.j.t.JMeterThread: Stopping: Test member Java 1-384
2026-06-24 23:42:00,735 WARN o.a.j.t.JMeterThread: Interrupting: Test member Java 1-384 sampler: sayHi
2026-06-24 23:42:00,735 INFO o.a.j.t.JMeterThread: Stopping: Test member Java 1-195
2026-06-24 23:42:00,735 WARN o.a.j.t.JMeterThread: Interrupting: Test member Java 1-195 sampler: sayHi
2026-06-24 23:42:00,735 INFO o.a.j.t.JMeterThread: Thread finished: Test member Java 1-633
2026-06-24 23:42:00,736 INFO o.a.j.t.JMeterThread: Stopping: Test member Java 1-369
2026-06-24 23:42:00,736 WARN o.a.j.t.JMeterThread: Interrupting: Test member Java 1-369 sampler: sayHi
2026-06-24 23:42:00,736 INFO o.a.j.t.JMeterThread: Thread finished: Test member Java 1-195
2026-06-24 23:42:00,736 INFO o.a.j.t.JMeterThread: Thread finished: Test member Java 1-745
2026-06-24 23:42:00,736 INFO o.a.j.t.JMeterThread: Thread finished: Test member Java 1-70
2026-06-24 23:42:00,737 INFO o.a.j.t.JMeterThread: Stopping: Test member Java 1-829
2026-06-24 23:42:00,737 WARN o.a.j.t.JMeterThread: Interrupting: Test member Java 1-829 sampler: sayHi
2026-06-24 23:42:00,737 INFO o.a.j.t.JMeterThread: Thread finished: Test member Java 1-893
2026-06-24 23:42:00,738 INFO o.a.j.t.JMeterThread: Stopping: Test member Java 1-278
2026-06-24 23:42:00,738 WARN o.a.j.t.JMeterThread: Interrupting: Test member Java 1-278 sampler: sayHi
2026-06-24 23:42:00,739 INFO o.a.j.t.JMeterThread: Thread finished: Test member Java 1-885
2026-06-24 23:42:00,739 INFO o.a.j.t.JMeterThread: Stopping: Test member Java 1-160
2026-06-24 23:42:00,739 WARN o.a.j.t.JMeterThread: Interrupting: Test member Java 1-160 sampler: sayHi
2026-06-24 23:42:00,740 INFO o.a.j.t.JMeterThread: Stopping: Test member Java 1-545
2026-06-24 23:42:00,740 WARN o.a.j.t.JMeterThread: Interrupting: Test member Java 1-545 sampler: sayHi
2026-06-24 23:42:00,740 INFO o.a.j.t.JMeterThread: Thread finished: Test member Java 1-278
2026-06-24 23:42:00,740 INFO o.a.j.t.JMeterThread: Stopping: Test member Java 1-965
2026-06-24 23:42:00,740 WARN o.a.j.t.JMeterThread: Interrupting: Test member Java 1-965 sampler: sayHi
2026-06-24 23:42:00,740 INFO o.a.j.t.JMeterThread: Thread finished: Test member Java 1-397
2026-06-24 23:42:00,741 INFO o.a.j.t.JMeterThread: Stopping: Test member Java 1-918
2026-06-24 23:42:00,741 WARN o.a.j.t.JMeterThread: Interrupting: Test member Java 1-918 sampler: sayHi
2026-06-24 23:42:00,741 INFO o.a.j.t.JMeterThread: Thread finished: Test member Java 1-965
2026-06-24 23:42:00,741 INFO o.a.j.t.JMeterThread: Thread finished: Test member Java 1-193
2026-06-24 23:42:00,741 INFO o.a.j.t.JMeterThread: Thread finished: Test member Java 1-624
2026-06-24 23:42:00,742 INFO o.a.j.t.JMeterThread: Thread finished: Test member Java 1-384
2026-06-24 23:42:00,742 INFO o.a.j.t.JMeterThread: Thread finished: Test member Java 1-369
2026-06-24 23:42:00,742 INFO o.a.j.t.JMeterThread: Thread finished: Test member Java 1-918
2026-06-24 23:42:00,742 INFO o.a.j.t.JMeterThread: Thread finished: Test member Java 1-829
2026-06-24 23:42:00,742 INFO o.a.j.t.JMeterThread: Stopping: Test member Java 1-66
2026-06-24 23:42:00,743 WARN o.a.j.t.JMeterThread: Interrupting: Test member Java 1-66 sampler: sayHi
2026-06-24 23:42:00,743 INFO o.a.j.t.JMeterThread: Stopping: Test member Java 1-697
2026-06-24 23:42:00,743 WARN o.a.j.t.JMeterThread: Interrupting: Test member Java 1-697 sampler: sayHi
2026-06-24 23:42:00,743 INFO o.a.j.t.JMeterThread: Stopping: Test member Java 1-73
2026-06-24 23:42:00,743 WARN o.a.j.t.JMeterThread: Interrupting: Test member Java 1-73 sampler: sayHi
2026-06-24 23:42:00,743 INFO o.a.j.t.JMeterThread: Stopping: Test member Java 1-582
2026-06-24 23:42:00,743 WARN o.a.j.t.JMeterThread: Interrupting: Test member Java 1-582 sampler: sayHi
2026-06-24 23:42:00,743 INFO o.a.j.t.JMeterThread: Thread finished: Test member Java 1-160
2026-06-24 23:42:00,744 INFO o.a.j.t.JMeterThread: Thread finished: Test member Java 1-66
2026-06-24 23:42:00,745 INFO o.a.j.t.JMeterThread: Thread finished: Test member Java 1-545
2026-06-24 23:42:00,745 INFO o.a.j.t.JMeterThread: Thread finished: Test member Java 1-73
2026-06-24 23:42:00,746 INFO o.a.j.t.JMeterThread: Stopping: Test member Java 1-784
2026-06-24 23:42:00,746 INFO o.a.j.t.JMeterThread: Thread finished: Test member Java 1-582
2026-06-24 23:42:00,746 WARN o.a.j.t.JMeterThread: Interrupting: Test member Java 1-784 sampler: sayHi
2026-06-24 23:42:00,746 INFO o.a.j.t.JMeterThread: Stopping: Test member Java 1-174
2026-06-24 23:42:00,746 INFO o.a.j.t.JMeterThread: Thread finished: Test member Java 1-697
2026-06-24 23:42:00,747 WARN o.a.j.t.JMeterThread: Interrupting: Test member Java 1-174 sampler: sayHi
2026-06-24 23:42:00,747 INFO o.a.j.t.JMeterThread: Thread finished: Test member Java 1-784
2026-06-24 23:42:00,748 INFO o.a.j.t.JMeterThread: Stopping: Test member Java 1-836
2026-06-24 23:42:00,749 INFO o.a.j.t.JMeterThread: Thread finished: Test member Java 1-174
2026-06-24 23:42:00,750 WARN o.a.j.t.JMeterThread: Interrupting: Test member Java 1-836 sampler: sayHi
2026-06-24 23:42:00,751 INFO o.a.j.t.JMeterThread: Stopping: Test member Java 1-932
2026-06-24 23:42:00,751 WARN o.a.j.t.JMeterThread: Interrupting: Test member Java 1-932 sampler: sayHi
2026-06-24 23:42:00,751 INFO o.a.j.t.JMeterThread: Thread finished: Test member Java 1-836
2026-06-24 23:42:00,752 INFO o.a.j.t.JMeterThread: Stopping: Test member Java 1-945
2026-06-24 23:42:00,752 WARN o.a.j.t.JMeterThread: Interrupting: Test member Java 1-945 sampler: sayHi
2026-06-24 23:42:00,752 INFO o.a.j.t.JMeterThread: Thread finished: Test member Java 1-932
2026-06-24 23:42:00,752 INFO o.a.j.t.JMeterThread: Stopping: Test member Java 1-284
2026-06-24 23:42:00,752 WARN o.a.j.t.JMeterThread: Interrupting: Test member Java 1-284 sampler: sayHi
2026-06-24 23:42:00,753 INFO o.a.j.t.JMeterThread: Stopping: Test member Java 1-713
2026-06-24 23:42:00,753 WARN o.a.j.t.JMeterThread: Interrupting: Test member Java 1-713 sampler: sayHi
2026-06-24 23:42:00,753 INFO o.a.j.t.JMeterThread: Stopping: Test member Java 1-948
2026-06-24 23:42:00,753 WARN o.a.j.t.JMeterThread: Interrupting: Test member Java 1-948 sampler: sayHi
2026-06-24 23:42:00,753 INFO o.a.j.t.JMeterThread: Thread finished: Test member Java 1-945
2026-06-24 23:42:00,753 INFO o.a.j.t.JMeterThread: Stopping: Test member Java 1-581
2026-06-24 23:42:00,753 WARN o.a.j.t.JMeterThread: Interrupting: Test member Java 1-581 sampler: sayHi
2026-06-24 23:42:00,753 INFO o.a.j.t.JMeterThread: Stopping: Test member Java 1-939
2026-06-24 23:42:00,754 WARN o.a.j.t.JMeterThread: Interrupting: Test member Java 1-939 sampler: sayHi
2026-06-24 23:42:00,754 INFO o.a.j.t.JMeterThread: Thread finished: Test member Java 1-284
2026-06-24 23:42:00,754 INFO o.a.j.t.JMeterThread: Thread finished: Test member Java 1-948
2026-06-24 23:42:00,755 INFO o.a.j.t.JMeterThread: Thread finished: Test member Java 1-939
2026-06-24 23:42:00,755 INFO o.a.j.t.JMeterThread: Thread finished: Test member Java 1-581
2026-06-24 23:42:00,755 INFO o.a.j.t.JMeterThread: Thread finished: Test member Java 1-713
2026-06-24 23:42:00,755 INFO o.a.j.t.JMeterThread: Stopping: Test member Java 1-793
2026-06-24 23:42:00,755 WARN o.a.j.t.JMeterThread: Interrupting: Test member Java 1-793 sampler: sayHi
2026-06-24 23:42:00,755 INFO o.a.j.t.JMeterThread: Stopping: Test member Java 1-83
2026-06-24 23:42:00,755 WARN o.a.j.t.JMeterThread: Interrupting: Test member Java 1-83 sampler: sayHi
2026-06-24 23:42:00,756 INFO o.a.j.t.JMeterThread: Thread finished: Test member Java 1-793
2026-06-24 23:42:00,757 INFO o.a.j.t.JMeterThread: Stopping: Test member Java 1-641
2026-06-24 23:42:00,757 WARN o.a.j.t.JMeterThread: Interrupting: Test member Java 1-641 sampler: sayHi
2026-06-24 23:42:00,757 INFO o.a.j.t.JMeterThread: Thread finished: Test member Java 1-83
2026-06-24 23:42:00,759 INFO o.a.j.t.JMeterThread: Stopping: Test member Java 1-341
2026-06-24 23:42:00,759 INFO o.a.j.t.JMeterThread: Thread finished: Test member Java 1-641
2026-06-24 23:42:00,759 WARN o.a.j.t.JMeterThread: Interrupting: Test member Java 1-341 sampler: sayHi
2026-06-24 23:42:00,760 INFO o.a.j.t.JMeterThread: Stopping: Test member Java 1-290
2026-06-24 23:42:00,760 WARN o.a.j.t.JMeterThread: Interrupting: Test member Java 1-290 sampler: sayHi
2026-06-24 23:42:00,760 INFO o.a.j.t.JMeterThread: Thread finished: Test member Java 1-341
2026-06-24 23:42:00,761 INFO o.a.j.t.JMeterThread: Stopping: Test member Java 1-102
2026-06-24 23:42:00,761 WARN o.a.j.t.JMeterThread: Interrupting: Test member Java 1-102 sampler: sayHi
2026-06-24 23:42:00,761 INFO o.a.j.t.JMeterThread: Thread finished: Test member Java 1-290
2026-06-24 23:42:00,762 INFO o.a.j.t.JMeterThread: Stopping: Test member Java 1-912
2026-06-24 23:42:00,762 WARN o.a.j.t.JMeterThread: Interrupting: Test member Java 1-912 sampler: sayHi
2026-06-24 23:42:00,762 INFO o.a.j.t.JMeterThread: Thread finished: Test member Java 1-102
2026-06-24 23:42:00,764 INFO o.a.j.t.JMeterThread: Stopping: Test member Java 1-523
2026-06-24 23:42:00,764 WARN o.a.j.t.JMeterThread: Interrupting: Test member Java 1-523 sampler: sayHi
2026-06-24 23:42:00,764 INFO o.a.j.t.JMeterThread: Thread finished: Test member Java 1-912
2026-06-24 23:42:00,766 INFO o.a.j.t.JMeterThread: Stopping: Test member Java 1-131
2026-06-24 23:42:00,766 WARN o.a.j.t.JMeterThread: Interrupting: Test member Java 1-131 sampler: sayHi
2026-06-24 23:42:00,766 INFO o.a.j.t.JMeterThread: Thread finished: Test member Java 1-523
2026-06-24 23:42:00,767 INFO o.a.j.t.JMeterThread: Stopping: Test member Java 1-22
2026-06-24 23:42:00,768 WARN o.a.j.t.JMeterThread: Interrupting: Test member Java 1-22 sampler: sayHi
2026-06-24 23:42:00,768 INFO o.a.j.t.JMeterThread: Thread finished: Test member Java 1-131
2026-06-24 23:42:00,768 INFO o.a.j.t.JMeterThread: Stopping: Test member Java 1-461
2026-06-24 23:42:00,768 WARN o.a.j.t.JMeterThread: Interrupting: Test member Java 1-461 sampler: sayHi
2026-06-24 23:42:00,768 INFO o.a.j.t.JMeterThread: Thread finished: Test member Java 1-22
2026-06-24 23:42:00,770 INFO o.a.j.t.JMeterThread: Stopping: Test member Java 1-183
2026-06-24 23:42:00,770 WARN o.a.j.t.JMeterThread: Interrupting: Test member Java 1-183 sampler: sayHi
2026-06-24 23:42:00,770 INFO o.a.j.t.JMeterThread: Thread finished: Test member Java 1-461
2026-06-24 23:42:00,772 INFO o.a.j.t.JMeterThread: Stopping: Test member Java 1-607
2026-06-24 23:42:00,772 WARN o.a.j.t.JMeterThread: Interrupting: Test member Java 1-607 sampler: sayHi
2026-06-24 23:42:00,772 INFO o.a.j.t.JMeterThread: Thread finished: Test member Java 1-183
2026-06-24 23:42:00,773 INFO o.a.j.t.JMeterThread: Stopping: Test member Java 1-903
2026-06-24 23:42:00,773 WARN o.a.j.t.JMeterThread: Interrupting: Test member Java 1-903 sampler: sayHi
2026-06-24 23:42:00,773 INFO o.a.j.t.JMeterThread: Thread finished: Test member Java 1-607
2026-06-24 23:42:00,774 INFO o.a.j.t.JMeterThread: Stopping: Test member Java 1-765
2026-06-24 23:42:00,774 WARN o.a.j.t.JMeterThread: Interrupting: Test member Java 1-765 sampler: sayHi
2026-06-24 23:42:00,774 INFO o.a.j.t.JMeterThread: Thread finished: Test member Java 1-903
2026-06-24 23:42:00,774 INFO o.a.j.t.JMeterThread: Stopping: Test member Java 1-231
2026-06-24 23:42:00,774 WARN o.a.j.t.JMeterThread: Interrupting: Test member Java 1-231 sampler: sayHi
2026-06-24 23:42:00,775 INFO o.a.j.t.JMeterThread: Thread finished: Test member Java 1-765
2026-06-24 23:42:00,776 INFO o.a.j.t.JMeterThread: Stopping: Test member Java 1-964
2026-06-24 23:42:00,776 WARN o.a.j.t.JMeterThread: Interrupting: Test member Java 1-964 sampler: sayHi
2026-06-24 23:42:00,776 INFO o.a.j.t.JMeterThread: Thread finished: Test member Java 1-231
2026-06-24 23:42:00,776 INFO o.a.j.t.JMeterThread: Stopping: Test member Java 1-896
2026-06-24 23:42:00,777 WARN o.a.j.t.JMeterThread: Interrupting: Test member Java 1-896 sampler: sayHi
2026-06-24 23:42:00,777 INFO o.a.j.t.JMeterThread: Stopping: Test member Java 1-438
2026-06-24 23:42:00,777 WARN o.a.j.t.JMeterThread: Interrupting: Test member Java 1-438 sampler: sayHi
2026-06-24 23:42:00,777 INFO o.a.j.t.JMeterThread: Thread finished: Test member Java 1-964
2026-06-24 23:42:00,778 INFO o.a.j.t.JMeterThread: Thread finished: Test member Java 1-896
2026-06-24 23:42:00,779 INFO o.a.j.t.JMeterThread: Stopping: Test member Java 1-908
2026-06-24 23:42:00,779 WARN o.a.j.t.JMeterThread: Interrupting: Test member Java 1-908 sampler: sayHi
2026-06-24 23:42:00,779 INFO o.a.j.t.JMeterThread: Thread finished: Test member Java 1-438
2026-06-24 23:42:00,779 INFO o.a.j.t.JMeterThread: Stopping: Test member Java 1-755
2026-06-24 23:42:00,779 WARN o.a.j.t.JMeterThread: Interrupting: Test member Java 1-755 sampler: sayHi
2026-06-24 23:42:00,779 INFO o.a.j.t.JMeterThread: Stopping: Test member Java 1-169
2026-06-24 23:42:00,779 INFO o.a.j.t.JMeterThread: Thread finished: Test member Java 1-908
2026-06-24 23:42:00,780 WARN o.a.j.t.JMeterThread: Interrupting: Test member Java 1-169 sampler: sayHi
2026-06-24 23:42:00,780 INFO o.a.j.t.JMeterThread: Stopping: Test member Java 1-561
2026-06-24 23:42:00,780 WARN o.a.j.t.JMeterThread: Interrupting: Test member Java 1-561 sampler: sayHi
2026-06-24 23:42:00,780 INFO o.a.j.t.JMeterThread: Thread finished: Test member Java 1-755
2026-06-24 23:42:00,781 INFO o.a.j.t.JMeterThread: Thread finished: Test member Java 1-169
2026-06-24 23:42:00,782 INFO o.a.j.t.JMeterThread: Stopping: Test member Java 1-729
2026-06-24 23:42:00,782 WARN o.a.j.t.JMeterThread: Interrupting: Test member Java 1-729 sampler: sayHi
2026-06-24 23:42:00,782 INFO o.a.j.t.JMeterThread: Stopping: Test member Java 1-433
2026-06-24 23:42:00,782 WARN o.a.j.t.JMeterThread: Interrupting: Test member Java 1-433 sampler: sayHi
2026-06-24 23:42:00,782 INFO o.a.j.t.JMeterThread: Thread finished: Test member Java 1-561
2026-06-24 23:42:00,782 INFO o.a.j.t.JMeterThread: Stopping: Test member Java 1-275
2026-06-24 23:42:00,782 WARN o.a.j.t.JMeterThread: Interrupting: Test member Java 1-275 sampler: sayHi
2026-06-24 23:42:00,783 INFO o.a.j.t.JMeterThread: Thread finished: Test member Java 1-729
2026-06-24 23:42:00,783 INFO o.a.j.t.JMeterThread: Stopping: Test member Java 1-220
2026-06-24 23:42:00,783 WARN o.a.j.t.JMeterThread: Interrupting: Test member Java 1-220 sampler: sayHi
2026-06-24 23:42:00,783 INFO o.a.j.t.JMeterThread: Thread finished: Test member Java 1-275
2026-06-24 23:42:00,783 INFO o.a.j.t.JMeterThread: Thread finished: Test member Java 1-433
2026-06-24 23:42:00,783 INFO o.a.j.t.JMeterThread: Stopping: Test member Java 1-824
2026-06-24 23:42:00,784 WARN o.a.j.t.JMeterThread: Interrupting: Test member Java 1-824 sampler: sayHi
2026-06-24 23:42:00,784 INFO o.a.j.t.JMeterThread: Thread finished: Test member Java 1-220
2026-06-24 23:42:00,784 INFO o.a.j.t.JMeterThread: Stopping: Test member Java 1-870
2026-06-24 23:42:00,784 WARN o.a.j.t.JMeterThread: Interrupting: Test member Java 1-870 sampler: sayHi
2026-06-24 23:42:00,784 INFO o.a.j.t.JMeterThread: Thread finished: Test member Java 1-824
2026-06-24 23:42:00,785 INFO o.a.j.t.JMeterThread: Stopping: Test member Java 1-317
2026-06-24 23:42:00,785 WARN o.a.j.t.JMeterThread: Interrupting: Test member Java 1-317 sampler: sayHi
2026-06-24 23:42:00,785 INFO o.a.j.t.JMeterThread: Thread finished: Test member Java 1-870
2026-06-24 23:42:00,786 INFO o.a.j.t.JMeterThread: Stopping: Test member Java 1-36
2026-06-24 23:42:00,786 WARN o.a.j.t.JMeterThread: Interrupting: Test member Java 1-36 sampler: sayHi
2026-06-24 23:42:00,787 INFO o.a.j.t.JMeterThread: Thread finished: Test member Java 1-317
2026-06-24 23:42:00,789 INFO o.a.j.t.JMeterThread: Thread finished: Test member Java 1-36
2026-06-24 23:42:00,790 INFO o.a.j.t.JMeterThread: Stopping: Test member Java 1-352
2026-06-24 23:42:00,790 WARN o.a.j.t.JMeterThread: Interrupting: Test member Java 1-352 sampler: sayHi
2026-06-24 23:42:00,792 INFO o.a.j.t.JMeterThread: Stopping: Test member Java 1-723
2026-06-24 23:42:00,792 INFO o.a.j.t.JMeterThread: Thread finished: Test member Java 1-352
2026-06-24 23:42:00,792 WARN o.a.j.t.JMeterThread: Interrupting: Test member Java 1-723 sampler: sayHi
2026-06-24 23:42:00,793 INFO o.a.j.t.JMeterThread: Stopping: Test member Java 1-897
2026-06-24 23:42:00,793 INFO o.a.j.t.JMeterThread: Thread finished: Test member Java 1-723
2026-06-24 23:42:00,793 WARN o.a.j.t.JMeterThread: Interrupting: Test member Java 1-897 sampler: sayHi
2026-06-24 23:42:00,794 INFO o.a.j.t.JMeterThread: Stopping: Test member Java 1-682
2026-06-24 23:42:00,794 WARN o.a.j.t.JMeterThread: Interrupting: Test member Java 1-682 sampler: sayHi
2026-06-24 23:42:00,794 INFO o.a.j.t.JMeterThread: Thread finished: Test member Java 1-897
2026-06-24 23:42:00,796 INFO o.a.j.t.JMeterThread: Stopping: Test member Java 1-240
2026-06-24 23:42:00,796 INFO o.a.j.t.JMeterThread: Thread finished: Test member Java 1-682
2026-06-24 23:42:00,796 WARN o.a.j.t.JMeterThread: Interrupting: Test member Java 1-240 sampler: sayHi
2026-06-24 23:42:00,796 INFO o.a.j.t.JMeterThread: Stopping: Test member Java 1-448
2026-06-24 23:42:00,796 WARN o.a.j.t.JMeterThread: Interrupting: Test member Java 1-448 sampler: sayHi
2026-06-24 23:42:00,797 INFO o.a.j.t.JMeterThread: Stopping: Test member Java 1-787
2026-06-24 23:42:00,797 INFO o.a.j.t.JMeterThread: Thread finished: Test member Java 1-240
2026-06-24 23:42:00,797 INFO o.a.j.t.JMeterThread: Thread finished: Test member Java 1-448
2026-06-24 23:42:00,797 WARN o.a.j.t.JMeterThread: Interrupting: Test member Java 1-787 sampler: sayHi
2026-06-24 23:42:00,798 INFO o.a.j.t.JMeterThread: Stopping: Test member Java 1-637
2026-06-24 23:42:00,798 WARN o.a.j.t.JMeterThread: Interrupting: Test member Java 1-637 sampler: sayHi
2026-06-24 23:42:00,798 INFO o.a.j.t.JMeterThread: Thread finished: Test member Java 1-787
2026-06-24 23:42:00,798 INFO o.a.j.t.JMeterThread: Stopping: Test member Java 1-436
2026-06-24 23:42:00,798 WARN o.a.j.t.JMeterThread: Interrupting: Test member Java 1-436 sampler: sayHi
2026-06-24 23:42:00,798 INFO o.a.j.t.JMeterThread: Thread finished: Test member Java 1-637
2026-06-24 23:42:00,798 INFO o.a.j.t.JMeterThread: Stopping: Test member Java 1-60
2026-06-24 23:42:00,798 WARN o.a.j.t.JMeterThread: Interrupting: Test member Java 1-60 sampler: sayHi
2026-06-24 23:42:00,799 INFO o.a.j.t.JMeterThread: Thread finished: Test member Java 1-436
2026-06-24 23:42:00,799 INFO o.a.j.t.JMeterThread: Stopping: Test member Java 1-737
2026-06-24 23:42:00,799 WARN o.a.j.t.JMeterThread: Interrupting: Test member Java 1-737 sampler: sayHi
2026-06-24 23:42:00,799 INFO o.a.j.t.JMeterThread: Thread finished: Test member Java 1-60
2026-06-24 23:42:00,800 INFO o.a.j.t.JMeterThread: Stopping: Test member Java 1-654
2026-06-24 23:42:00,801 WARN o.a.j.t.JMeterThread: Interrupting: Test member Java 1-654 sampler: sayHi
2026-06-24 23:42:00,801 INFO o.a.j.t.JMeterThread: Thread finished: Test member Java 1-737
2026-06-24 23:42:00,801 INFO o.a.j.t.JMeterThread: Stopping: Test member Java 1-432
2026-06-24 23:42:00,801 WARN o.a.j.t.JMeterThread: Interrupting: Test member Java 1-432 sampler: sayHi
2026-06-24 23:42:00,801 INFO o.a.j.t.JMeterThread: Thread finished: Test member Java 1-654
2026-06-24 23:42:00,802 INFO o.a.j.t.JMeterThread: Stopping: Test member Java 1-757
2026-06-24 23:42:00,802 WARN o.a.j.t.JMeterThread: Interrupting: Test member Java 1-757 sampler: sayHi
2026-06-24 23:42:00,802 INFO o.a.j.t.JMeterThread: Stopping: Test member Java 1-420
2026-06-24 23:42:00,802 WARN o.a.j.t.JMeterThread: Interrupting: Test member Java 1-420 sampler: sayHi
2026-06-24 23:42:00,802 INFO o.a.j.t.JMeterThread: Stopping: Test member Java 1-800
2026-06-24 23:42:00,802 WARN o.a.j.t.JMeterThread: Interrupting: Test member Java 1-800 sampler: sayHi
2026-06-24 23:42:00,802 INFO o.a.j.t.JMeterThread: Stopping: Test member Java 1-74
2026-06-24 23:42:00,802 WARN o.a.j.t.JMeterThread: Interrupting: Test member Java 1-74 sampler: sayHi
2026-06-24 23:42:00,803 INFO o.a.j.t.JMeterThread: Thread finished: Test member Java 1-432
2026-06-24 23:42:00,804 INFO o.a.j.t.JMeterThread: Thread finished: Test member Java 1-757
2026-06-24 23:42:00,804 INFO o.a.j.t.JMeterThread: Thread finished: Test member Java 1-74
2026-06-24 23:42:00,804 INFO o.a.j.t.JMeterThread: Stopping: Test member Java 1-236
2026-06-24 23:42:00,805 WARN o.a.j.t.JMeterThread: Interrupting: Test member Java 1-236 sampler: sayHi
2026-06-24 23:42:00,805 INFO o.a.j.t.JMeterThread: Stopping: Test member Java 1-403
2026-06-24 23:42:00,805 WARN o.a.j.t.JMeterThread: Interrupting: Test member Java 1-403 sampler: sayHi
2026-06-24 23:42:00,806 INFO o.a.j.t.JMeterThread: Thread finished: Test member Java 1-420
2026-06-24 23:42:00,807 INFO o.a.j.t.JMeterThread: Stopping: Test member Java 1-539
2026-06-24 23:42:00,807 INFO o.a.j.t.JMeterThread: Thread finished: Test member Java 1-403
2026-06-24 23:42:00,807 WARN o.a.j.t.JMeterThread: Interrupting: Test member Java 1-539 sampler: sayHi
2026-06-24 23:42:00,807 INFO o.a.j.t.JMeterThread: Thread finished: Test member Java 1-800
2026-06-24 23:42:00,809 INFO o.a.j.t.JMeterThread: Thread finished: Test member Java 1-236
2026-06-24 23:42:00,809 INFO o.a.j.t.JMeterThread: Stopping: Test member Java 1-445
2026-06-24 23:42:00,809 WARN o.a.j.t.JMeterThread: Interrupting: Test member Java 1-445 sampler: sayHi
2026-06-24 23:42:00,809 INFO o.a.j.t.JMeterThread: Thread finished: Test member Java 1-539
2026-06-24 23:42:00,812 INFO o.a.j.t.JMeterThread: Stopping: Test member Java 1-588
2026-06-24 23:42:00,812 WARN o.a.j.t.JMeterThread: Interrupting: Test member Java 1-588 sampler: sayHi
2026-06-24 23:42:00,812 INFO o.a.j.t.JMeterThread: Thread finished: Test member Java 1-445
2026-06-24 23:42:00,812 INFO o.a.j.t.JMeterThread: Stopping: Test member Java 1-936
2026-06-24 23:42:00,812 WARN o.a.j.t.JMeterThread: Interrupting: Test member Java 1-936 sampler: sayHi
2026-06-24 23:42:00,812 INFO o.a.j.t.JMeterThread: Stopping: Test member Java 1-801
2026-06-24 23:42:00,812 WARN o.a.j.t.JMeterThread: Interrupting: Test member Java 1-801 sampler: sayHi
2026-06-24 23:42:00,813 INFO o.a.j.t.JMeterThread: Stopping: Test member Java 1-868
2026-06-24 23:42:00,813 WARN o.a.j.t.JMeterThread: Interrupting: Test member Java 1-868 sampler: sayHi
2026-06-24 23:42:00,813 INFO o.a.j.t.JMeterThread: Stopping: Test member Java 1-212
2026-06-24 23:42:00,813 WARN o.a.j.t.JMeterThread: Interrupting: Test member Java 1-212 sampler: sayHi
2026-06-24 23:42:00,813 INFO o.a.j.t.JMeterThread: Stopping: Test member Java 1-88
2026-06-24 23:42:00,813 INFO o.a.j.t.JMeterThread: Thread finished: Test member Java 1-588
2026-06-24 23:42:00,813 WARN o.a.j.t.JMeterThread: Interrupting: Test member Java 1-88 sampler: sayHi
2026-06-24 23:42:00,814 INFO o.a.j.t.JMeterThread: Stopping: Test member Java 1-64
2026-06-24 23:42:00,814 WARN o.a.j.t.JMeterThread: Interrupting: Test member Java 1-64 sampler: sayHi
2026-06-24 23:42:00,814 INFO o.a.j.t.JMeterThread: Thread finished: Test member Java 1-868
2026-06-24 23:42:00,814 INFO o.a.j.t.JMeterThread: Thread finished: Test member Java 1-936
2026-06-24 23:42:00,815 INFO o.a.j.t.JMeterThread: Stopping: Test member Java 1-594
2026-06-24 23:42:00,815 INFO o.a.j.t.JMeterThread: Thread finished: Test member Java 1-801
2026-06-24 23:42:00,815 INFO o.a.j.t.JMeterThread: Thread finished: Test member Java 1-64
2026-06-24 23:42:00,815 INFO o.a.j.t.JMeterThread: Thread finished: Test member Java 1-212
2026-06-24 23:42:00,815 INFO o.a.j.t.JMeterThread: Thread finished: Test member Java 1-88
2026-06-24 23:42:00,815 WARN o.a.j.t.JMeterThread: Interrupting: Test member Java 1-594 sampler: sayHi
2026-06-24 23:42:00,817 INFO o.a.j.t.JMeterThread: Stopping: Test member Java 1-296
2026-06-24 23:42:00,817 WARN o.a.j.t.JMeterThread: Interrupting: Test member Java 1-296 sampler: sayHi
2026-06-24 23:42:00,817 INFO o.a.j.t.JMeterThread: Thread finished: Test member Java 1-594
2026-06-24 23:42:00,819 INFO o.a.j.t.JMeterThread: Stopping: Test member Java 1-462
2026-06-24 23:42:00,819 INFO o.a.j.t.JMeterThread: Thread finished: Test member Java 1-296
2026-06-24 23:42:00,820 WARN o.a.j.t.JMeterThread: Interrupting: Test member Java 1-462 sampler: sayHi
2026-06-24 23:42:00,821 INFO o.a.j.t.JMeterThread: Stopping: Test member Java 1-122
2026-06-24 23:42:00,822 INFO o.a.j.t.JMeterThread: Thread finished: Test member Java 1-462
2026-06-24 23:42:00,822 WARN o.a.j.t.JMeterThread: Interrupting: Test member Java 1-122 sampler: sayHi
2026-06-24 23:42:00,823 INFO o.a.j.t.JMeterThread: Stopping: Test member Java 1-591
2026-06-24 23:42:00,823 WARN o.a.j.t.JMeterThread: Interrupting: Test member Java 1-591 sampler: sayHi
2026-06-24 23:42:00,823 INFO o.a.j.t.JMeterThread: Thread finished: Test member Java 1-122
2026-06-24 23:42:00,824 INFO o.a.j.t.JMeterThread: Stopping: Test member Java 1-177
2026-06-24 23:42:00,824 WARN o.a.j.t.JMeterThread: Interrupting: Test member Java 1-177 sampler: sayHi
2026-06-24 23:42:00,824 INFO o.a.j.t.JMeterThread: Thread finished: Test member Java 1-591
2026-06-24 23:42:00,825 INFO o.a.j.t.JMeterThread: Stopping: Test member Java 1-889
2026-06-24 23:42:00,825 WARN o.a.j.t.JMeterThread: Interrupting: Test member Java 1-889 sampler: sayHi
2026-06-24 23:42:00,825 INFO o.a.j.t.JMeterThread: Thread finished: Test member Java 1-177
2026-06-24 23:42:00,825 INFO o.a.j.t.JMeterThread: Stopping: Test member Java 1-901
2026-06-24 23:42:00,826 WARN o.a.j.t.JMeterThread: Interrupting: Test member Java 1-901 sampler: sayHi
2026-06-24 23:42:00,826 INFO o.a.j.t.JMeterThread: Stopping: Test member Java 1-966
2026-06-24 23:42:00,826 WARN o.a.j.t.JMeterThread: Interrupting: Test member Java 1-966 sampler: sayHi
2026-06-24 23:42:00,826 INFO o.a.j.t.JMeterThread: Thread finished: Test member Java 1-889
2026-06-24 23:42:00,826 INFO o.a.j.t.JMeterThread: Stopping: Test member Java 1-77
2026-06-24 23:42:00,826 WARN o.a.j.t.JMeterThread: Interrupting: Test member Java 1-77 sampler: sayHi
2026-06-24 23:42:00,827 INFO o.a.j.t.JMeterThread: Thread finished: Test member Java 1-966
2026-06-24 23:42:00,827 INFO o.a.j.t.JMeterThread: Stopping: Test member Java 1-41
2026-06-24 23:42:00,827 WARN o.a.j.t.JMeterThread: Interrupting: Test member Java 1-41 sampler: sayHi
2026-06-24 23:42:00,827 INFO o.a.j.t.JMeterThread: Stopping: Test member Java 1-694
2026-06-24 23:42:00,827 INFO o.a.j.t.JMeterThread: Thread finished: Test member Java 1-901
2026-06-24 23:42:00,827 WARN o.a.j.t.JMeterThread: Interrupting: Test member Java 1-694 sampler: sayHi
2026-06-24 23:42:00,827 INFO o.a.j.t.JMeterThread: Thread finished: Test member Java 1-77
2026-06-24 23:42:00,827 INFO o.a.j.t.JMeterThread: Stopping: Test member Java 1-938
2026-06-24 23:42:00,828 WARN o.a.j.t.JMeterThread: Interrupting: Test member Java 1-938 sampler: sayHi
2026-06-24 23:42:00,828 INFO o.a.j.t.JMeterThread: Thread finished: Test member Java 1-41
2026-06-24 23:42:00,828 INFO o.a.j.t.JMeterThread: Thread finished: Test member Java 1-694
2026-06-24 23:42:00,828 INFO o.a.j.t.JMeterThread: Stopping: Test member Java 1-960
2026-06-24 23:42:00,828 WARN o.a.j.t.JMeterThread: Interrupting: Test member Java 1-960 sampler: sayHi
2026-06-24 23:42:00,828 INFO o.a.j.t.JMeterThread: Thread finished: Test member Java 1-938
2026-06-24 23:42:00,830 INFO o.a.j.t.JMeterThread: Stopping: Test member Java 1-476
2026-06-24 23:42:00,830 WARN o.a.j.t.JMeterThread: Interrupting: Test member Java 1-476 sampler: sayHi
2026-06-24 23:42:00,830 INFO o.a.j.t.JMeterThread: Thread finished: Test member Java 1-960
2026-06-24 23:42:00,830 INFO o.a.j.t.JMeterThread: Stopping: Test member Java 1-660
2026-06-24 23:42:00,830 WARN o.a.j.t.JMeterThread: Interrupting: Test member Java 1-660 sampler: sayHi
2026-06-24 23:42:00,831 INFO o.a.j.t.JMeterThread: Stopping: Test member Java 1-669
2026-06-24 23:42:00,831 WARN o.a.j.t.JMeterThread: Interrupting: Test member Java 1-669 sampler: sayHi
2026-06-24 23:42:00,831 INFO o.a.j.t.JMeterThread: Stopping: Test member Java 1-573
2026-06-24 23:42:00,831 WARN o.a.j.t.JMeterThread: Interrupting: Test member Java 1-573 sampler: sayHi
2026-06-24 23:42:00,831 INFO o.a.j.t.JMeterThread: Stopping: Test member Java 1-342
2026-06-24 23:42:00,831 WARN o.a.j.t.JMeterThread: Interrupting: Test member Java 1-342 sampler: sayHi
2026-06-24 23:42:00,832 INFO o.a.j.t.JMeterThread: Thread finished: Test member Java 1-476
2026-06-24 23:42:00,832 INFO o.a.j.t.JMeterThread: Thread finished: Test member Java 1-660
2026-06-24 23:42:00,832 INFO o.a.j.t.JMeterThread: Thread finished: Test member Java 1-669
2026-06-24 23:42:00,832 INFO o.a.j.t.JMeterThread: Stopping: Test member Java 1-741
2026-06-24 23:42:00,832 WARN o.a.j.t.JMeterThread: Interrupting: Test member Java 1-741 sampler: sayHi
2026-06-24 23:42:00,833 INFO o.a.j.t.JMeterThread: Stopping: Test member Java 1-311
2026-06-24 23:42:00,833 WARN o.a.j.t.JMeterThread: Interrupting: Test member Java 1-311 sampler: sayHi
2026-06-24 23:42:00,833 INFO o.a.j.t.JMeterThread: Thread finished: Test member Java 1-741
2026-06-24 23:42:00,833 INFO o.a.j.t.JMeterThread: Thread finished: Test member Java 1-342
2026-06-24 23:42:00,834 INFO o.a.j.t.JMeterThread: Thread finished: Test member Java 1-573
2026-06-24 23:42:00,834 INFO o.a.j.t.JMeterThread: Stopping: Test member Java 1-789
2026-06-24 23:42:00,834 WARN o.a.j.t.JMeterThread: Interrupting: Test member Java 1-789 sampler: sayHi
2026-06-24 23:42:00,834 INFO o.a.j.t.JMeterThread: Thread finished: Test member Java 1-311
2026-06-24 23:42:00,835 INFO o.a.j.t.JMeterThread: Stopping: Test member Java 1-166
2026-06-24 23:42:00,835 WARN o.a.j.t.JMeterThread: Interrupting: Test member Java 1-166 sampler: sayHi
2026-06-24 23:42:00,835 INFO o.a.j.t.JMeterThread: Thread finished: Test member Java 1-789
2026-06-24 23:42:00,837 INFO o.a.j.t.JMeterThread: Stopping: Test member Java 1-252
2026-06-24 23:42:00,837 INFO o.a.j.t.JMeterThread: Thread finished: Test member Java 1-166
2026-06-24 23:42:00,838 WARN o.a.j.t.JMeterThread: Interrupting: Test member Java 1-252 sampler: sayHi
2026-06-24 23:42:00,838 INFO o.a.j.t.JMeterThread: Stopping: Test member Java 1-915
2026-06-24 23:42:00,838 WARN o.a.j.t.JMeterThread: Interrupting: Test member Java 1-915 sampler: sayHi
2026-06-24 23:42:00,838 INFO o.a.j.t.JMeterThread: Thread finished: Test member Java 1-252
2026-06-24 23:42:00,839 INFO o.a.j.t.JMeterThread: Stopping: Test member Java 1-941
2026-06-24 23:42:00,839 WARN o.a.j.t.JMeterThread: Interrupting: Test member Java 1-941 sampler: sayHi
2026-06-24 23:42:00,839 INFO o.a.j.t.JMeterThread: Thread finished: Test member Java 1-915
2026-06-24 23:42:00,840 INFO o.a.j.t.JMeterThread: Stopping: Test member Java 1-943
2026-06-24 23:42:00,841 INFO o.a.j.t.JMeterThread: Thread finished: Test member Java 1-941
2026-06-24 23:42:00,841 WARN o.a.j.t.JMeterThread: Interrupting: Test member Java 1-943 sampler: sayHi
2026-06-24 23:42:00,842 INFO o.a.j.t.JMeterThread: Stopping: Test member Java 1-497
2026-06-24 23:42:00,842 INFO o.a.j.t.JMeterThread: Thread finished: Test member Java 1-943
2026-06-24 23:42:00,842 WARN o.a.j.t.JMeterThread: Interrupting: Test member Java 1-497 sampler: sayHi
2026-06-24 23:42:00,843 INFO o.a.j.t.JMeterThread: Thread finished: Test member Java 1-497
2026-06-24 23:42:00,843 INFO o.a.j.t.JMeterThread: Stopping: Test member Java 1-401
2026-06-24 23:42:00,843 WARN o.a.j.t.JMeterThread: Interrupting: Test member Java 1-401 sampler: sayHi
2026-06-24 23:42:00,845 INFO o.a.j.t.JMeterThread: Stopping: Test member Java 1-186
2026-06-24 23:42:00,845 WARN o.a.j.t.JMeterThread: Interrupting: Test member Java 1-186 sampler: sayHi
2026-06-24 23:42:00,845 INFO o.a.j.t.JMeterThread: Thread finished: Test member Java 1-401
2026-06-24 23:42:00,845 INFO o.a.j.t.JMeterThread: Stopping: Test member Java 1-926
2026-06-24 23:42:00,845 WARN o.a.j.t.JMeterThread: Interrupting: Test member Java 1-926 sampler: sayHi
2026-06-24 23:42:00,846 INFO o.a.j.t.JMeterThread: Thread finished: Test member Java 1-186
2026-06-24 23:42:00,846 INFO o.a.j.t.JMeterThread: Stopping: Test member Java 1-86
2026-06-24 23:42:00,846 WARN o.a.j.t.JMeterThread: Interrupting: Test member Java 1-86 sampler: sayHi
2026-06-24 23:42:00,846 INFO o.a.j.t.JMeterThread: Thread finished: Test member Java 1-926
2026-06-24 23:42:00,848 INFO o.a.j.t.JMeterThread: Stopping: Test member Java 1-930
2026-06-24 23:42:00,848 WARN o.a.j.t.JMeterThread: Interrupting: Test member Java 1-930 sampler: sayHi
2026-06-24 23:42:00,848 INFO o.a.j.t.JMeterThread: Thread finished: Test member Java 1-86
2026-06-24 23:42:00,849 INFO o.a.j.t.JMeterThread: Stopping: Test member Java 1-589
2026-06-24 23:42:00,849 INFO o.a.j.t.JMeterThread: Thread finished: Test member Java 1-930
2026-06-24 23:42:00,849 WARN o.a.j.t.JMeterThread: Interrupting: Test member Java 1-589 sampler: sayHi
2026-06-24 23:42:00,850 INFO o.a.j.t.JMeterThread: Stopping: Test member Java 1-786
2026-06-24 23:42:00,850 WARN o.a.j.t.JMeterThread: Interrupting: Test member Java 1-786 sampler: sayHi
2026-06-24 23:42:00,850 INFO o.a.j.t.JMeterThread: Stopping: Test member Java 1-118
2026-06-24 23:42:00,850 WARN o.a.j.t.JMeterThread: Interrupting: Test member Java 1-118 sampler: sayHi
2026-06-24 23:42:00,850 INFO o.a.j.t.JMeterThread: Thread finished: Test member Java 1-786
2026-06-24 23:42:00,850 INFO o.a.j.t.JMeterThread: Thread finished: Test member Java 1-589
2026-06-24 23:42:00,853 INFO o.a.j.t.JMeterThread: Thread finished: Test member Java 1-118
2026-06-24 23:42:00,853 INFO o.a.j.t.JMeterThread: Stopping: Test member Java 1-491
2026-06-24 23:42:00,853 WARN o.a.j.t.JMeterThread: Interrupting: Test member Java 1-491 sampler: sayHi
2026-06-24 23:42:00,855 INFO o.a.j.t.JMeterThread: Stopping: Test member Java 1-431
2026-06-24 23:42:00,856 WARN o.a.j.t.JMeterThread: Interrupting: Test member Java 1-431 sampler: sayHi
2026-06-24 23:42:00,856 INFO o.a.j.t.JMeterThread: Thread finished: Test member Java 1-491
2026-06-24 23:42:00,856 INFO o.a.j.t.JMeterThread: Stopping: Test member Java 1-863
2026-06-24 23:42:00,857 WARN o.a.j.t.JMeterThread: Interrupting: Test member Java 1-863 sampler: sayHi
2026-06-24 23:42:00,857 INFO o.a.j.t.JMeterThread: Thread finished: Test member Java 1-431
2026-06-24 23:42:00,857 INFO o.a.j.t.JMeterThread: Stopping: Test member Java 1-947
2026-06-24 23:42:00,857 WARN o.a.j.t.JMeterThread: Interrupting: Test member Java 1-947 sampler: sayHi
2026-06-24 23:42:00,858 INFO o.a.j.t.JMeterThread: Thread finished: Test member Java 1-863
2026-06-24 23:42:00,858 INFO o.a.j.t.JMeterThread: Thread finished: Test member Java 1-947
2026-06-24 23:42:00,859 INFO o.a.j.t.JMeterThread: Stopping: Test member Java 1-226
2026-06-24 23:42:00,859 WARN o.a.j.t.JMeterThread: Interrupting: Test member Java 1-226 sampler: sayHi
2026-06-24 23:42:00,861 INFO o.a.j.t.JMeterThread: Stopping: Test member Java 1-416
2026-06-24 23:42:00,861 WARN o.a.j.t.JMeterThread: Interrupting: Test member Java 1-416 sampler: sayHi
2026-06-24 23:42:00,861 INFO o.a.j.t.JMeterThread: Thread finished: Test member Java 1-226
2026-06-24 23:42:00,862 INFO o.a.j.t.JMeterThread: Stopping: Test member Java 1-189
2026-06-24 23:42:00,862 WARN o.a.j.t.JMeterThread: Interrupting: Test member Java 1-189 sampler: sayHi
2026-06-24 23:42:00,862 INFO o.a.j.t.JMeterThread: Stopping: Test member Java 1-359
2026-06-24 23:42:00,862 WARN o.a.j.t.JMeterThread: Interrupting: Test member Java 1-359 sampler: sayHi
2026-06-24 23:42:00,863 INFO o.a.j.t.JMeterThread: Stopping: Test member Java 1-792
2026-06-24 23:42:00,863 WARN o.a.j.t.JMeterThread: Interrupting: Test member Java 1-792 sampler: sayHi
2026-06-24 23:42:00,863 INFO o.a.j.t.JMeterThread: Thread finished: Test member Java 1-189
2026-06-24 23:42:00,863 INFO o.a.j.t.JMeterThread: Thread finished: Test member Java 1-416
2026-06-24 23:42:00,863 INFO o.a.j.t.JMeterThread: Stopping: Test member Java 1-210
2026-06-24 23:42:00,863 WARN o.a.j.t.JMeterThread: Interrupting: Test member Java 1-210 sampler: sayHi
2026-06-24 23:42:00,863 INFO o.a.j.t.JMeterThread: Thread finished: Test member Java 1-359
2026-06-24 23:42:00,864 INFO o.a.j.t.JMeterThread: Stopping: Test member Java 1-297
2026-06-24 23:42:00,864 WARN o.a.j.t.JMeterThread: Interrupting: Test member Java 1-297 sampler: sayHi
2026-06-24 23:42:00,864 INFO o.a.j.t.JMeterThread: Thread finished: Test member Java 1-792
2026-06-24 23:42:00,864 INFO o.a.j.t.JMeterThread: Thread finished: Test member Java 1-210
2026-06-24 23:42:00,864 INFO o.a.j.t.JMeterThread: Stopping: Test member Java 1-13
2026-06-24 23:42:00,864 WARN o.a.j.t.JMeterThread: Interrupting: Test member Java 1-13 sampler: sayHi
2026-06-24 23:42:00,864 INFO o.a.j.t.JMeterThread: Stopping: Test member Java 1-319
2026-06-24 23:42:00,864 WARN o.a.j.t.JMeterThread: Interrupting: Test member Java 1-319 sampler: sayHi
2026-06-24 23:42:00,865 INFO o.a.j.t.JMeterThread: Thread finished: Test member Java 1-297
2026-06-24 23:42:00,865 INFO o.a.j.t.JMeterThread: Thread finished: Test member Java 1-13
2026-06-24 23:42:00,866 INFO o.a.j.t.JMeterThread: Stopping: Test member Java 1-852
2026-06-24 23:42:00,866 INFO o.a.j.t.JMeterThread: Thread finished: Test member Java 1-319
2026-06-24 23:42:00,866 WARN o.a.j.t.JMeterThread: Interrupting: Test member Java 1-852 sampler: sayHi
2026-06-24 23:42:00,867 INFO o.a.j.t.JMeterThread: Stopping: Test member Java 1-20
2026-06-24 23:42:00,867 WARN o.a.j.t.JMeterThread: Interrupting: Test member Java 1-20 sampler: sayHi
2026-06-24 23:42:00,867 INFO o.a.j.t.JMeterThread: Thread finished: Test member Java 1-852
2026-06-24 23:42:00,868 INFO o.a.j.t.JMeterThread: Stopping: Test member Java 1-171
2026-06-24 23:42:00,868 WARN o.a.j.t.JMeterThread: Interrupting: Test member Java 1-171 sampler: sayHi
2026-06-24 23:42:00,868 INFO o.a.j.t.JMeterThread: Thread finished: Test member Java 1-20
2026-06-24 23:42:00,870 INFO o.a.j.t.JMeterThread: Thread finished: Test member Java 1-171
2026-06-24 23:42:00,870 INFO o.a.j.t.JMeterThread: Stopping: Test member Java 1-934
2026-06-24 23:42:00,870 WARN o.a.j.t.JMeterThread: Interrupting: Test member Java 1-934 sampler: sayHi
2026-06-24 23:42:00,871 INFO o.a.j.t.JMeterThread: Stopping: Test member Java 1-758
2026-06-24 23:42:00,871 WARN o.a.j.t.JMeterThread: Interrupting: Test member Java 1-758 sampler: sayHi
2026-06-24 23:42:00,872 INFO o.a.j.t.JMeterThread: Thread finished: Test member Java 1-934
2026-06-24 23:42:00,874 INFO o.a.j.t.JMeterThread: Stopping: Test member Java 1-483
2026-06-24 23:42:00,874 WARN o.a.j.t.JMeterThread: Interrupting: Test member Java 1-483 sampler: sayHi
2026-06-24 23:42:00,874 INFO o.a.j.t.JMeterThread: Thread finished: Test member Java 1-758
2026-06-24 23:42:00,875 INFO o.a.j.t.JMeterThread: Stopping: Test member Java 1-835
2026-06-24 23:42:00,875 INFO o.a.j.t.JMeterThread: Thread finished: Test member Java 1-483
2026-06-24 23:42:00,876 WARN o.a.j.t.JMeterThread: Interrupting: Test member Java 1-835 sampler: sayHi
2026-06-24 23:42:00,878 INFO o.a.j.t.JMeterThread: Thread finished: Test member Java 1-835
2026-06-24 23:42:00,878 INFO o.a.j.t.JMeterThread: Stopping: Test member Java 1-590
2026-06-24 23:42:00,879 WARN o.a.j.t.JMeterThread: Interrupting: Test member Java 1-590 sampler: sayHi
2026-06-24 23:42:00,879 INFO o.a.j.t.JMeterThread: Stopping: Test member Java 1-595
2026-06-24 23:42:00,879 WARN o.a.j.t.JMeterThread: Interrupting: Test member Java 1-595 sampler: sayHi
2026-06-24 23:42:00,879 INFO o.a.j.t.JMeterThread: Thread finished: Test member Java 1-590
2026-06-24 23:42:00,881 INFO o.a.j.t.JMeterThread: Stopping: Test member Java 1-706
2026-06-24 23:42:00,881 WARN o.a.j.t.JMeterThread: Interrupting: Test member Java 1-706 sampler: sayHi
2026-06-24 23:42:00,881 INFO o.a.j.t.JMeterThread: Thread finished: Test member Java 1-595
2026-06-24 23:42:00,882 INFO o.a.j.t.JMeterThread: Stopping: Test member Java 1-904
2026-06-24 23:42:00,882 INFO o.a.j.t.JMeterThread: Thread finished: Test member Java 1-706
2026-06-24 23:42:00,883 WARN o.a.j.t.JMeterThread: Interrupting: Test member Java 1-904 sampler: sayHi
2026-06-24 23:42:00,883 INFO o.a.j.t.JMeterThread: Stopping: Test member Java 1-509
2026-06-24 23:42:00,883 WARN o.a.j.t.JMeterThread: Interrupting: Test member Java 1-509 sampler: sayHi
2026-06-24 23:42:00,883 INFO o.a.j.t.JMeterThread: Stopping: Test member Java 1-194
2026-06-24 23:42:00,883 INFO o.a.j.t.JMeterThread: Thread finished: Test member Java 1-904
2026-06-24 23:42:00,883 WARN o.a.j.t.JMeterThread: Interrupting: Test member Java 1-194 sampler: sayHi
2026-06-24 23:42:00,884 INFO o.a.j.t.JMeterThread: Thread finished: Test member Java 1-509
2026-06-24 23:42:00,884 INFO o.a.j.t.JMeterThread: Stopping: Test member Java 1-123
2026-06-24 23:42:00,884 WARN o.a.j.t.JMeterThread: Interrupting: Test member Java 1-123 sampler: sayHi
2026-06-24 23:42:00,884 INFO o.a.j.t.JMeterThread: Thread finished: Test member Java 1-194
2026-06-24 23:42:00,885 INFO o.a.j.t.JMeterThread: Thread finished: Test member Java 1-123
2026-06-24 23:42:00,885 INFO o.a.j.t.JMeterThread: Stopping: Test member Java 1-357
2026-06-24 23:42:00,885 WARN o.a.j.t.JMeterThread: Interrupting: Test member Java 1-357 sampler: sayHi
2026-06-24 23:42:00,887 INFO o.a.j.t.JMeterThread: Stopping: Test member Java 1-42
2026-06-24 23:42:00,887 INFO o.a.j.t.JMeterThread: Thread finished: Test member Java 1-357
2026-06-24 23:42:00,887 WARN o.a.j.t.JMeterThread: Interrupting: Test member Java 1-42 sampler: sayHi
2026-06-24 23:42:00,889 INFO o.a.j.t.JMeterThread: Stopping: Test member Java 1-135
2026-06-24 23:42:00,890 WARN o.a.j.t.JMeterThread: Interrupting: Test member Java 1-135 sampler: sayHi
2026-06-24 23:42:00,890 INFO o.a.j.t.JMeterThread: Thread finished: Test member Java 1-42
2026-06-24 23:42:00,890 INFO o.a.j.t.JMeterThread: Stopping: Test member Java 1-778
2026-06-24 23:42:00,890 WARN o.a.j.t.JMeterThread: Interrupting: Test member Java 1-778 sampler: sayHi
2026-06-24 23:42:00,891 INFO o.a.j.t.JMeterThread: Thread finished: Test member Java 1-135
2026-06-24 23:42:00,891 INFO o.a.j.t.JMeterThread: Stopping: Test member Java 1-721
2026-06-24 23:42:00,891 WARN o.a.j.t.JMeterThread: Interrupting: Test member Java 1-721 sampler: sayHi
2026-06-24 23:42:00,891 INFO o.a.j.t.JMeterThread: Stopping: Test member Java 1-155
2026-06-24 23:42:00,891 INFO o.a.j.t.JMeterThread: Thread finished: Test member Java 1-778
2026-06-24 23:42:00,891 WARN o.a.j.t.JMeterThread: Interrupting: Test member Java 1-155 sampler: sayHi
2026-06-24 23:42:00,892 INFO o.a.j.t.JMeterThread: Thread finished: Test member Java 1-721
2026-06-24 23:42:00,892 INFO o.a.j.t.JMeterThread: Stopping: Test member Java 1-190
2026-06-24 23:42:00,892 WARN o.a.j.t.JMeterThread: Interrupting: Test member Java 1-190 sampler: sayHi
2026-06-24 23:42:00,892 INFO o.a.j.t.JMeterThread: Thread finished: Test member Java 1-155
2026-06-24 23:42:00,892 INFO o.a.j.t.JMeterThread: Stopping: Test member Java 1-394
2026-06-24 23:42:00,892 WARN o.a.j.t.JMeterThread: Interrupting: Test member Java 1-394 sampler: sayHi
2026-06-24 23:42:00,892 INFO o.a.j.t.JMeterThread: Thread finished: Test member Java 1-190
2026-06-24 23:42:00,893 INFO o.a.j.t.JMeterThread: Stopping: Test member Java 1-283
2026-06-24 23:42:00,893 WARN o.a.j.t.JMeterThread: Interrupting: Test member Java 1-283 sampler: sayHi
2026-06-24 23:42:00,893 INFO o.a.j.t.JMeterThread: Thread finished: Test member Java 1-394
2026-06-24 23:42:00,894 INFO o.a.j.t.JMeterThread: Stopping: Test member Java 1-670
2026-06-24 23:42:00,894 WARN o.a.j.t.JMeterThread: Interrupting: Test member Java 1-670 sampler: sayHi
2026-06-24 23:42:00,895 INFO o.a.j.t.JMeterThread: Thread finished: Test member Java 1-283
2026-06-24 23:42:00,895 INFO o.a.j.t.JMeterThread: Stopping: Test member Java 1-164
2026-06-24 23:42:00,895 WARN o.a.j.t.JMeterThread: Interrupting: Test member Java 1-164 sampler: sayHi
2026-06-24 23:42:00,895 INFO o.a.j.t.JMeterThread: Thread finished: Test member Java 1-670
2026-06-24 23:42:00,895 INFO o.a.j.t.JMeterThread: Stopping: Test member Java 1-611
2026-06-24 23:42:00,895 WARN o.a.j.t.JMeterThread: Interrupting: Test member Java 1-611 sampler: sayHi
2026-06-24 23:42:00,896 INFO o.a.j.t.JMeterThread: Thread finished: Test member Java 1-164
2026-06-24 23:42:00,896 INFO o.a.j.t.JMeterThread: Stopping: Test member Java 1-363
2026-06-24 23:42:00,896 WARN o.a.j.t.JMeterThread: Interrupting: Test member Java 1-363 sampler: sayHi
2026-06-24 23:42:00,896 INFO o.a.j.t.JMeterThread: Thread finished: Test member Java 1-611
2026-06-24 23:42:00,897 INFO o.a.j.t.JMeterThread: Stopping: Test member Java 1-628
2026-06-24 23:42:00,897 WARN o.a.j.t.JMeterThread: Interrupting: Test member Java 1-628 sampler: sayHi
2026-06-24 23:42:00,897 INFO o.a.j.t.JMeterThread: Thread finished: Test member Java 1-363
2026-06-24 23:42:00,899 INFO o.a.j.t.JMeterThread: Stopping: Test member Java 1-8
2026-06-24 23:42:00,899 WARN o.a.j.t.JMeterThread: Interrupting: Test member Java 1-8 sampler: sayHi
2026-06-24 23:42:00,899 INFO o.a.j.t.JMeterThread: Thread finished: Test member Java 1-628
2026-06-24 23:42:00,900 INFO o.a.j.t.JMeterThread: Stopping: Test member Java 1-277
2026-06-24 23:42:00,900 INFO o.a.j.t.JMeterThread: Thread finished: Test member Java 1-8
2026-06-24 23:42:00,900 WARN o.a.j.t.JMeterThread: Interrupting: Test member Java 1-277 sampler: sayHi
2026-06-24 23:42:00,900 INFO o.a.j.t.JMeterThread: Stopping: Test member Java 1-347
2026-06-24 23:42:00,900 WARN o.a.j.t.JMeterThread: Interrupting: Test member Java 1-347 sampler: sayHi
2026-06-24 23:42:00,901 INFO o.a.j.t.JMeterThread: Thread finished: Test member Java 1-277
2026-06-24 23:42:00,901 INFO o.a.j.t.JMeterThread: Stopping: Test member Java 1-860
2026-06-24 23:42:00,902 WARN o.a.j.t.JMeterThread: Interrupting: Test member Java 1-860 sampler: sayHi
2026-06-24 23:42:00,902 INFO o.a.j.t.JMeterThread: Stopping: Test member Java 1-45
2026-06-24 23:42:00,902 INFO o.a.j.t.JMeterThread: Thread finished: Test member Java 1-347
2026-06-24 23:42:00,902 WARN o.a.j.t.JMeterThread: Interrupting: Test member Java 1-45 sampler: sayHi
2026-06-24 23:42:00,903 INFO o.a.j.t.JMeterThread: Thread finished: Test member Java 1-860
2026-06-24 23:42:00,904 INFO o.a.j.t.JMeterThread: Stopping: Test member Java 1-7
2026-06-24 23:42:00,904 WARN o.a.j.t.JMeterThread: Interrupting: Test member Java 1-7 sampler: sayHi
2026-06-24 23:42:00,904 INFO o.a.j.t.JMeterThread: Thread finished: Test member Java 1-45
2026-06-24 23:42:00,905 INFO o.a.j.t.JMeterThread: Stopping: Test member Java 1-910
2026-06-24 23:42:00,905 INFO o.a.j.t.JMeterThread: Thread finished: Test member Java 1-7
2026-06-24 23:42:00,906 WARN o.a.j.t.JMeterThread: Interrupting: Test member Java 1-910 sampler: sayHi
2026-06-24 23:42:00,906 INFO o.a.j.t.JMeterThread: Stopping: Test member Java 1-479
2026-06-24 23:42:00,906 WARN o.a.j.t.JMeterThread: Interrupting: Test member Java 1-479 sampler: sayHi
2026-06-24 23:42:00,907 INFO o.a.j.t.JMeterThread: Thread finished: Test member Java 1-910
2026-06-24 23:42:00,908 INFO o.a.j.t.JMeterThread: Stopping: Test member Java 1-667
2026-06-24 23:42:00,908 WARN o.a.j.t.JMeterThread: Interrupting: Test member Java 1-667 sampler: sayHi
2026-06-24 23:42:00,908 INFO o.a.j.t.JMeterThread: Thread finished: Test member Java 1-479
2026-06-24 23:42:00,910 INFO o.a.j.t.JMeterThread: Stopping: Test member Java 1-846
2026-06-24 23:42:00,910 INFO o.a.j.t.JMeterThread: Thread finished: Test member Java 1-667
2026-06-24 23:42:00,910 WARN o.a.j.t.JMeterThread: Interrupting: Test member Java 1-846 sampler: sayHi
2026-06-24 23:42:00,912 INFO o.a.j.t.JMeterThread: Stopping: Test member Java 1-197
2026-06-24 23:42:00,912 WARN o.a.j.t.JMeterThread: Interrupting: Test member Java 1-197 sampler: sayHi
2026-06-24 23:42:00,912 INFO o.a.j.t.JMeterThread: Thread finished: Test member Java 1-846
2026-06-24 23:42:00,912 INFO o.a.j.t.JMeterThread: Stopping: Test member Java 1-768
2026-06-24 23:42:00,912 WARN o.a.j.t.JMeterThread: Interrupting: Test member Java 1-768 sampler: sayHi
2026-06-24 23:42:00,912 INFO o.a.j.t.JMeterThread: Stopping: Test member Java 1-31
2026-06-24 23:42:00,912 WARN o.a.j.t.JMeterThread: Interrupting: Test member Java 1-31 sampler: sayHi
2026-06-24 23:42:00,913 INFO o.a.j.t.JMeterThread: Thread finished: Test member Java 1-197
2026-06-24 23:42:00,914 INFO o.a.j.t.JMeterThread: Thread finished: Test member Java 1-768
2026-06-24 23:42:00,915 INFO o.a.j.t.JMeterThread: Stopping: Test member Java 1-630
2026-06-24 23:42:00,915 INFO o.a.j.t.JMeterThread: Thread finished: Test member Java 1-31
2026-06-24 23:42:00,916 WARN o.a.j.t.JMeterThread: Interrupting: Test member Java 1-630 sampler: sayHi
2026-06-24 23:42:00,916 INFO o.a.j.t.JMeterThread: Stopping: Test member Java 1-52
2026-06-24 23:42:00,916 WARN o.a.j.t.JMeterThread: Interrupting: Test member Java 1-52 sampler: sayHi
2026-06-24 23:42:00,916 INFO o.a.j.t.JMeterThread: Thread finished: Test member Java 1-630
2026-06-24 23:42:00,917 INFO o.a.j.t.JMeterThread: Stopping: Test member Java 1-46
2026-06-24 23:42:00,917 INFO o.a.j.t.JMeterThread: Thread finished: Test member Java 1-52
2026-06-24 23:42:00,917 WARN o.a.j.t.JMeterThread: Interrupting: Test member Java 1-46 sampler: sayHi
2026-06-24 23:42:00,917 INFO o.a.j.t.JMeterThread: Stopping: Test member Java 1-313
2026-06-24 23:42:00,917 WARN o.a.j.t.JMeterThread: Interrupting: Test member Java 1-313 sampler: sayHi
2026-06-24 23:42:00,918 INFO o.a.j.t.JMeterThread: Thread finished: Test member Java 1-46
2026-06-24 23:42:00,919 INFO o.a.j.t.JMeterThread: Stopping: Test member Java 1-346
2026-06-24 23:42:00,919 WARN o.a.j.t.JMeterThread: Interrupting: Test member Java 1-346 sampler: sayHi
2026-06-24 23:42:00,919 INFO o.a.j.t.JMeterThread: Thread finished: Test member Java 1-313
2026-06-24 23:42:00,919 INFO o.a.j.t.JMeterThread: Stopping: Test member Java 1-321
2026-06-24 23:42:00,919 WARN o.a.j.t.JMeterThread: Interrupting: Test member Java 1-321 sampler: sayHi
2026-06-24 23:42:00,920 INFO o.a.j.t.JMeterThread: Thread finished: Test member Java 1-346
2026-06-24 23:42:00,921 INFO o.a.j.t.JMeterThread: Stopping: Test member Java 1-815
2026-06-24 23:42:00,921 WARN o.a.j.t.JMeterThread: Interrupting: Test member Java 1-815 sampler: sayHi
2026-06-24 23:42:00,921 INFO o.a.j.t.JMeterThread: Thread finished: Test member Java 1-321
2026-06-24 23:42:00,923 INFO o.a.j.t.JMeterThread: Thread finished: Test member Java 1-815
2026-06-24 23:42:00,923 INFO o.a.j.t.JMeterThread: Stopping: Test member Java 1-287
2026-06-24 23:42:00,924 INFO o.a.j.t.JMeterThread: Thread finished: Test member Java 1-287
2026-06-24 23:42:00,925 INFO o.a.j.t.JMeterThread: Stopping: Test member Java 1-414
2026-06-24 23:42:00,925 WARN o.a.j.t.JMeterThread: Interrupting: Test member Java 1-414 sampler: sayHi
2026-06-24 23:42:00,925 INFO o.a.j.t.JMeterThread: Stopping: Test member Java 1-418
2026-06-24 23:42:00,925 WARN o.a.j.t.JMeterThread: Interrupting: Test member Java 1-418 sampler: sayHi
2026-06-24 23:42:00,926 INFO o.a.j.t.JMeterThread: Thread finished: Test member Java 1-414
2026-06-24 23:42:00,926 INFO o.a.j.t.JMeterThread: Stopping: Test member Java 1-253
2026-06-24 23:42:00,927 WARN o.a.j.t.JMeterThread: Interrupting: Test member Java 1-253 sampler: sayHi
2026-06-24 23:42:00,927 INFO o.a.j.t.JMeterThread: Thread finished: Test member Java 1-418
2026-06-24 23:42:00,927 INFO o.a.j.t.JMeterThread: Stopping: Test member Java 1-260
2026-06-24 23:42:00,927 WARN o.a.j.t.JMeterThread: Interrupting: Test member Java 1-260 sampler: sayHi
2026-06-24 23:42:00,927 INFO o.a.j.t.JMeterThread: Stopping: Test member Java 1-213
2026-06-24 23:42:00,927 INFO o.a.j.t.JMeterThread: Thread finished: Test member Java 1-253
2026-06-24 23:42:00,927 WARN o.a.j.t.JMeterThread: Interrupting: Test member Java 1-213 sampler: sayHi
2026-06-24 23:42:00,928 INFO o.a.j.t.JMeterThread: Stopping: Test member Java 1-668
2026-06-24 23:42:00,928 WARN o.a.j.t.JMeterThread: Interrupting: Test member Java 1-668 sampler: sayHi
2026-06-24 23:42:00,928 INFO o.a.j.t.JMeterThread: Thread finished: Test member Java 1-260
2026-06-24 23:42:00,928 INFO o.a.j.t.JMeterThread: Stopping: Test member Java 1-679
2026-06-24 23:42:00,928 WARN o.a.j.t.JMeterThread: Interrupting: Test member Java 1-679 sampler: sayHi
2026-06-24 23:42:00,929 INFO o.a.j.t.JMeterThread: Thread finished: Test member Java 1-668
2026-06-24 23:42:00,929 INFO o.a.j.t.JMeterThread: Thread finished: Test member Java 1-213
2026-06-24 23:42:00,929 INFO o.a.j.t.JMeterThread: Stopping: Test member Java 1-773
2026-06-24 23:42:00,929 WARN o.a.j.t.JMeterThread: Interrupting: Test member Java 1-773 sampler: sayHi
2026-06-24 23:42:00,930 INFO o.a.j.t.JMeterThread: Thread finished: Test member Java 1-679
2026-06-24 23:42:00,930 INFO o.a.j.t.JMeterThread: Stopping: Test member Java 1-181
2026-06-24 23:42:00,930 WARN o.a.j.t.JMeterThread: Interrupting: Test member Java 1-181 sampler: sayHi
2026-06-24 23:42:00,930 INFO o.a.j.t.JMeterThread: Stopping: Test member Java 1-996
2026-06-24 23:42:00,930 WARN o.a.j.t.JMeterThread: Interrupting: Test member Java 1-996 sampler: sayHi
2026-06-24 23:42:00,930 INFO o.a.j.t.JMeterThread: Thread finished: Test member Java 1-773
2026-06-24 23:42:00,930 INFO o.a.j.t.JMeterThread: Stopping: Test member Java 1-620
2026-06-24 23:42:00,931 WARN o.a.j.t.JMeterThread: Interrupting: Test member Java 1-620 sampler: sayHi
2026-06-24 23:42:00,931 INFO o.a.j.t.JMeterThread: Stopping: Test member Java 1-381
2026-06-24 23:42:00,931 WARN o.a.j.t.JMeterThread: Interrupting: Test member Java 1-381 sampler: sayHi
2026-06-24 23:42:00,931 INFO o.a.j.t.JMeterThread: Thread finished: Test member Java 1-181
2026-06-24 23:42:00,931 INFO o.a.j.t.JMeterThread: Stopping: Test member Java 1-427
2026-06-24 23:42:00,931 WARN o.a.j.t.JMeterThread: Interrupting: Test member Java 1-427 sampler: sayHi
2026-06-24 23:42:00,932 INFO o.a.j.t.JMeterThread: Thread finished: Test member Java 1-620
2026-06-24 23:42:00,932 INFO o.a.j.t.JMeterThread: Thread finished: Test member Java 1-381
2026-06-24 23:42:00,932 INFO o.a.j.t.JMeterThread: Thread finished: Test member Java 1-996
2026-06-24 23:42:00,932 INFO o.a.j.t.JMeterThread: Stopping: Test member Java 1-640
2026-06-24 23:42:00,932 WARN o.a.j.t.JMeterThread: Interrupting: Test member Java 1-640 sampler: sayHi
2026-06-24 23:42:00,932 INFO o.a.j.t.JMeterThread: Thread finished: Test member Java 1-427
2026-06-24 23:42:00,935 INFO o.a.j.t.JMeterThread: Stopping: Test member Java 1-747
2026-06-24 23:42:00,935 WARN o.a.j.t.JMeterThread: Interrupting: Test member Java 1-747 sampler: sayHi
2026-06-24 23:42:00,935 INFO o.a.j.t.JMeterThread: Thread finished: Test member Java 1-640
2026-06-24 23:42:00,936 INFO o.a.j.t.JMeterThread: Stopping: Test member Java 1-744
2026-06-24 23:42:00,937 INFO o.a.j.t.JMeterThread: Thread finished: Test member Java 1-747
2026-06-24 23:42:00,937 WARN o.a.j.t.JMeterThread: Interrupting: Test member Java 1-744 sampler: sayHi
2026-06-24 23:42:00,938 INFO o.a.j.t.JMeterThread: Stopping: Test member Java 1-791
2026-06-24 23:42:00,938 WARN o.a.j.t.JMeterThread: Interrupting: Test member Java 1-791 sampler: sayHi
2026-06-24 23:42:00,938 INFO o.a.j.t.JMeterThread: Thread finished: Test member Java 1-744
2026-06-24 23:42:00,939 INFO o.a.j.t.JMeterThread: Stopping: Test member Java 1-239
2026-06-24 23:42:00,939 WARN o.a.j.t.JMeterThread: Interrupting: Test member Java 1-239 sampler: sayHi
2026-06-24 23:42:00,939 INFO o.a.j.t.JMeterThread: Thread finished: Test member Java 1-791
2026-06-24 23:42:00,940 INFO o.a.j.t.JMeterThread: Stopping: Test member Java 1-970
2026-06-24 23:42:00,940 WARN o.a.j.t.JMeterThread: Interrupting: Test member Java 1-970 sampler: sayHi
2026-06-24 23:42:00,940 INFO o.a.j.t.JMeterThread: Thread finished: Test member Java 1-239
2026-06-24 23:42:00,941 INFO o.a.j.t.JMeterThread: Stopping: Test member Java 1-580
2026-06-24 23:42:00,942 WARN o.a.j.t.JMeterThread: Interrupting: Test member Java 1-580 sampler: sayHi
2026-06-24 23:42:00,942 INFO o.a.j.t.JMeterThread: Thread finished: Test member Java 1-970
2026-06-24 23:42:00,943 INFO o.a.j.t.JMeterThread: Stopping: Test member Java 1-237
2026-06-24 23:42:00,943 WARN o.a.j.t.JMeterThread: Interrupting: Test member Java 1-237 sampler: sayHi
2026-06-24 23:42:00,943 INFO o.a.j.t.JMeterThread: Thread finished: Test member Java 1-580
2026-06-24 23:42:00,943 INFO o.a.j.t.JMeterThread: Stopping: Test member Java 1-104
2026-06-24 23:42:00,943 WARN o.a.j.t.JMeterThread: Interrupting: Test member Java 1-104 sampler: sayHi
2026-06-24 23:42:00,944 INFO o.a.j.t.JMeterThread: Stopping: Test member Java 1-87
2026-06-24 23:42:00,944 WARN o.a.j.t.JMeterThread: Interrupting: Test member Java 1-87 sampler: sayHi
2026-06-24 23:42:00,944 INFO o.a.j.t.JMeterThread: Thread finished: Test member Java 1-237
2026-06-24 23:42:00,945 INFO o.a.j.t.JMeterThread: Thread finished: Test member Java 1-104
2026-06-24 23:42:00,945 INFO o.a.j.t.JMeterThread: Stopping: Test member Java 1-457
2026-06-24 23:42:00,945 WARN o.a.j.t.JMeterThread: Interrupting: Test member Java 1-457 sampler: sayHi
2026-06-24 23:42:00,945 INFO o.a.j.t.JMeterThread: Thread finished: Test member Java 1-87
2026-06-24 23:42:00,946 INFO o.a.j.t.JMeterThread: Stopping: Test member Java 1-578
2026-06-24 23:42:00,947 WARN o.a.j.t.JMeterThread: Interrupting: Test member Java 1-578 sampler: sayHi
2026-06-24 23:42:00,947 INFO o.a.j.t.JMeterThread: Thread finished: Test member Java 1-457
2026-06-24 23:42:00,948 INFO o.a.j.t.JMeterThread: Stopping: Test member Java 1-608
2026-06-24 23:42:00,948 WARN o.a.j.t.JMeterThread: Interrupting: Test member Java 1-608 sampler: sayHi
2026-06-24 23:42:00,948 INFO o.a.j.t.JMeterThread: Thread finished: Test member Java 1-578
2026-06-24 23:42:00,949 INFO o.a.j.t.JMeterThread: Stopping: Test member Java 1-798
2026-06-24 23:42:00,949 WARN o.a.j.t.JMeterThread: Interrupting: Test member Java 1-798 sampler: sayHi
2026-06-24 23:42:00,950 INFO o.a.j.t.JMeterThread: Thread finished: Test member Java 1-608
2026-06-24 23:42:00,950 INFO o.a.j.t.JMeterThread: Stopping: Test member Java 1-301
2026-06-24 23:42:00,950 WARN o.a.j.t.JMeterThread: Interrupting: Test member Java 1-301 sampler: sayHi
2026-06-24 23:42:00,950 INFO o.a.j.t.JMeterThread: Thread finished: Test member Java 1-798
2026-06-24 23:42:00,951 INFO o.a.j.t.JMeterThread: Stopping: Test member Java 1-53
2026-06-24 23:42:00,951 WARN o.a.j.t.JMeterThread: Interrupting: Test member Java 1-53 sampler: sayHi
2026-06-24 23:42:00,951 INFO o.a.j.t.JMeterThread: Thread finished: Test member Java 1-301
2026-06-24 23:42:00,952 INFO o.a.j.t.JMeterThread: Stopping: Test member Java 1-80
2026-06-24 23:42:00,952 WARN o.a.j.t.JMeterThread: Interrupting: Test member Java 1-80 sampler: sayHi
2026-06-24 23:42:00,952 INFO o.a.j.t.JMeterThread: Thread finished: Test member Java 1-53
2026-06-24 23:42:00,952 INFO o.a.j.t.JMeterThread: Stopping: Test member Java 1-962
2026-06-24 23:42:00,953 WARN o.a.j.t.JMeterThread: Interrupting: Test member Java 1-962 sampler: sayHi
2026-06-24 23:42:00,954 INFO o.a.j.t.JMeterThread: Thread finished: Test member Java 1-80
2026-06-24 23:42:00,955 INFO o.a.j.t.JMeterThread: Thread finished: Test member Java 1-962
2026-06-24 23:42:00,955 INFO o.a.j.t.JMeterThread: Stopping: Test member Java 1-285
2026-06-24 23:42:00,955 WARN o.a.j.t.JMeterThread: Interrupting: Test member Java 1-285 sampler: sayHi
2026-06-24 23:42:00,957 INFO o.a.j.t.JMeterThread: Stopping: Test member Java 1-531
2026-06-24 23:42:00,957 WARN o.a.j.t.JMeterThread: Interrupting: Test member Java 1-531 sampler: sayHi
2026-06-24 23:42:00,957 INFO o.a.j.t.JMeterThread: Thread finished: Test member Java 1-285
2026-06-24 23:42:00,957 INFO o.a.j.t.JMeterThread: Stopping: Test member Java 1-529
2026-06-24 23:42:00,957 WARN o.a.j.t.JMeterThread: Interrupting: Test member Java 1-529 sampler: sayHi
2026-06-24 23:42:00,957 INFO o.a.j.t.JMeterThread: Stopping: Test member Java 1-351
2026-06-24 23:42:00,957 WARN o.a.j.t.JMeterThread: Interrupting: Test member Java 1-351 sampler: sayHi
2026-06-24 23:42:00,958 INFO o.a.j.t.JMeterThread: Thread finished: Test member Java 1-531
2026-06-24 23:42:00,959 INFO o.a.j.t.JMeterThread: Thread finished: Test member Java 1-529
2026-06-24 23:42:00,960 INFO o.a.j.t.JMeterThread: Stopping: Test member Java 1-512
2026-06-24 23:42:00,960 WARN o.a.j.t.JMeterThread: Interrupting: Test member Java 1-512 sampler: sayHi
2026-06-24 23:42:00,960 INFO o.a.j.t.JMeterThread: Thread finished: Test member Java 1-351
2026-06-24 23:42:00,960 INFO o.a.j.t.JMeterThread: Stopping: Test member Java 1-851
2026-06-24 23:42:00,960 WARN o.a.j.t.JMeterThread: Interrupting: Test member Java 1-851 sampler: sayHi
2026-06-24 23:42:00,961 INFO o.a.j.t.JMeterThread: Thread finished: Test member Java 1-512
2026-06-24 23:42:00,962 INFO o.a.j.t.JMeterThread: Stopping: Test member Java 1-994
2026-06-24 23:42:00,962 WARN o.a.j.t.JMeterThread: Interrupting: Test member Java 1-994 sampler: sayHi
2026-06-24 23:42:00,962 INFO o.a.j.t.JMeterThread: Thread finished: Test member Java 1-851
2026-06-24 23:42:00,964 INFO o.a.j.t.JMeterThread: Thread finished: Test member Java 1-994
2026-06-24 23:42:00,964 INFO o.a.j.t.JMeterThread: Stopping: Test member Java 1-519
2026-06-24 23:42:00,964 WARN o.a.j.t.JMeterThread: Interrupting: Test member Java 1-519 sampler: sayHi
2026-06-24 23:42:00,968 INFO o.a.j.t.JMeterThread: Stopping: Test member Java 1-149
2026-06-24 23:42:00,968 INFO o.a.j.t.JMeterThread: Thread finished: Test member Java 1-519
2026-06-24 23:42:00,968 WARN o.a.j.t.JMeterThread: Interrupting: Test member Java 1-149 sampler: sayHi
2026-06-24 23:42:00,970 INFO o.a.j.t.JMeterThread: Stopping: Test member Java 1-114
2026-06-24 23:42:00,970 WARN o.a.j.t.JMeterThread: Interrupting: Test member Java 1-114 sampler: sayHi
2026-06-24 23:42:00,970 INFO o.a.j.t.JMeterThread: Thread finished: Test member Java 1-149
2026-06-24 23:42:00,972 INFO o.a.j.t.JMeterThread: Stopping: Test member Java 1-692
2026-06-24 23:42:00,973 INFO o.a.j.t.JMeterThread: Thread finished: Test member Java 1-114
2026-06-24 23:42:00,973 WARN o.a.j.t.JMeterThread: Interrupting: Test member Java 1-692 sampler: sayHi
2026-06-24 23:42:00,973 INFO o.a.j.t.JMeterThread: Stopping: Test member Java 1-728
2026-06-24 23:42:00,973 WARN o.a.j.t.JMeterThread: Interrupting: Test member Java 1-728 sampler: sayHi
2026-06-24 23:42:00,973 INFO o.a.j.t.JMeterThread: Thread finished: Test member Java 1-692
2026-06-24 23:42:00,974 INFO o.a.j.t.JMeterThread: Stopping: Test member Java 1-62
2026-06-24 23:42:00,974 WARN o.a.j.t.JMeterThread: Interrupting: Test member Java 1-62 sampler: sayHi
2026-06-24 23:42:00,974 INFO o.a.j.t.JMeterThread: Thread finished: Test member Java 1-728
2026-06-24 23:42:00,975 INFO o.a.j.t.JMeterThread: Stopping: Test member Java 1-770
2026-06-24 23:42:00,975 WARN o.a.j.t.JMeterThread: Interrupting: Test member Java 1-770 sampler: sayHi
2026-06-24 23:42:00,975 INFO o.a.j.t.JMeterThread: Thread finished: Test member Java 1-62
2026-06-24 23:42:00,975 INFO o.a.j.t.JMeterThread: Stopping: Test member Java 1-596
2026-06-24 23:42:00,976 WARN o.a.j.t.JMeterThread: Interrupting: Test member Java 1-596 sampler: sayHi
2026-06-24 23:42:00,976 INFO o.a.j.t.JMeterThread: Thread finished: Test member Java 1-770
2026-06-24 23:42:00,977 INFO o.a.j.t.JMeterThread: Stopping: Test member Java 1-743
2026-06-24 23:42:00,977 WARN o.a.j.t.JMeterThread: Interrupting: Test member Java 1-743 sampler: sayHi
2026-06-24 23:42:00,977 INFO o.a.j.t.JMeterThread: Thread finished: Test member Java 1-596
2026-06-24 23:42:00,977 INFO o.a.j.t.JMeterThread: Stopping: Test member Java 1-604
2026-06-24 23:42:00,977 WARN o.a.j.t.JMeterThread: Interrupting: Test member Java 1-604 sampler: sayHi
2026-06-24 23:42:00,978 INFO o.a.j.t.JMeterThread: Stopping: Test member Java 1-25
2026-06-24 23:42:00,978 INFO o.a.j.t.JMeterThread: Thread finished: Test member Java 1-743
2026-06-24 23:42:00,978 WARN o.a.j.t.JMeterThread: Interrupting: Test member Java 1-25 sampler: sayHi
2026-06-24 23:42:00,978 INFO o.a.j.t.JMeterThread: Thread finished: Test member Java 1-604
2026-06-24 23:42:00,978 INFO o.a.j.t.JMeterThread: Stopping: Test member Java 1-361
2026-06-24 23:42:00,978 WARN o.a.j.t.JMeterThread: Interrupting: Test member Java 1-361 sampler: sayHi
2026-06-24 23:42:00,978 INFO o.a.j.t.JMeterThread: Stopping: Test member Java 1-404
2026-06-24 23:42:00,978 WARN o.a.j.t.JMeterThread: Interrupting: Test member Java 1-404 sampler: sayHi
2026-06-24 23:42:00,978 INFO o.a.j.t.JMeterThread: Stopping: Test member Java 1-656
2026-06-24 23:42:00,978 WARN o.a.j.t.JMeterThread: Interrupting: Test member Java 1-656 sampler: sayHi
2026-06-24 23:42:00,979 INFO o.a.j.t.JMeterThread: Stopping: Test member Java 1-864
2026-06-24 23:42:00,979 WARN o.a.j.t.JMeterThread: Interrupting: Test member Java 1-864 sampler: sayHi
2026-06-24 23:42:00,979 INFO o.a.j.t.JMeterThread: Stopping: Test member Java 1-575
2026-06-24 23:42:00,979 WARN o.a.j.t.JMeterThread: Interrupting: Test member Java 1-575 sampler: sayHi
2026-06-24 23:42:00,979 INFO o.a.j.t.JMeterThread: Stopping: Test member Java 1-464
2026-06-24 23:42:00,980 INFO o.a.j.t.JMeterThread: Thread finished: Test member Java 1-656
2026-06-24 23:42:00,980 INFO o.a.j.t.JMeterThread: Thread finished: Test member Java 1-361
2026-06-24 23:42:00,980 WARN o.a.j.t.JMeterThread: Interrupting: Test member Java 1-464 sampler: sayHi
2026-06-24 23:42:00,980 INFO o.a.j.t.JMeterThread: Thread finished: Test member Java 1-404
2026-06-24 23:42:00,980 INFO o.a.j.t.JMeterThread: Thread finished: Test member Java 1-864
2026-06-24 23:42:00,980 INFO o.a.j.t.JMeterThread: Stopping: Test member Java 1-951
2026-06-24 23:42:00,980 INFO o.a.j.t.JMeterThread: Thread finished: Test member Java 1-25
2026-06-24 23:42:00,980 INFO o.a.j.t.JMeterThread: Thread finished: Test member Java 1-575
2026-06-24 23:42:00,980 WARN o.a.j.t.JMeterThread: Interrupting: Test member Java 1-951 sampler: sayHi
2026-06-24 23:42:00,981 INFO o.a.j.t.JMeterThread: Stopping: Test member Java 1-392
2026-06-24 23:42:00,981 WARN o.a.j.t.JMeterThread: Interrupting: Test member Java 1-392 sampler: sayHi
2026-06-24 23:42:00,981 INFO o.a.j.t.JMeterThread: Stopping: Test member Java 1-324
2026-06-24 23:42:00,981 WARN o.a.j.t.JMeterThread: Interrupting: Test member Java 1-324 sampler: sayHi
2026-06-24 23:42:00,981 INFO o.a.j.t.JMeterThread: Stopping: Test member Java 1-625
2026-06-24 23:42:00,981 WARN o.a.j.t.JMeterThread: Interrupting: Test member Java 1-625 sampler: sayHi
2026-06-24 23:42:00,981 INFO o.a.j.t.JMeterThread: Stopping: Test member Java 1-456
2026-06-24 23:42:00,981 WARN o.a.j.t.JMeterThread: Interrupting: Test member Java 1-456 sampler: sayHi
2026-06-24 23:42:00,981 INFO o.a.j.t.JMeterThread: Thread finished: Test member Java 1-951
2026-06-24 23:42:00,981 INFO o.a.j.t.JMeterThread: Stopping: Test member Java 1-47
2026-06-24 23:42:00,981 WARN o.a.j.t.JMeterThread: Interrupting: Test member Java 1-47 sampler: sayHi
2026-06-24 23:42:00,982 INFO o.a.j.t.JMeterThread: Stopping: Test member Java 1-916
2026-06-24 23:42:00,982 WARN o.a.j.t.JMeterThread: Interrupting: Test member Java 1-916 sampler: sayHi
2026-06-24 23:42:00,982 INFO o.a.j.t.JMeterThread: Thread finished: Test member Java 1-47
2026-06-24 23:42:00,983 INFO o.a.j.t.JMeterThread: Thread finished: Test member Java 1-392
2026-06-24 23:42:00,983 INFO o.a.j.t.JMeterThread: Stopping: Test member Java 1-532
2026-06-24 23:42:00,983 WARN o.a.j.t.JMeterThread: Interrupting: Test member Java 1-532 sampler: sayHi
2026-06-24 23:42:00,983 INFO o.a.j.t.JMeterThread: Stopping: Test member Java 1-498
2026-06-24 23:42:00,983 WARN o.a.j.t.JMeterThread: Interrupting: Test member Java 1-498 sampler: sayHi
2026-06-24 23:42:00,983 INFO o.a.j.t.JMeterThread: Thread finished: Test member Java 1-464
2026-06-24 23:42:00,984 INFO o.a.j.t.JMeterThread: Thread finished: Test member Java 1-324
2026-06-24 23:42:00,984 INFO o.a.j.t.JMeterThread: Stopping: Test member Java 1-435
2026-06-24 23:42:00,984 INFO o.a.j.t.JMeterThread: Thread finished: Test member Java 1-498
2026-06-24 23:42:00,985 WARN o.a.j.t.JMeterThread: Interrupting: Test member Java 1-435 sampler: sayHi
2026-06-24 23:42:00,986 INFO o.a.j.t.JMeterThread: Stopping: Test member Java 1-542
2026-06-24 23:42:00,986 WARN o.a.j.t.JMeterThread: Interrupting: Test member Java 1-542 sampler: sayHi
2026-06-24 23:42:00,987 INFO o.a.j.t.JMeterThread: Thread finished: Test member Java 1-456
2026-06-24 23:42:00,987 INFO o.a.j.t.JMeterThread: Thread finished: Test member Java 1-625
2026-06-24 23:42:00,987 INFO o.a.j.t.JMeterThread: Thread finished: Test member Java 1-435
2026-06-24 23:42:00,988 INFO o.a.j.t.JMeterThread: Thread finished: Test member Java 1-532
2026-06-24 23:42:00,987 INFO o.a.j.t.JMeterThread: Thread finished: Test member Java 1-916
2026-06-24 23:42:00,988 INFO o.a.j.t.JMeterThread: Thread finished: Test member Java 1-542
2026-06-24 23:42:00,988 INFO o.a.j.t.JMeterThread: Stopping: Test member Java 1-54
2026-06-24 23:42:00,988 WARN o.a.j.t.JMeterThread: Interrupting: Test member Java 1-54 sampler: sayHi
2026-06-24 23:42:00,989 INFO o.a.j.t.JMeterThread: Stopping: Test member Java 1-872
2026-06-24 23:42:00,989 WARN o.a.j.t.JMeterThread: Interrupting: Test member Java 1-872 sampler: sayHi
2026-06-24 23:42:00,989 INFO o.a.j.t.JMeterThread: Stopping: Test member Java 1-96
2026-06-24 23:42:00,989 WARN o.a.j.t.JMeterThread: Interrupting: Test member Java 1-96 sampler: sayHi
2026-06-24 23:42:00,989 INFO o.a.j.t.JMeterThread: Stopping: Test member Java 1-399
2026-06-24 23:42:00,990 WARN o.a.j.t.JMeterThread: Interrupting: Test member Java 1-399 sampler: sayHi
2026-06-24 23:42:00,990 INFO o.a.j.t.JMeterThread: Thread finished: Test member Java 1-54
2026-06-24 23:42:00,990 INFO o.a.j.t.JMeterThread: Stopping: Test member Java 1-244
2026-06-24 23:42:00,991 INFO o.a.j.t.JMeterThread: Thread finished: Test member Java 1-399
2026-06-24 23:42:00,991 WARN o.a.j.t.JMeterThread: Interrupting: Test member Java 1-244 sampler: sayHi
2026-06-24 23:42:00,991 INFO o.a.j.t.JMeterThread: Thread finished: Test member Java 1-872
2026-06-24 23:42:00,991 INFO o.a.j.t.JMeterThread: Stopping: Test member Java 1-568
2026-06-24 23:42:00,991 WARN o.a.j.t.JMeterThread: Interrupting: Test member Java 1-568 sampler: sayHi
2026-06-24 23:42:00,991 INFO o.a.j.t.JMeterThread: Stopping: Test member Java 1-946
2026-06-24 23:42:00,991 WARN o.a.j.t.JMeterThread: Interrupting: Test member Java 1-946 sampler: sayHi
2026-06-24 23:42:00,991 INFO o.a.j.t.JMeterThread: Thread finished: Test member Java 1-96
2026-06-24 23:42:00,991 INFO o.a.j.t.JMeterThread: Thread finished: Test member Java 1-244
2026-06-24 23:42:00,992 INFO o.a.j.t.JMeterThread: Thread finished: Test member Java 1-568
2026-06-24 23:42:00,992 INFO o.a.j.t.JMeterThread: Stopping: Test member Java 1-350
2026-06-24 23:42:00,992 WARN o.a.j.t.JMeterThread: Interrupting: Test member Java 1-350 sampler: sayHi
2026-06-24 23:42:00,993 INFO o.a.j.t.JMeterThread: Thread finished: Test member Java 1-946
2026-06-24 23:42:00,993 INFO o.a.j.t.JMeterThread: Stopping: Test member Java 1-671
2026-06-24 23:42:00,993 WARN o.a.j.t.JMeterThread: Interrupting: Test member Java 1-671 sampler: sayHi
2026-06-24 23:42:00,993 INFO o.a.j.t.JMeterThread: Thread finished: Test member Java 1-350
2026-06-24 23:42:00,996 INFO o.a.j.t.JMeterThread: Thread finished: Test member Java 1-671
2026-06-24 23:42:00,996 INFO o.a.j.t.JMeterThread: Stopping: Test member Java 1-602
2026-06-24 23:42:00,997 WARN o.a.j.t.JMeterThread: Interrupting: Test member Java 1-602 sampler: sayHi
2026-06-24 23:42:00,998 INFO o.a.j.t.JMeterThread: Stopping: Test member Java 1-1
2026-06-24 23:42:00,998 WARN o.a.j.t.JMeterThread: Interrupting: Test member Java 1-1 sampler: sayHi
2026-06-24 23:42:00,999 INFO o.a.j.t.JMeterThread: Thread finished: Test member Java 1-602
2026-06-24 23:42:01,001 INFO o.a.j.t.JMeterThread: Stopping: Test member Java 1-345
2026-06-24 23:42:01,001 WARN o.a.j.t.JMeterThread: Interrupting: Test member Java 1-345 sampler: sayHi
2026-06-24 23:42:01,001 INFO o.a.j.t.JMeterThread: Thread finished: Test member Java 1-1
2026-06-24 23:42:01,001 INFO o.a.j.t.JMeterThread: Stopping: Test member Java 1-963
2026-06-24 23:42:01,001 WARN o.a.j.t.JMeterThread: Interrupting: Test member Java 1-963 sampler: sayHi
2026-06-24 23:42:01,002 INFO o.a.j.t.JMeterThread: Stopping: Test member Java 1-196
2026-06-24 23:42:01,002 WARN o.a.j.t.JMeterThread: Interrupting: Test member Java 1-196 sampler: sayHi
2026-06-24 23:42:01,002 INFO o.a.j.t.JMeterThread: Thread finished: Test member Java 1-345
2026-06-24 23:42:01,002 INFO o.a.j.t.JMeterThread: Stopping: Test member Java 1-780
2026-06-24 23:42:01,002 WARN o.a.j.t.JMeterThread: Interrupting: Test member Java 1-780 sampler: sayHi
2026-06-24 23:42:01,002 INFO o.a.j.t.JMeterThread: Stopping: Test member Java 1-563
2026-06-24 23:42:01,002 WARN o.a.j.t.JMeterThread: Interrupting: Test member Java 1-563 sampler: sayHi
2026-06-24 23:42:01,003 INFO o.a.j.t.JMeterThread: Thread finished: Test member Java 1-963
2026-06-24 23:42:01,003 INFO o.a.j.t.JMeterThread: Thread finished: Test member Java 1-196
2026-06-24 23:42:01,004 INFO o.a.j.t.JMeterThread: Thread finished: Test member Java 1-780
2026-06-24 23:42:01,006 INFO o.a.j.t.JMeterThread: Stopping: Test member Java 1-329
2026-06-24 23:42:01,006 WARN o.a.j.t.JMeterThread: Interrupting: Test member Java 1-329 sampler: sayHi
2026-06-24 23:42:01,006 INFO o.a.j.t.JMeterThread: Thread finished: Test member Java 1-563
2026-06-24 23:42:01,008 INFO o.a.j.t.JMeterThread: Stopping: Test member Java 1-84
2026-06-24 23:42:01,008 INFO o.a.j.t.JMeterThread: Thread finished: Test member Java 1-329
2026-06-24 23:42:01,008 WARN o.a.j.t.JMeterThread: Interrupting: Test member Java 1-84 sampler: sayHi
2026-06-24 23:42:01,009 INFO o.a.j.t.JMeterThread: Stopping: Test member Java 1-182
2026-06-24 23:42:01,009 WARN o.a.j.t.JMeterThread: Interrupting: Test member Java 1-182 sampler: sayHi
2026-06-24 23:42:01,010 INFO o.a.j.t.JMeterThread: Thread finished: Test member Java 1-84
2026-06-24 23:42:01,010 INFO o.a.j.t.JMeterThread: Stopping: Test member Java 1-609
2026-06-24 23:42:01,010 WARN o.a.j.t.JMeterThread: Interrupting: Test member Java 1-609 sampler: sayHi
2026-06-24 23:42:01,011 INFO o.a.j.t.JMeterThread: Thread finished: Test member Java 1-182
2026-06-24 23:42:01,011 INFO o.a.j.t.JMeterThread: Stopping: Test member Java 1-878
2026-06-24 23:42:01,011 WARN o.a.j.t.JMeterThread: Interrupting: Test member Java 1-878 sampler: sayHi
2026-06-24 23:42:01,011 INFO o.a.j.t.JMeterThread: Thread finished: Test member Java 1-609
2026-06-24 23:42:01,012 INFO o.a.j.t.JMeterThread: Stopping: Test member Java 1-649
2026-06-24 23:42:01,012 WARN o.a.j.t.JMeterThread: Interrupting: Test member Java 1-649 sampler: sayHi
2026-06-24 23:42:01,012 INFO o.a.j.t.JMeterThread: Thread finished: Test member Java 1-878
2026-06-24 23:42:01,014 INFO o.a.j.t.JMeterThread: Stopping: Test member Java 1-505
2026-06-24 23:42:01,014 WARN o.a.j.t.JMeterThread: Interrupting: Test member Java 1-505 sampler: sayHi
2026-06-24 23:42:01,014 INFO o.a.j.t.JMeterThread: Thread finished: Test member Java 1-649
2026-06-24 23:42:01,014 INFO o.a.j.t.JMeterThread: Stopping: Test member Java 1-752
2026-06-24 23:42:01,014 WARN o.a.j.t.JMeterThread: Interrupting: Test member Java 1-752 sampler: sayHi
2026-06-24 23:42:01,015 INFO o.a.j.t.JMeterThread: Stopping: Test member Java 1-982
2026-06-24 23:42:01,015 WARN o.a.j.t.JMeterThread: Interrupting: Test member Java 1-982 sampler: sayHi
2026-06-24 23:42:01,015 INFO o.a.j.t.JMeterThread: Thread finished: Test member Java 1-505
2026-06-24 23:42:01,015 INFO o.a.j.t.JMeterThread: Stopping: Test member Java 1-541
2026-06-24 23:42:01,015 WARN o.a.j.t.JMeterThread: Interrupting: Test member Java 1-541 sampler: sayHi
2026-06-24 23:42:01,015 INFO o.a.j.t.JMeterThread: Stopping: Test member Java 1-828
2026-06-24 23:42:01,015 WARN o.a.j.t.JMeterThread: Interrupting: Test member Java 1-828 sampler: sayHi
2026-06-24 23:42:01,015 INFO o.a.j.t.JMeterThread: Stopping: Test member Java 1-972
2026-06-24 23:42:01,016 WARN o.a.j.t.JMeterThread: Interrupting: Test member Java 1-972 sampler: sayHi
2026-06-24 23:42:01,016 INFO o.a.j.t.JMeterThread: Stopping: Test member Java 1-516
2026-06-24 23:42:01,016 WARN o.a.j.t.JMeterThread: Interrupting: Test member Java 1-516 sampler: sayHi
2026-06-24 23:42:01,016 INFO o.a.j.t.JMeterThread: Thread finished: Test member Java 1-752
2026-06-24 23:42:01,016 INFO o.a.j.t.JMeterThread: Thread finished: Test member Java 1-982
2026-06-24 23:42:01,016 INFO o.a.j.t.JMeterThread: Thread finished: Test member Java 1-541
2026-06-24 23:42:01,016 INFO o.a.j.t.JMeterThread: Thread finished: Test member Java 1-828
2026-06-24 23:42:01,016 INFO o.a.j.t.JMeterThread: Thread finished: Test member Java 1-972
2026-06-24 23:42:01,018 INFO o.a.j.t.JMeterThread: Stopping: Test member Java 1-751
2026-06-24 23:42:01,018 WARN o.a.j.t.JMeterThread: Interrupting: Test member Java 1-751 sampler: sayHi
2026-06-24 23:42:01,019 INFO o.a.j.t.JMeterThread: Thread finished: Test member Java 1-516
2026-06-24 23:42:01,021 INFO o.a.j.t.JMeterThread: Thread finished: Test member Java 1-751
2026-06-24 23:42:01,022 INFO o.a.j.t.JMeterThread: Stopping: Test member Java 1-235
2026-06-24 23:42:01,022 WARN o.a.j.t.JMeterThread: Interrupting: Test member Java 1-235 sampler: sayHi
2026-06-24 23:42:01,024 INFO o.a.j.t.JMeterThread: Stopping: Test member Java 1-280
2026-06-24 23:42:01,024 WARN o.a.j.t.JMeterThread: Interrupting: Test member Java 1-280 sampler: sayHi
2026-06-24 23:42:01,024 INFO o.a.j.t.JMeterThread: Thread finished: Test member Java 1-235
2026-06-24 23:42:01,026 INFO o.a.j.t.JMeterThread: Stopping: Test member Java 1-603
2026-06-24 23:42:01,026 WARN o.a.j.t.JMeterThread: Interrupting: Test member Java 1-603 sampler: sayHi
2026-06-24 23:42:01,026 INFO o.a.j.t.JMeterThread: Thread finished: Test member Java 1-280
2026-06-24 23:42:01,026 INFO o.a.j.t.JMeterThread: Stopping: Test member Java 1-108
2026-06-24 23:42:01,027 WARN o.a.j.t.JMeterThread: Interrupting: Test member Java 1-108 sampler: sayHi
2026-06-24 23:42:01,027 INFO o.a.j.t.JMeterThread: Thread finished: Test member Java 1-603
2026-06-24 23:42:01,028 INFO o.a.j.t.JMeterThread: Stopping: Test member Java 1-417
2026-06-24 23:42:01,029 WARN o.a.j.t.JMeterThread: Interrupting: Test member Java 1-417 sampler: sayHi
2026-06-24 23:42:01,029 INFO o.a.j.t.JMeterThread: Thread finished: Test member Java 1-108
2026-06-24 23:42:01,030 INFO o.a.j.t.JMeterThread: Stopping: Test member Java 1-998
2026-06-24 23:42:01,030 WARN o.a.j.t.JMeterThread: Interrupting: Test member Java 1-998 sampler: sayHi
2026-06-24 23:42:01,030 INFO o.a.j.t.JMeterThread: Thread finished: Test member Java 1-417
2026-06-24 23:42:01,031 INFO o.a.j.t.JMeterThread: Stopping: Test member Java 1-762
2026-06-24 23:42:01,031 WARN o.a.j.t.JMeterThread: Interrupting: Test member Java 1-762 sampler: sayHi
2026-06-24 23:42:01,031 INFO o.a.j.t.JMeterThread: Thread finished: Test member Java 1-998
2026-06-24 23:42:01,032 INFO o.a.j.t.JMeterThread: Stopping: Test member Java 1-795
2026-06-24 23:42:01,032 INFO o.a.j.t.JMeterThread: Thread finished: Test member Java 1-762
2026-06-24 23:42:01,032 WARN o.a.j.t.JMeterThread: Interrupting: Test member Java 1-795 sampler: sayHi
2026-06-24 23:42:01,034 INFO o.a.j.t.JMeterThread: Stopping: Test member Java 1-107
2026-06-24 23:42:01,034 WARN o.a.j.t.JMeterThread: Interrupting: Test member Java 1-107 sampler: sayHi
2026-06-24 23:42:01,034 INFO o.a.j.t.JMeterThread: Thread finished: Test member Java 1-795
2026-06-24 23:42:01,035 INFO o.a.j.t.JMeterThread: Stopping: Test member Java 1-584
2026-06-24 23:42:01,035 WARN o.a.j.t.JMeterThread: Interrupting: Test member Java 1-584 sampler: sayHi
2026-06-24 23:42:01,035 INFO o.a.j.t.JMeterThread: Thread finished: Test member Java 1-107
2026-06-24 23:42:01,036 INFO o.a.j.t.JMeterThread: Stopping: Test member Java 1-271
2026-06-24 23:42:01,036 WARN o.a.j.t.JMeterThread: Interrupting: Test member Java 1-271 sampler: sayHi
2026-06-24 23:42:01,036 INFO o.a.j.t.JMeterThread: Thread finished: Test member Java 1-584
2026-06-24 23:42:01,039 INFO o.a.j.t.JMeterThread: Stopping: Test member Java 1-72
2026-06-24 23:42:01,039 INFO o.a.j.t.JMeterThread: Thread finished: Test member Java 1-271
2026-06-24 23:42:01,039 WARN o.a.j.t.JMeterThread: Interrupting: Test member Java 1-72 sampler: sayHi
2026-06-24 23:42:01,039 INFO o.a.j.t.JMeterThread: Stopping: Test member Java 1-940
2026-06-24 23:42:01,039 WARN o.a.j.t.JMeterThread: Interrupting: Test member Java 1-940 sampler: sayHi
2026-06-24 23:42:01,039 INFO o.a.j.t.JMeterThread: Stopping: Test member Java 1-924
2026-06-24 23:42:01,039 WARN o.a.j.t.JMeterThread: Interrupting: Test member Java 1-924 sampler: sayHi
2026-06-24 23:42:01,039 INFO o.a.j.t.JMeterThread: Stopping: Test member Java 1-43
2026-06-24 23:42:01,039 WARN o.a.j.t.JMeterThread: Interrupting: Test member Java 1-43 sampler: sayHi
2026-06-24 23:42:01,040 INFO o.a.j.t.JMeterThread: Thread finished: Test member Java 1-72
2026-06-24 23:42:01,040 INFO o.a.j.t.JMeterThread: Stopping: Test member Java 1-148
2026-06-24 23:42:01,040 WARN o.a.j.t.JMeterThread: Interrupting: Test member Java 1-148 sampler: sayHi
2026-06-24 23:42:01,040 INFO o.a.j.t.JMeterThread: Thread finished: Test member Java 1-43
2026-06-24 23:42:01,040 INFO o.a.j.t.JMeterThread: Thread finished: Test member Java 1-940
2026-06-24 23:42:01,041 INFO o.a.j.t.JMeterThread: Thread finished: Test member Java 1-924
2026-06-24 23:42:01,041 INFO o.a.j.t.JMeterThread: Stopping: Test member Java 1-422
2026-06-24 23:42:01,041 WARN o.a.j.t.JMeterThread: Interrupting: Test member Java 1-422 sampler: sayHi
2026-06-24 23:42:01,042 INFO o.a.j.t.JMeterThread: Stopping: Test member Java 1-144
2026-06-24 23:42:01,042 WARN o.a.j.t.JMeterThread: Interrupting: Test member Java 1-144 sampler: sayHi
2026-06-24 23:42:01,042 INFO o.a.j.t.JMeterThread: Thread finished: Test member Java 1-148
2026-06-24 23:42:01,042 INFO o.a.j.t.JMeterThread: Stopping: Test member Java 1-527
2026-06-24 23:42:01,042 WARN o.a.j.t.JMeterThread: Interrupting: Test member Java 1-527 sampler: sayHi
2026-06-24 23:42:01,042 INFO o.a.j.t.JMeterThread: Thread finished: Test member Java 1-422
2026-06-24 23:42:01,042 INFO o.a.j.t.JMeterThread: Thread finished: Test member Java 1-144
2026-06-24 23:42:01,044 INFO o.a.j.t.JMeterThread: Thread finished: Test member Java 1-527
2026-06-24 23:42:01,045 INFO o.a.j.t.JMeterThread: Stopping: Test member Java 1-911
2026-06-24 23:42:01,045 WARN o.a.j.t.JMeterThread: Interrupting: Test member Java 1-911 sampler: sayHi
2026-06-24 23:42:01,046 INFO o.a.j.t.JMeterThread: Stopping: Test member Java 1-415
2026-06-24 23:42:01,046 WARN o.a.j.t.JMeterThread: Interrupting: Test member Java 1-415 sampler: sayHi
2026-06-24 23:42:01,046 INFO o.a.j.t.JMeterThread: Stopping: Test member Java 1-922
2026-06-24 23:42:01,046 INFO o.a.j.t.JMeterThread: Thread finished: Test member Java 1-911
2026-06-24 23:42:01,046 WARN o.a.j.t.JMeterThread: Interrupting: Test member Java 1-922 sampler: sayHi
2026-06-24 23:42:01,046 INFO o.a.j.t.JMeterThread: Thread finished: Test member Java 1-415
2026-06-24 23:42:01,048 INFO o.a.j.t.JMeterThread: Stopping: Test member Java 1-245
2026-06-24 23:42:01,048 INFO o.a.j.t.JMeterThread: Thread finished: Test member Java 1-922
2026-06-24 23:42:01,048 WARN o.a.j.t.JMeterThread: Interrupting: Test member Java 1-245 sampler: sayHi
2026-06-24 23:42:01,050 INFO o.a.j.t.JMeterThread: Stopping: Test member Java 1-806
2026-06-24 23:42:01,050 WARN o.a.j.t.JMeterThread: Interrupting: Test member Java 1-806 sampler: sayHi
2026-06-24 23:42:01,050 INFO o.a.j.t.JMeterThread: Thread finished: Test member Java 1-245
2026-06-24 23:42:01,051 INFO o.a.j.t.JMeterThread: Stopping: Test member Java 1-23
2026-06-24 23:42:01,051 WARN o.a.j.t.JMeterThread: Interrupting: Test member Java 1-23 sampler: sayHi
2026-06-24 23:42:01,051 INFO o.a.j.t.JMeterThread: Thread finished: Test member Java 1-806
2026-06-24 23:42:01,054 INFO o.a.j.t.JMeterThread: Thread finished: Test member Java 1-23
2026-06-24 23:42:01,054 INFO o.a.j.t.JMeterThread: Stopping: Test member Java 1-127
2026-06-24 23:42:01,054 WARN o.a.j.t.JMeterThread: Interrupting: Test member Java 1-127 sampler: sayHi
2026-06-24 23:42:01,055 INFO o.a.j.t.JMeterThread: Thread finished: Test member Java 1-127
2026-06-24 23:42:01,055 INFO o.a.j.t.JMeterThread: Stopping: Test member Java 1-446
2026-06-24 23:42:01,055 WARN o.a.j.t.JMeterThread: Interrupting: Test member Java 1-446 sampler: sayHi
2026-06-24 23:42:01,057 INFO o.a.j.t.JMeterThread: Stopping: Test member Java 1-112
2026-06-24 23:42:01,057 INFO o.a.j.t.JMeterThread: Thread finished: Test member Java 1-446
2026-06-24 23:42:01,057 WARN o.a.j.t.JMeterThread: Interrupting: Test member Java 1-112 sampler: sayHi
2026-06-24 23:42:01,057 INFO o.a.j.t.JMeterThread: Stopping: Test member Java 1-890
2026-06-24 23:42:01,057 WARN o.a.j.t.JMeterThread: Interrupting: Test member Java 1-890 sampler: sayHi
2026-06-24 23:42:01,058 INFO o.a.j.t.JMeterThread: Thread finished: Test member Java 1-112
2026-06-24 23:42:01,059 INFO o.a.j.t.JMeterThread: Stopping: Test member Java 1-742
2026-06-24 23:42:01,059 INFO o.a.j.t.JMeterThread: Thread finished: Test member Java 1-890
2026-06-24 23:42:01,059 WARN o.a.j.t.JMeterThread: Interrupting: Test member Java 1-742 sampler: sayHi
2026-06-24 23:42:01,059 INFO o.a.j.t.JMeterThread: Stopping: Test member Java 1-458
2026-06-24 23:42:01,059 WARN o.a.j.t.JMeterThread: Interrupting: Test member Java 1-458 sampler: sayHi
2026-06-24 23:42:01,060 INFO o.a.j.t.JMeterThread: Thread finished: Test member Java 1-742
2026-06-24 23:42:01,060 INFO o.a.j.t.JMeterThread: Stopping: Test member Java 1-81
2026-06-24 23:42:01,060 WARN o.a.j.t.JMeterThread: Interrupting: Test member Java 1-81 sampler: sayHi
2026-06-24 23:42:01,060 INFO o.a.j.t.JMeterThread: Thread finished: Test member Java 1-458
2026-06-24 23:42:01,061 INFO o.a.j.t.JMeterThread: Stopping: Test member Java 1-484
2026-06-24 23:42:01,061 WARN o.a.j.t.JMeterThread: Interrupting: Test member Java 1-484 sampler: sayHi
2026-06-24 23:42:01,061 INFO o.a.j.t.JMeterThread: Stopping: Test member Java 1-406
2026-06-24 23:42:01,061 INFO o.a.j.t.JMeterThread: Thread finished: Test member Java 1-81
2026-06-24 23:42:01,061 WARN o.a.j.t.JMeterThread: Interrupting: Test member Java 1-406 sampler: sayHi
2026-06-24 23:42:01,062 INFO o.a.j.t.JMeterThread: Stopping: Test member Java 1-410
2026-06-24 23:42:01,062 WARN o.a.j.t.JMeterThread: Interrupting: Test member Java 1-410 sampler: sayHi
2026-06-24 23:42:01,062 INFO o.a.j.t.JMeterThread: Thread finished: Test member Java 1-406
2026-06-24 23:42:01,062 INFO o.a.j.t.JMeterThread: Thread finished: Test member Java 1-484
2026-06-24 23:42:01,062 INFO o.a.j.t.JMeterThread: Stopping: Test member Java 1-788
2026-06-24 23:42:01,062 WARN o.a.j.t.JMeterThread: Interrupting: Test member Java 1-788 sampler: sayHi
2026-06-24 23:42:01,062 INFO o.a.j.t.JMeterThread: Thread finished: Test member Java 1-410
2026-06-24 23:42:01,063 INFO o.a.j.t.JMeterThread: Stopping: Test member Java 1-621
2026-06-24 23:42:01,063 WARN o.a.j.t.JMeterThread: Interrupting: Test member Java 1-621 sampler: sayHi
2026-06-24 23:42:01,063 INFO o.a.j.t.JMeterThread: Thread finished: Test member Java 1-788
2026-06-24 23:42:01,064 INFO o.a.j.t.JMeterThread: Stopping: Test member Java 1-310
2026-06-24 23:42:01,065 WARN o.a.j.t.JMeterThread: Interrupting: Test member Java 1-310 sampler: sayHi
2026-06-24 23:42:01,065 INFO o.a.j.t.JMeterThread: Thread finished: Test member Java 1-621
2026-06-24 23:42:01,067 INFO o.a.j.t.JMeterThread: Thread finished: Test member Java 1-310
2026-06-24 23:42:01,067 INFO o.a.j.t.JMeterThread: Stopping: Test member Java 1-826
2026-06-24 23:42:01,067 WARN o.a.j.t.JMeterThread: Interrupting: Test member Java 1-826 sampler: sayHi
2026-06-24 23:42:01,067 INFO o.a.j.t.JMeterThread: Stopping: Test member Java 1-156
2026-06-24 23:42:01,067 WARN o.a.j.t.JMeterThread: Interrupting: Test member Java 1-156 sampler: sayHi
2026-06-24 23:42:01,068 INFO o.a.j.t.JMeterThread: Thread finished: Test member Java 1-826
2026-06-24 23:42:01,068 INFO o.a.j.t.JMeterThread: Stopping: Test member Java 1-827
2026-06-24 23:42:01,068 WARN o.a.j.t.JMeterThread: Interrupting: Test member Java 1-827 sampler: sayHi
2026-06-24 23:42:01,068 INFO o.a.j.t.JMeterThread: Thread finished: Test member Java 1-156
2026-06-24 23:42:01,068 INFO o.a.j.t.JMeterThread: Stopping: Test member Java 1-199
2026-06-24 23:42:01,068 WARN o.a.j.t.JMeterThread: Interrupting: Test member Java 1-199 sampler: sayHi
2026-06-24 23:42:01,069 INFO o.a.j.t.JMeterThread: Thread finished: Test member Java 1-827
2026-06-24 23:42:01,069 INFO o.a.j.t.JMeterThread: Stopping: Test member Java 1-430
2026-06-24 23:42:01,069 WARN o.a.j.t.JMeterThread: Interrupting: Test member Java 1-430 sampler: sayHi
2026-06-24 23:42:01,070 INFO o.a.j.t.JMeterThread: Thread finished: Test member Java 1-199
2026-06-24 23:42:01,072 INFO o.a.j.t.JMeterThread: Stopping: Test member Java 1-917
2026-06-24 23:42:01,072 WARN o.a.j.t.JMeterThread: Interrupting: Test member Java 1-917 sampler: sayHi
2026-06-24 23:42:01,072 INFO o.a.j.t.JMeterThread: Thread finished: Test member Java 1-430
2026-06-24 23:42:01,072 INFO o.a.j.t.JMeterThread: Stopping: Test member Java 1-646
2026-06-24 23:42:01,072 WARN o.a.j.t.JMeterThread: Interrupting: Test member Java 1-646 sampler: sayHi
2026-06-24 23:42:01,073 INFO o.a.j.t.JMeterThread: Thread finished: Test member Java 1-917
2026-06-24 23:42:01,073 INFO o.a.j.t.JMeterThread: Stopping: Test member Java 1-136
2026-06-24 23:42:01,073 WARN o.a.j.t.JMeterThread: Interrupting: Test member Java 1-136 sampler: sayHi
2026-06-24 23:42:01,073 INFO o.a.j.t.JMeterThread: Thread finished: Test member Java 1-646
2026-06-24 23:42:01,074 INFO o.a.j.t.JMeterThread: Stopping: Test member Java 1-338
2026-06-24 23:42:01,074 WARN o.a.j.t.JMeterThread: Interrupting: Test member Java 1-338 sampler: sayHi
2026-06-24 23:42:01,074 INFO o.a.j.t.JMeterThread: Thread finished: Test member Java 1-136
2026-06-24 23:42:01,075 INFO o.a.j.t.JMeterThread: Stopping: Test member Java 1-993
2026-06-24 23:42:01,075 WARN o.a.j.t.JMeterThread: Interrupting: Test member Java 1-993 sampler: sayHi
2026-06-24 23:42:01,075 INFO o.a.j.t.JMeterThread: Thread finished: Test member Java 1-338
2026-06-24 23:42:01,076 INFO o.a.j.t.JMeterThread: Stopping: Test member Java 1-769
2026-06-24 23:42:01,076 WARN o.a.j.t.JMeterThread: Interrupting: Test member Java 1-769 sampler: sayHi
2026-06-24 23:42:01,076 INFO o.a.j.t.JMeterThread: Thread finished: Test member Java 1-993
2026-06-24 23:42:01,078 INFO o.a.j.t.JMeterThread: Stopping: Test member Java 1-439
2026-06-24 23:42:01,078 WARN o.a.j.t.JMeterThread: Interrupting: Test member Java 1-439 sampler: sayHi
2026-06-24 23:42:01,078 INFO o.a.j.t.JMeterThread: Thread finished: Test member Java 1-769
2026-06-24 23:42:01,079 INFO o.a.j.t.JMeterThread: Stopping: Test member Java 1-459
2026-06-24 23:42:01,079 WARN o.a.j.t.JMeterThread: Interrupting: Test member Java 1-459 sampler: sayHi
2026-06-24 23:42:01,079 INFO o.a.j.t.JMeterThread: Thread finished: Test member Java 1-439
2026-06-24 23:42:01,080 INFO o.a.j.t.JMeterThread: Stopping: Test member Java 1-875
2026-06-24 23:42:01,080 WARN o.a.j.t.JMeterThread: Interrupting: Test member Java 1-875 sampler: sayHi
2026-06-24 23:42:01,080 INFO o.a.j.t.JMeterThread: Thread finished: Test member Java 1-459
2026-06-24 23:42:01,081 INFO o.a.j.t.JMeterThread: Thread finished: Test member Java 1-875
2026-06-24 23:42:01,081 INFO o.a.j.t.JMeterThread: Stopping: Test member Java 1-933
2026-06-24 23:42:01,081 WARN o.a.j.t.JMeterThread: Interrupting: Test member Java 1-933 sampler: sayHi
2026-06-24 23:42:01,082 INFO o.a.j.t.JMeterThread: Stopping: Test member Java 1-318
2026-06-24 23:42:01,082 WARN o.a.j.t.JMeterThread: Interrupting: Test member Java 1-318 sampler: sayHi
2026-06-24 23:42:01,082 INFO o.a.j.t.JMeterThread: Stopping: Test member Java 1-489
2026-06-24 23:42:01,082 INFO o.a.j.t.JMeterThread: Thread finished: Test member Java 1-933
2026-06-24 23:42:01,082 WARN o.a.j.t.JMeterThread: Interrupting: Test member Java 1-489 sampler: sayHi
2026-06-24 23:42:01,082 INFO o.a.j.t.JMeterThread: Stopping: Test member Java 1-320
2026-06-24 23:42:01,082 WARN o.a.j.t.JMeterThread: Interrupting: Test member Java 1-320 sampler: sayHi
2026-06-24 23:42:01,082 INFO o.a.j.t.JMeterThread: Thread finished: Test member Java 1-318
2026-06-24 23:42:01,083 INFO o.a.j.t.JMeterThread: Stopping: Test member Java 1-919
2026-06-24 23:42:01,083 WARN o.a.j.t.JMeterThread: Interrupting: Test member Java 1-919 sampler: sayHi
2026-06-24 23:42:01,083 INFO o.a.j.t.JMeterThread: Stopping: Test member Java 1-294
2026-06-24 23:42:01,083 INFO o.a.j.t.JMeterThread: Thread finished: Test member Java 1-489
2026-06-24 23:42:01,083 WARN o.a.j.t.JMeterThread: Interrupting: Test member Java 1-294 sampler: sayHi
2026-06-24 23:42:01,083 INFO o.a.j.t.JMeterThread: Thread finished: Test member Java 1-320
2026-06-24 23:42:01,083 INFO o.a.j.t.JMeterThread: Thread finished: Test member Java 1-919
2026-06-24 23:42:01,085 INFO o.a.j.t.JMeterThread: Thread finished: Test member Java 1-294
2026-06-24 23:42:01,085 INFO o.a.j.t.JMeterThread: Stopping: Test member Java 1-147
2026-06-24 23:42:01,086 WARN o.a.j.t.JMeterThread: Interrupting: Test member Java 1-147 sampler: sayHi
2026-06-24 23:42:01,087 INFO o.a.j.t.JMeterThread: Stopping: Test member Java 1-702
2026-06-24 23:42:01,087 INFO o.a.j.t.JMeterThread: Thread finished: Test member Java 1-147
2026-06-24 23:42:01,087 WARN o.a.j.t.JMeterThread: Interrupting: Test member Java 1-702 sampler: sayHi
2026-06-24 23:42:01,089 INFO o.a.j.t.JMeterThread: Thread finished: Test member Java 1-702
2026-06-24 23:42:01,089 INFO o.a.j.t.JMeterThread: Stopping: Test member Java 1-894
2026-06-24 23:42:01,089 WARN o.a.j.t.JMeterThread: Interrupting: Test member Java 1-894 sampler: sayHi
2026-06-24 23:42:01,091 INFO o.a.j.t.JMeterThread: Stopping: Test member Java 1-715
2026-06-24 23:42:01,091 WARN o.a.j.t.JMeterThread: Interrupting: Test member Java 1-715 sampler: sayHi
2026-06-24 23:42:01,091 INFO o.a.j.t.JMeterThread: Thread finished: Test member Java 1-894
2026-06-24 23:42:01,092 INFO o.a.j.t.JMeterThread: Stopping: Test member Java 1-823
2026-06-24 23:42:01,092 INFO o.a.j.t.JMeterThread: Thread finished: Test member Java 1-715
2026-06-24 23:42:01,093 WARN o.a.j.t.JMeterThread: Interrupting: Test member Java 1-823 sampler: sayHi
2026-06-24 23:42:01,093 INFO o.a.j.t.JMeterThread: Stopping: Test member Java 1-566
2026-06-24 23:42:01,093 WARN o.a.j.t.JMeterThread: Interrupting: Test member Java 1-566 sampler: sayHi
2026-06-24 23:42:01,094 INFO o.a.j.t.JMeterThread: Thread finished: Test member Java 1-823
2026-06-24 23:42:01,095 INFO o.a.j.t.JMeterThread: Stopping: Test member Java 1-525
2026-06-24 23:42:01,095 WARN o.a.j.t.JMeterThread: Interrupting: Test member Java 1-525 sampler: sayHi
2026-06-24 23:42:01,095 INFO o.a.j.t.JMeterThread: Thread finished: Test member Java 1-566
2026-06-24 23:42:01,096 INFO o.a.j.t.JMeterThread: Stopping: Test member Java 1-428
2026-06-24 23:42:01,096 WARN o.a.j.t.JMeterThread: Interrupting: Test member Java 1-428 sampler: sayHi
2026-06-24 23:42:01,096 INFO o.a.j.t.JMeterThread: Thread finished: Test member Java 1-525
2026-06-24 23:42:01,096 INFO o.a.j.t.JMeterThread: Stopping: Test member Java 1-165
2026-06-24 23:42:01,096 WARN o.a.j.t.JMeterThread: Interrupting: Test member Java 1-165 sampler: sayHi
2026-06-24 23:42:01,096 INFO o.a.j.t.JMeterThread: Stopping: Test member Java 1-395
2026-06-24 23:42:01,096 WARN o.a.j.t.JMeterThread: Interrupting: Test member Java 1-395 sampler: sayHi
2026-06-24 23:42:01,097 INFO o.a.j.t.JMeterThread: Stopping: Test member Java 1-378
2026-06-24 23:42:01,097 INFO o.a.j.t.JMeterThread: Thread finished: Test member Java 1-395
2026-06-24 23:42:01,097 WARN o.a.j.t.JMeterThread: Interrupting: Test member Java 1-378 sampler: sayHi
2026-06-24 23:42:01,097 INFO o.a.j.t.JMeterThread: Thread finished: Test member Java 1-428
2026-06-24 23:42:01,097 INFO o.a.j.t.JMeterThread: Thread finished: Test member Java 1-165
2026-06-24 23:42:01,100 INFO o.a.j.t.JMeterThread: Stopping: Test member Java 1-857
2026-06-24 23:42:01,100 INFO o.a.j.t.JMeterThread: Thread finished: Test member Java 1-378
2026-06-24 23:42:01,100 WARN o.a.j.t.JMeterThread: Interrupting: Test member Java 1-857 sampler: sayHi
2026-06-24 23:42:01,100 INFO o.a.j.t.JMeterThread: Stopping: Test member Java 1-336
2026-06-24 23:42:01,100 WARN o.a.j.t.JMeterThread: Interrupting: Test member Java 1-336 sampler: sayHi
2026-06-24 23:42:01,101 INFO o.a.j.t.JMeterThread: Thread finished: Test member Java 1-857
2026-06-24 23:42:01,101 INFO o.a.j.t.JMeterThread: Stopping: Test member Java 1-367
2026-06-24 23:42:01,101 WARN o.a.j.t.JMeterThread: Interrupting: Test member Java 1-367 sampler: sayHi
2026-06-24 23:42:01,101 INFO o.a.j.t.JMeterThread: Thread finished: Test member Java 1-336
2026-06-24 23:42:01,101 INFO o.a.j.t.JMeterThread: Stopping: Test member Java 1-567
2026-06-24 23:42:01,101 WARN o.a.j.t.JMeterThread: Interrupting: Test member Java 1-567 sampler: sayHi
2026-06-24 23:42:01,101 INFO o.a.j.t.JMeterThread: Stopping: Test member Java 1-653
2026-06-24 23:42:01,101 WARN o.a.j.t.JMeterThread: Interrupting: Test member Java 1-653 sampler: sayHi
2026-06-24 23:42:01,101 INFO o.a.j.t.JMeterThread: Thread finished: Test member Java 1-367
2026-06-24 23:42:01,102 INFO o.a.j.t.JMeterThread: Thread finished: Test member Java 1-567
2026-06-24 23:42:01,102 INFO o.a.j.t.JMeterThread: Stopping: Test member Java 1-229
2026-06-24 23:42:01,103 WARN o.a.j.t.JMeterThread: Interrupting: Test member Java 1-229 sampler: sayHi
2026-06-24 23:42:01,103 INFO o.a.j.t.JMeterThread: Thread finished: Test member Java 1-653
2026-06-24 23:42:01,105 INFO o.a.j.t.JMeterThread: Stopping: Test member Java 1-837
2026-06-24 23:42:01,105 WARN o.a.j.t.JMeterThread: Interrupting: Test member Java 1-837 sampler: sayHi
2026-06-24 23:42:01,105 INFO o.a.j.t.JMeterThread: Thread finished: Test member Java 1-229
2026-06-24 23:42:01,105 INFO o.a.j.t.JMeterThread: Stopping: Test member Java 1-906
2026-06-24 23:42:01,105 WARN o.a.j.t.JMeterThread: Interrupting: Test member Java 1-906 sampler: sayHi
2026-06-24 23:42:01,106 INFO o.a.j.t.JMeterThread: Stopping: Test member Java 1-992
2026-06-24 23:42:01,106 WARN o.a.j.t.JMeterThread: Interrupting: Test member Java 1-992 sampler: sayHi
2026-06-24 23:42:01,106 INFO o.a.j.t.JMeterThread: Stopping: Test member Java 1-820
2026-06-24 23:42:01,106 WARN o.a.j.t.JMeterThread: Interrupting: Test member Java 1-820 sampler: sayHi
2026-06-24 23:42:01,106 INFO o.a.j.t.JMeterThread: Thread finished: Test member Java 1-906
2026-06-24 23:42:01,106 INFO o.a.j.t.JMeterThread: Thread finished: Test member Java 1-837
2026-06-24 23:42:01,106 INFO o.a.j.t.JMeterThread: Stopping: Test member Java 1-651
2026-06-24 23:42:01,106 INFO o.a.j.t.JMeterThread: Thread finished: Test member Java 1-992
2026-06-24 23:42:01,107 WARN o.a.j.t.JMeterThread: Interrupting: Test member Java 1-651 sampler: sayHi
2026-06-24 23:42:01,107 INFO o.a.j.t.JMeterThread: Thread finished: Test member Java 1-820
2026-06-24 23:42:01,108 INFO o.a.j.t.JMeterThread: Thread finished: Test member Java 1-651
2026-06-24 23:42:01,109 INFO o.a.j.t.JMeterThread: Stopping: Test member Java 1-126
2026-06-24 23:42:01,110 WARN o.a.j.t.JMeterThread: Interrupting: Test member Java 1-126 sampler: sayHi
2026-06-24 23:42:01,110 INFO o.a.j.t.JMeterThread: Stopping: Test member Java 1-110
2026-06-24 23:42:01,110 WARN o.a.j.t.JMeterThread: Interrupting: Test member Java 1-110 sampler: sayHi
2026-06-24 23:42:01,111 INFO o.a.j.t.JMeterThread: Thread finished: Test member Java 1-126
2026-06-24 23:42:01,111 INFO o.a.j.t.JMeterThread: Stopping: Test member Java 1-807
2026-06-24 23:42:01,111 WARN o.a.j.t.JMeterThread: Interrupting: Test member Java 1-807 sampler: sayHi
2026-06-24 23:42:01,111 INFO o.a.j.t.JMeterThread: Thread finished: Test member Java 1-110
2026-06-24 23:42:01,111 INFO o.a.j.t.JMeterThread: Stopping: Test member Java 1-176
2026-06-24 23:42:01,111 WARN o.a.j.t.JMeterThread: Interrupting: Test member Java 1-176 sampler: sayHi
2026-06-24 23:42:01,112 INFO o.a.j.t.JMeterThread: Thread finished: Test member Java 1-807
2026-06-24 23:42:01,112 INFO o.a.j.t.JMeterThread: Stopping: Test member Java 1-615
2026-06-24 23:42:01,112 INFO o.a.j.t.JMeterThread: Thread finished: Test member Java 1-176
2026-06-24 23:42:01,112 WARN o.a.j.t.JMeterThread: Interrupting: Test member Java 1-615 sampler: sayHi
2026-06-24 23:42:01,114 INFO o.a.j.t.JMeterThread: Stopping: Test member Java 1-899
2026-06-24 23:42:01,114 WARN o.a.j.t.JMeterThread: Interrupting: Test member Java 1-899 sampler: sayHi
2026-06-24 23:42:01,114 INFO o.a.j.t.JMeterThread: Thread finished: Test member Java 1-615
2026-06-24 23:42:01,115 INFO o.a.j.t.JMeterThread: Stopping: Test member Java 1-26
2026-06-24 23:42:01,115 WARN o.a.j.t.JMeterThread: Interrupting: Test member Java 1-26 sampler: sayHi
2026-06-24 23:42:01,115 INFO o.a.j.t.JMeterThread: Thread finished: Test member Java 1-899
2026-06-24 23:42:01,115 INFO o.a.j.t.JMeterThread: Stopping: Test member Java 1-158
2026-06-24 23:42:01,115 WARN o.a.j.t.JMeterThread: Interrupting: Test member Java 1-158 sampler: sayHi
2026-06-24 23:42:01,115 INFO o.a.j.t.JMeterThread: Thread finished: Test member Java 1-26
2026-06-24 23:42:01,116 INFO o.a.j.t.JMeterThread: Stopping: Test member Java 1-463
2026-06-24 23:42:01,116 WARN o.a.j.t.JMeterThread: Interrupting: Test member Java 1-463 sampler: sayHi
2026-06-24 23:42:01,116 INFO o.a.j.t.JMeterThread: Thread finished: Test member Java 1-158
2026-06-24 23:42:01,117 INFO o.a.j.t.JMeterThread: Stopping: Test member Java 1-362
2026-06-24 23:42:01,117 WARN o.a.j.t.JMeterThread: Interrupting: Test member Java 1-362 sampler: sayHi
2026-06-24 23:42:01,117 INFO o.a.j.t.JMeterThread: Thread finished: Test member Java 1-463
2026-06-24 23:42:01,118 INFO o.a.j.t.JMeterThread: Stopping: Test member Java 1-323
2026-06-24 23:42:01,118 WARN o.a.j.t.JMeterThread: Interrupting: Test member Java 1-323 sampler: sayHi
2026-06-24 23:42:01,118 INFO o.a.j.t.JMeterThread: Thread finished: Test member Java 1-362
2026-06-24 23:42:01,121 INFO o.a.j.t.JMeterThread: Stopping: Test member Java 1-538
2026-06-24 23:42:01,122 INFO o.a.j.t.JMeterThread: Thread finished: Test member Java 1-323
2026-06-24 23:42:01,122 WARN o.a.j.t.JMeterThread: Interrupting: Test member Java 1-538 sampler: sayHi
2026-06-24 23:42:01,123 INFO o.a.j.t.JMeterThread: Stopping: Test member Java 1-143
2026-06-24 23:42:01,123 WARN o.a.j.t.JMeterThread: Interrupting: Test member Java 1-143 sampler: sayHi
2026-06-24 23:42:01,123 INFO o.a.j.t.JMeterThread: Thread finished: Test member Java 1-538
2026-06-24 23:42:01,124 INFO o.a.j.t.JMeterThread: Stopping: Test member Java 1-663
2026-06-24 23:42:01,124 WARN o.a.j.t.JMeterThread: Interrupting: Test member Java 1-663 sampler: sayHi
2026-06-24 23:42:01,124 INFO o.a.j.t.JMeterThread: Thread finished: Test member Java 1-143
2026-06-24 23:42:01,124 INFO o.a.j.t.JMeterThread: Thread finished: Test member Java 1-663
2026-06-24 23:42:01,124 INFO o.a.j.t.JMeterThread: Stopping: Test member Java 1-382
2026-06-24 23:42:01,125 WARN o.a.j.t.JMeterThread: Interrupting: Test member Java 1-382 sampler: sayHi
2026-06-24 23:42:01,125 INFO o.a.j.t.JMeterThread: Stopping: Test member Java 1-372
2026-06-24 23:42:01,125 WARN o.a.j.t.JMeterThread: Interrupting: Test member Java 1-372 sampler: sayHi
2026-06-24 23:42:01,125 INFO o.a.j.t.JMeterThread: Stopping: Test member Java 1-222
2026-06-24 23:42:01,125 WARN o.a.j.t.JMeterThread: Interrupting: Test member Java 1-222 sampler: sayHi
2026-06-24 23:42:01,126 INFO o.a.j.t.JMeterThread: Thread finished: Test member Java 1-382
2026-06-24 23:42:01,126 INFO o.a.j.t.JMeterThread: Thread finished: Test member Java 1-372
2026-06-24 23:42:01,127 INFO o.a.j.t.JMeterThread: Stopping: Test member Java 1-718
2026-06-24 23:42:01,128 WARN o.a.j.t.JMeterThread: Interrupting: Test member Java 1-718 sampler: sayHi
2026-06-24 23:42:01,128 INFO o.a.j.t.JMeterThread: Thread finished: Test member Java 1-222
2026-06-24 23:42:01,128 INFO o.a.j.t.JMeterThread: Stopping: Test member Java 1-154
2026-06-24 23:42:01,128 WARN o.a.j.t.JMeterThread: Interrupting: Test member Java 1-154 sampler: sayHi
2026-06-24 23:42:01,128 INFO o.a.j.t.JMeterThread: Thread finished: Test member Java 1-718
2026-06-24 23:42:01,130 INFO o.a.j.t.JMeterThread: Stopping: Test member Java 1-619
2026-06-24 23:42:01,130 WARN o.a.j.t.JMeterThread: Interrupting: Test member Java 1-619 sampler: sayHi
2026-06-24 23:42:01,130 INFO o.a.j.t.JMeterThread: Thread finished: Test member Java 1-154
2026-06-24 23:42:01,131 INFO o.a.j.t.JMeterThread: Stopping: Test member Java 1-983
2026-06-24 23:42:01,131 WARN o.a.j.t.JMeterThread: Interrupting: Test member Java 1-983 sampler: sayHi
2026-06-24 23:42:01,131 INFO o.a.j.t.JMeterThread: Thread finished: Test member Java 1-619
2026-06-24 23:42:01,131 INFO o.a.j.t.JMeterThread: Stopping: Test member Java 1-804
2026-06-24 23:42:01,131 WARN o.a.j.t.JMeterThread: Interrupting: Test member Java 1-804 sampler: sayHi
2026-06-24 23:42:01,131 INFO o.a.j.t.JMeterThread: Stopping: Test member Java 1-263
2026-06-24 23:42:01,131 WARN o.a.j.t.JMeterThread: Interrupting: Test member Java 1-263 sampler: sayHi
2026-06-24 23:42:01,132 INFO o.a.j.t.JMeterThread: Thread finished: Test member Java 1-983
2026-06-24 23:42:01,132 INFO o.a.j.t.JMeterThread: Stopping: Test member Java 1-732
2026-06-24 23:42:01,132 WARN o.a.j.t.JMeterThread: Interrupting: Test member Java 1-732 sampler: sayHi
2026-06-24 23:42:01,132 INFO o.a.j.t.JMeterThread: Stopping: Test member Java 1-485
2026-06-24 23:42:01,132 INFO o.a.j.t.JMeterThread: Thread finished: Test member Java 1-263
2026-06-24 23:42:01,132 WARN o.a.j.t.JMeterThread: Interrupting: Test member Java 1-485 sampler: sayHi
2026-06-24 23:42:01,132 INFO o.a.j.t.JMeterThread: Stopping: Test member Java 1-32
2026-06-24 23:42:01,132 WARN o.a.j.t.JMeterThread: Interrupting: Test member Java 1-32 sampler: sayHi
2026-06-24 23:42:01,132 INFO o.a.j.t.JMeterThread: Thread finished: Test member Java 1-804
2026-06-24 23:42:01,133 INFO o.a.j.t.JMeterThread: Thread finished: Test member Java 1-485
2026-06-24 23:42:01,133 INFO o.a.j.t.JMeterThread: Thread finished: Test member Java 1-732
2026-06-24 23:42:01,133 INFO o.a.j.t.JMeterThread: Stopping: Test member Java 1-796
2026-06-24 23:42:01,134 WARN o.a.j.t.JMeterThread: Interrupting: Test member Java 1-796 sampler: sayHi
2026-06-24 23:42:01,134 INFO o.a.j.t.JMeterThread: Thread finished: Test member Java 1-32
2026-06-24 23:42:01,134 INFO o.a.j.t.JMeterThread: Stopping: Test member Java 1-282
2026-06-24 23:42:01,134 WARN o.a.j.t.JMeterThread: Interrupting: Test member Java 1-282 sampler: sayHi
2026-06-24 23:42:01,135 INFO o.a.j.t.JMeterThread: Thread finished: Test member Java 1-796
2026-06-24 23:42:01,136 INFO o.a.j.t.JMeterThread: Stopping: Test member Java 1-861
2026-06-24 23:42:01,136 WARN o.a.j.t.JMeterThread: Interrupting: Test member Java 1-861 sampler: sayHi
2026-06-24 23:42:01,136 INFO o.a.j.t.JMeterThread: Thread finished: Test member Java 1-282
2026-06-24 23:42:01,136 INFO o.a.j.t.JMeterThread: Stopping: Test member Java 1-495
2026-06-24 23:42:01,136 WARN o.a.j.t.JMeterThread: Interrupting: Test member Java 1-495 sampler: sayHi
2026-06-24 23:42:01,137 INFO o.a.j.t.JMeterThread: Thread finished: Test member Java 1-861
2026-06-24 23:42:01,138 INFO o.a.j.t.JMeterThread: Stopping: Test member Java 1-376
2026-06-24 23:42:01,138 INFO o.a.j.t.JMeterThread: Thread finished: Test member Java 1-495
2026-06-24 23:42:01,138 WARN o.a.j.t.JMeterThread: Interrupting: Test member Java 1-376 sampler: sayHi
2026-06-24 23:42:01,139 INFO o.a.j.t.JMeterThread: Stopping: Test member Java 1-101
2026-06-24 23:42:01,139 WARN o.a.j.t.JMeterThread: Interrupting: Test member Java 1-101 sampler: sayHi
2026-06-24 23:42:01,139 INFO o.a.j.t.JMeterThread: Stopping: Test member Java 1-473
2026-06-24 23:42:01,139 WARN o.a.j.t.JMeterThread: Interrupting: Test member Java 1-473 sampler: sayHi
2026-06-24 23:42:01,139 INFO o.a.j.t.JMeterThread: Thread finished: Test member Java 1-376
2026-06-24 23:42:01,139 INFO o.a.j.t.JMeterThread: Thread finished: Test member Java 1-101
2026-06-24 23:42:01,139 INFO o.a.j.t.JMeterThread: Stopping: Test member Java 1-652
2026-06-24 23:42:01,139 WARN o.a.j.t.JMeterThread: Interrupting: Test member Java 1-652 sampler: sayHi
2026-06-24 23:42:01,140 INFO o.a.j.t.JMeterThread: Stopping: Test member Java 1-684
2026-06-24 23:42:01,140 WARN o.a.j.t.JMeterThread: Interrupting: Test member Java 1-684 sampler: sayHi
2026-06-24 23:42:01,140 INFO o.a.j.t.JMeterThread: Stopping: Test member Java 1-159
2026-06-24 23:42:01,140 WARN o.a.j.t.JMeterThread: Interrupting: Test member Java 1-159 sampler: sayHi
2026-06-24 23:42:01,140 INFO o.a.j.t.JMeterThread: Stopping: Test member Java 1-233
2026-06-24 23:42:01,140 WARN o.a.j.t.JMeterThread: Interrupting: Test member Java 1-233 sampler: sayHi
2026-06-24 23:42:01,140 INFO o.a.j.t.JMeterThread: Stopping: Test member Java 1-161
2026-06-24 23:42:01,140 WARN o.a.j.t.JMeterThread: Interrupting: Test member Java 1-161 sampler: sayHi
2026-06-24 23:42:01,140 INFO o.a.j.t.JMeterThread: Stopping: Test member Java 1-799
2026-06-24 23:42:01,141 WARN o.a.j.t.JMeterThread: Interrupting: Test member Java 1-799 sampler: sayHi
2026-06-24 23:42:01,142 INFO o.a.j.t.JMeterThread: Thread finished: Test member Java 1-159
2026-06-24 23:42:01,142 INFO o.a.j.t.JMeterThread: Thread finished: Test member Java 1-473
2026-06-24 23:42:01,142 INFO o.a.j.t.JMeterThread: Stopping: Test member Java 1-701
2026-06-24 23:42:01,142 WARN o.a.j.t.JMeterThread: Interrupting: Test member Java 1-701 sampler: sayHi
2026-06-24 23:42:01,142 INFO o.a.j.t.JMeterThread: Thread finished: Test member Java 1-652
2026-06-24 23:42:01,142 INFO o.a.j.t.JMeterThread: Stopping: Test member Java 1-593
2026-06-24 23:42:01,142 WARN o.a.j.t.JMeterThread: Interrupting: Test member Java 1-593 sampler: sayHi
2026-06-24 23:42:01,142 INFO o.a.j.t.JMeterThread: Stopping: Test member Java 1-441
2026-06-24 23:42:01,143 WARN o.a.j.t.JMeterThread: Interrupting: Test member Java 1-441 sampler: sayHi
2026-06-24 23:42:01,143 INFO o.a.j.t.JMeterThread: Stopping: Test member Java 1-437
2026-06-24 23:42:01,143 WARN o.a.j.t.JMeterThread: Interrupting: Test member Java 1-437 sampler: sayHi
2026-06-24 23:42:01,143 INFO o.a.j.t.JMeterThread: Stopping: Test member Java 1-170
2026-06-24 23:42:01,143 WARN o.a.j.t.JMeterThread: Interrupting: Test member Java 1-170 sampler: sayHi
2026-06-24 23:42:01,143 INFO o.a.j.t.JMeterThread: Stopping: Test member Java 1-141
2026-06-24 23:42:01,142 INFO o.a.j.t.JMeterThread: Thread finished: Test member Java 1-684
2026-06-24 23:42:01,143 WARN o.a.j.t.JMeterThread: Interrupting: Test member Java 1-141 sampler: sayHi
2026-06-24 23:42:01,143 INFO o.a.j.t.JMeterThread: Stopping: Test member Java 1-635
2026-06-24 23:42:01,143 WARN o.a.j.t.JMeterThread: Interrupting: Test member Java 1-635 sampler: sayHi
2026-06-24 23:42:01,143 INFO o.a.j.t.JMeterThread: Thread finished: Test member Java 1-233
2026-06-24 23:42:01,144 INFO o.a.j.t.JMeterThread: Thread finished: Test member Java 1-161
2026-06-24 23:42:01,144 INFO o.a.j.t.JMeterThread: Stopping: Test member Java 1-167
2026-06-24 23:42:01,144 WARN o.a.j.t.JMeterThread: Interrupting: Test member Java 1-167 sampler: sayHi
2026-06-24 23:42:01,145 INFO o.a.j.t.JMeterThread: Thread finished: Test member Java 1-799
2026-06-24 23:42:01,145 INFO o.a.j.t.JMeterThread: Stopping: Test member Java 1-2
2026-06-24 23:42:01,145 WARN o.a.j.t.JMeterThread: Interrupting: Test member Java 1-2 sampler: sayHi
2026-06-24 23:42:01,146 INFO o.a.j.t.JMeterThread: Thread finished: Test member Java 1-701
2026-06-24 23:42:01,146 INFO o.a.j.t.JMeterThread: Thread finished: Test member Java 1-441
2026-06-24 23:42:01,146 INFO o.a.j.t.JMeterThread: Thread finished: Test member Java 1-170
2026-06-24 23:42:01,146 INFO o.a.j.t.JMeterThread: Thread finished: Test member Java 1-437
2026-06-24 23:42:01,146 INFO o.a.j.t.JMeterThread: Thread finished: Test member Java 1-593
2026-06-24 23:42:01,146 INFO o.a.j.t.JMeterThread: Thread finished: Test member Java 1-141
2026-06-24 23:42:01,146 INFO o.a.j.t.JMeterThread: Thread finished: Test member Java 1-635
2026-06-24 23:42:01,147 INFO o.a.j.t.JMeterThread: Thread finished: Test member Java 1-167
2026-06-24 23:42:01,147 INFO o.a.j.t.JMeterThread: Stopping: Test member Java 1-188
2026-06-24 23:42:01,147 WARN o.a.j.t.JMeterThread: Interrupting: Test member Java 1-188 sampler: sayHi
2026-06-24 23:42:01,147 INFO o.a.j.t.JMeterThread: Stopping: Test member Java 1-370
2026-06-24 23:42:01,147 WARN o.a.j.t.JMeterThread: Interrupting: Test member Java 1-370 sampler: sayHi
2026-06-24 23:42:01,147 INFO o.a.j.t.JMeterThread: Stopping: Test member Java 1-304
2026-06-24 23:42:01,148 WARN o.a.j.t.JMeterThread: Interrupting: Test member Java 1-304 sampler: sayHi
2026-06-24 23:42:01,148 INFO o.a.j.t.JMeterThread: Stopping: Test member Java 1-703
2026-06-24 23:42:01,148 WARN o.a.j.t.JMeterThread: Interrupting: Test member Java 1-703 sampler: sayHi
2026-06-24 23:42:01,148 INFO o.a.j.t.JMeterThread: Thread finished: Test member Java 1-2
2026-06-24 23:42:01,148 INFO o.a.j.t.JMeterThread: Thread finished: Test member Java 1-370
2026-06-24 23:42:01,149 INFO o.a.j.t.JMeterThread: Thread finished: Test member Java 1-188
2026-06-24 23:42:01,149 INFO o.a.j.t.JMeterThread: Thread finished: Test member Java 1-304
2026-06-24 23:42:01,150 INFO o.a.j.t.JMeterThread: Stopping: Test member Java 1-48
2026-06-24 23:42:01,150 WARN o.a.j.t.JMeterThread: Interrupting: Test member Java 1-48 sampler: sayHi
2026-06-24 23:42:01,151 INFO o.a.j.t.JMeterThread: Thread finished: Test member Java 1-703
2026-06-24 23:42:01,153 INFO o.a.j.t.JMeterThread: Stopping: Test member Java 1-601
2026-06-24 23:42:01,153 INFO o.a.j.t.JMeterThread: Thread finished: Test member Java 1-48
2026-06-24 23:42:01,153 WARN o.a.j.t.JMeterThread: Interrupting: Test member Java 1-601 sampler: sayHi
2026-06-24 23:42:01,156 INFO o.a.j.t.JMeterThread: Stopping: Test member Java 1-674
2026-06-24 23:42:01,156 INFO o.a.j.t.JMeterThread: Thread finished: Test member Java 1-601
2026-06-24 23:42:01,156 WARN o.a.j.t.JMeterThread: Interrupting: Test member Java 1-674 sampler: sayHi
2026-06-24 23:42:01,157 INFO o.a.j.t.JMeterThread: Stopping: Test member Java 1-709
2026-06-24 23:42:01,157 INFO o.a.j.t.JMeterThread: Thread finished: Test member Java 1-674
2026-06-24 23:42:01,157 WARN o.a.j.t.JMeterThread: Interrupting: Test member Java 1-709 sampler: sayHi
2026-06-24 23:42:01,158 INFO o.a.j.t.JMeterThread: Stopping: Test member Java 1-57
2026-06-24 23:42:01,158 WARN o.a.j.t.JMeterThread: Interrupting: Test member Java 1-57 sampler: sayHi
2026-06-24 23:42:01,158 INFO o.a.j.t.JMeterThread: Thread finished: Test member Java 1-709
2026-06-24 23:42:01,158 INFO o.a.j.t.JMeterThread: Stopping: Test member Java 1-475
2026-06-24 23:42:01,158 WARN o.a.j.t.JMeterThread: Interrupting: Test member Java 1-475 sampler: sayHi
2026-06-24 23:42:01,158 INFO o.a.j.t.JMeterThread: Stopping: Test member Java 1-429
2026-06-24 23:42:01,158 WARN o.a.j.t.JMeterThread: Interrupting: Test member Java 1-429 sampler: sayHi
2026-06-24 23:42:01,159 INFO o.a.j.t.JMeterThread: Stopping: Test member Java 1-373
2026-06-24 23:42:01,159 WARN o.a.j.t.JMeterThread: Interrupting: Test member Java 1-373 sampler: sayHi
2026-06-24 23:42:01,159 INFO o.a.j.t.JMeterThread: Stopping: Test member Java 1-423
2026-06-24 23:42:01,159 WARN o.a.j.t.JMeterThread: Interrupting: Test member Java 1-423 sampler: sayHi
2026-06-24 23:42:01,159 INFO o.a.j.t.JMeterThread: Thread finished: Test member Java 1-475
2026-06-24 23:42:01,159 INFO o.a.j.t.JMeterThread: Thread finished: Test member Java 1-57
2026-06-24 23:42:01,159 INFO o.a.j.t.JMeterThread: Thread finished: Test member Java 1-429
2026-06-24 23:42:01,159 INFO o.a.j.t.JMeterThread: Stopping: Test member Java 1-873
2026-06-24 23:42:01,159 INFO o.a.j.t.JMeterThread: Thread finished: Test member Java 1-373
2026-06-24 23:42:01,159 WARN o.a.j.t.JMeterThread: Interrupting: Test member Java 1-873 sampler: sayHi
2026-06-24 23:42:01,160 INFO o.a.j.t.JMeterThread: Thread finished: Test member Java 1-423
2026-06-24 23:42:01,162 INFO o.a.j.t.JMeterThread: Stopping: Test member Java 1-248
2026-06-24 23:42:01,162 WARN o.a.j.t.JMeterThread: Interrupting: Test member Java 1-248 sampler: sayHi
2026-06-24 23:42:01,162 INFO o.a.j.t.JMeterThread: Thread finished: Test member Java 1-873
2026-06-24 23:42:01,162 INFO o.a.j.t.JMeterThread: Stopping: Test member Java 1-308
2026-06-24 23:42:01,162 WARN o.a.j.t.JMeterThread: Interrupting: Test member Java 1-308 sampler: sayHi
2026-06-24 23:42:01,162 INFO o.a.j.t.JMeterThread: Stopping: Test member Java 1-465
2026-06-24 23:42:01,163 WARN o.a.j.t.JMeterThread: Interrupting: Test member Java 1-465 sampler: sayHi
2026-06-24 23:42:01,163 INFO o.a.j.t.JMeterThread: Thread finished: Test member Java 1-248
2026-06-24 23:42:01,163 INFO o.a.j.t.JMeterThread: Stopping: Test member Java 1-832
2026-06-24 23:42:01,163 WARN o.a.j.t.JMeterThread: Interrupting: Test member Java 1-832 sampler: sayHi
2026-06-24 23:42:01,163 INFO o.a.j.t.JMeterThread: Stopping: Test member Java 1-124
2026-06-24 23:42:01,163 WARN o.a.j.t.JMeterThread: Interrupting: Test member Java 1-124 sampler: sayHi
2026-06-24 23:42:01,163 INFO o.a.j.t.JMeterThread: Stopping: Test member Java 1-371
2026-06-24 23:42:01,163 WARN o.a.j.t.JMeterThread: Interrupting: Test member Java 1-371 sampler: sayHi
2026-06-24 23:42:01,163 INFO o.a.j.t.JMeterThread: Thread finished: Test member Java 1-308
2026-06-24 23:42:01,163 INFO o.a.j.t.JMeterThread: Thread finished: Test member Java 1-832
2026-06-24 23:42:01,164 INFO o.a.j.t.JMeterThread: Thread finished: Test member Java 1-465
2026-06-24 23:42:01,164 INFO o.a.j.t.JMeterThread: Thread finished: Test member Java 1-371
2026-06-24 23:42:01,164 INFO o.a.j.t.JMeterThread: Thread finished: Test member Java 1-124
2026-06-24 23:42:01,165 INFO o.a.j.t.JMeterThread: Stopping: Test member Java 1-488
2026-06-24 23:42:01,165 WARN o.a.j.t.JMeterThread: Interrupting: Test member Java 1-488 sampler: sayHi
2026-06-24 23:42:01,166 INFO o.a.j.t.JMeterThread: Stopping: Test member Java 1-854
2026-06-24 23:42:01,166 WARN o.a.j.t.JMeterThread: Interrupting: Test member Java 1-854 sampler: sayHi
2026-06-24 23:42:01,166 INFO o.a.j.t.JMeterThread: Thread finished: Test member Java 1-488
2026-06-24 23:42:01,167 INFO o.a.j.t.JMeterThread: Stopping: Test member Java 1-130
2026-06-24 23:42:01,167 WARN o.a.j.t.JMeterThread: Interrupting: Test member Java 1-130 sampler: sayHi
2026-06-24 23:42:01,167 INFO o.a.j.t.JMeterThread: Thread finished: Test member Java 1-854
2026-06-24 23:42:01,169 INFO o.a.j.t.JMeterThread: Thread finished: Test member Java 1-130
2026-06-24 23:42:01,168 INFO o.a.j.t.JMeterThread: Stopping: Test member Java 1-576
2026-06-24 23:42:01,170 WARN o.a.j.t.JMeterThread: Interrupting: Test member Java 1-576 sampler: sayHi
2026-06-24 23:42:01,171 INFO o.a.j.t.JMeterThread: Stopping: Test member Java 1-444
2026-06-24 23:42:01,171 WARN o.a.j.t.JMeterThread: Interrupting: Test member Java 1-444 sampler: sayHi
2026-06-24 23:42:01,171 INFO o.a.j.t.JMeterThread: Thread finished: Test member Java 1-576
2026-06-24 23:42:01,171 INFO o.a.j.t.JMeterThread: Stopping: Test member Java 1-931
2026-06-24 23:42:01,172 WARN o.a.j.t.JMeterThread: Interrupting: Test member Java 1-931 sampler: sayHi
2026-06-24 23:42:01,172 INFO o.a.j.t.JMeterThread: Stopping: Test member Java 1-105
2026-06-24 23:42:01,172 WARN o.a.j.t.JMeterThread: Interrupting: Test member Java 1-105 sampler: sayHi
2026-06-24 23:42:01,172 INFO o.a.j.t.JMeterThread: Thread finished: Test member Java 1-444
2026-06-24 23:42:01,172 INFO o.a.j.t.JMeterThread: Thread finished: Test member Java 1-931
2026-06-24 23:42:01,173 INFO o.a.j.t.JMeterThread: Stopping: Test member Java 1-261
2026-06-24 23:42:01,173 WARN o.a.j.t.JMeterThread: Interrupting: Test member Java 1-261 sampler: sayHi
2026-06-24 23:42:01,174 INFO o.a.j.t.JMeterThread: Thread finished: Test member Java 1-105
2026-06-24 23:42:01,174 INFO o.a.j.t.JMeterThread: Stopping: Test member Java 1-855
2026-06-24 23:42:01,174 WARN o.a.j.t.JMeterThread: Interrupting: Test member Java 1-855 sampler: sayHi
2026-06-24 23:42:01,174 INFO o.a.j.t.JMeterThread: Stopping: Test member Java 1-389
2026-06-24 23:42:01,174 WARN o.a.j.t.JMeterThread: Interrupting: Test member Java 1-389 sampler: sayHi
2026-06-24 23:42:01,175 INFO o.a.j.t.JMeterThread: Thread finished: Test member Java 1-855
2026-06-24 23:42:01,175 INFO o.a.j.t.JMeterThread: Thread finished: Test member Java 1-261
2026-06-24 23:42:01,177 INFO o.a.j.t.JMeterThread: Stopping: Test member Java 1-812
2026-06-24 23:42:01,177 WARN o.a.j.t.JMeterThread: Interrupting: Test member Java 1-812 sampler: sayHi
2026-06-24 23:42:01,177 INFO o.a.j.t.JMeterThread: Thread finished: Test member Java 1-389
2026-06-24 23:42:01,177 INFO o.a.j.t.JMeterThread: Stopping: Test member Java 1-142
2026-06-24 23:42:01,177 WARN o.a.j.t.JMeterThread: Interrupting: Test member Java 1-142 sampler: sayHi
2026-06-24 23:42:01,178 INFO o.a.j.t.JMeterThread: Thread finished: Test member Java 1-812
2026-06-24 23:42:01,178 INFO o.a.j.t.JMeterThread: Stopping: Test member Java 1-805
2026-06-24 23:42:01,179 INFO o.a.j.t.JMeterThread: Thread finished: Test member Java 1-142
2026-06-24 23:42:01,179 WARN o.a.j.t.JMeterThread: Interrupting: Test member Java 1-805 sampler: sayHi
2026-06-24 23:42:01,180 INFO o.a.j.t.JMeterThread: Stopping: Test member Java 1-162
2026-06-24 23:42:01,180 WARN o.a.j.t.JMeterThread: Interrupting: Test member Java 1-162 sampler: sayHi
2026-06-24 23:42:01,180 INFO o.a.j.t.JMeterThread: Stopping: Test member Java 1-269
2026-06-24 23:42:01,181 WARN o.a.j.t.JMeterThread: Interrupting: Test member Java 1-269 sampler: sayHi
2026-06-24 23:42:01,181 INFO o.a.j.t.JMeterThread: Stopping: Test member Java 1-984
2026-06-24 23:42:01,181 INFO o.a.j.t.JMeterThread: Thread finished: Test member Java 1-805
2026-06-24 23:42:01,181 WARN o.a.j.t.JMeterThread: Interrupting: Test member Java 1-984 sampler: sayHi
2026-06-24 23:42:01,181 INFO o.a.j.t.JMeterThread: Stopping: Test member Java 1-44
2026-06-24 23:42:01,181 INFO o.a.j.t.JMeterThread: Thread finished: Test member Java 1-162
2026-06-24 23:42:01,181 INFO o.a.j.t.JMeterThread: Thread finished: Test member Java 1-269
2026-06-24 23:42:01,181 WARN o.a.j.t.JMeterThread: Interrupting: Test member Java 1-44 sampler: sayHi
2026-06-24 23:42:01,181 INFO o.a.j.t.JMeterThread: Stopping: Test member Java 1-583
2026-06-24 23:42:01,182 WARN o.a.j.t.JMeterThread: Interrupting: Test member Java 1-583 sampler: sayHi
2026-06-24 23:42:01,182 INFO o.a.j.t.JMeterThread: Stopping: Test member Java 1-676
2026-06-24 23:42:01,182 WARN o.a.j.t.JMeterThread: Interrupting: Test member Java 1-676 sampler: sayHi
2026-06-24 23:42:01,182 INFO o.a.j.t.JMeterThread: Thread finished: Test member Java 1-984
2026-06-24 23:42:01,182 INFO o.a.j.t.JMeterThread: Thread finished: Test member Java 1-44
2026-06-24 23:42:01,182 INFO o.a.j.t.JMeterThread: Stopping: Test member Java 1-689
2026-06-24 23:42:01,182 WARN o.a.j.t.JMeterThread: Interrupting: Test member Java 1-689 sampler: sayHi
2026-06-24 23:42:01,182 INFO o.a.j.t.JMeterThread: Stopping: Test member Java 1-405
2026-06-24 23:42:01,182 WARN o.a.j.t.JMeterThread: Interrupting: Test member Java 1-405 sampler: sayHi
2026-06-24 23:42:01,182 INFO o.a.j.t.JMeterThread: Thread finished: Test member Java 1-583
2026-06-24 23:42:01,182 INFO o.a.j.t.JMeterThread: Stopping: Test member Java 1-636
2026-06-24 23:42:01,182 WARN o.a.j.t.JMeterThread: Interrupting: Test member Java 1-636 sampler: sayHi
2026-06-24 23:42:01,182 INFO o.a.j.t.JMeterThread: Stopping: Test member Java 1-909
2026-06-24 23:42:01,182 WARN o.a.j.t.JMeterThread: Interrupting: Test member Java 1-909 sampler: sayHi
2026-06-24 23:42:01,182 INFO o.a.j.t.JMeterThread: Thread finished: Test member Java 1-676
2026-06-24 23:42:01,183 INFO o.a.j.t.JMeterThread: Stopping: Test member Java 1-731
2026-06-24 23:42:01,183 WARN o.a.j.t.JMeterThread: Interrupting: Test member Java 1-731 sampler: sayHi
2026-06-24 23:42:01,183 INFO o.a.j.t.JMeterThread: Stopping: Test member Java 1-534
2026-06-24 23:42:01,183 WARN o.a.j.t.JMeterThread: Interrupting: Test member Java 1-534 sampler: sayHi
2026-06-24 23:42:01,183 INFO o.a.j.t.JMeterThread: Thread finished: Test member Java 1-731
2026-06-24 23:42:01,183 INFO o.a.j.t.JMeterThread: Thread finished: Test member Java 1-689
2026-06-24 23:42:01,185 INFO o.a.j.t.JMeterThread: Thread finished: Test member Java 1-405
2026-06-24 23:42:01,185 INFO o.a.j.t.JMeterThread: Stopping: Test member Java 1-622
2026-06-24 23:42:01,185 INFO o.a.j.t.JMeterThread: Thread finished: Test member Java 1-534
2026-06-24 23:42:01,186 WARN o.a.j.t.JMeterThread: Interrupting: Test member Java 1-622 sampler: sayHi
2026-06-24 23:42:01,187 INFO o.a.j.t.JMeterThread: Stopping: Test member Java 1-228
2026-06-24 23:42:01,187 WARN o.a.j.t.JMeterThread: Interrupting: Test member Java 1-228 sampler: sayHi
2026-06-24 23:42:01,187 INFO o.a.j.t.JMeterThread: Stopping: Test member Java 1-599
2026-06-24 23:42:01,187 WARN o.a.j.t.JMeterThread: Interrupting: Test member Java 1-599 sampler: sayHi
2026-06-24 23:42:01,187 INFO o.a.j.t.JMeterThread: Thread finished: Test member Java 1-622
2026-06-24 23:42:01,186 INFO o.a.j.t.JMeterThread: Thread finished: Test member Java 1-636
2026-06-24 23:42:01,188 INFO o.a.j.t.JMeterThread: Thread finished: Test member Java 1-228
2026-06-24 23:42:01,187 INFO o.a.j.t.JMeterThread: Thread finished: Test member Java 1-909
2026-06-24 23:42:01,189 INFO o.a.j.t.JMeterThread: Stopping: Test member Java 1-450
2026-06-24 23:42:01,189 INFO o.a.j.t.JMeterThread: Thread finished: Test member Java 1-599
2026-06-24 23:42:01,189 WARN o.a.j.t.JMeterThread: Interrupting: Test member Java 1-450 sampler: sayHi
2026-06-24 23:42:01,192 INFO o.a.j.t.JMeterThread: Thread finished: Test member Java 1-450
2026-06-24 23:42:01,193 INFO o.a.j.t.JMeterThread: Thread finished: Test member Java 1-478
2026-06-24 23:42:01,193 INFO o.a.j.t.JMeterThread: Stopping: Test member Java 1-478
2026-06-24 23:42:01,193 INFO o.a.j.t.JMeterThread: Stopping: Test member Java 1-402
2026-06-24 23:42:01,193 WARN o.a.j.t.JMeterThread: Interrupting: Test member Java 1-402 sampler: sayHi
2026-06-24 23:42:01,194 INFO o.a.j.t.JMeterThread: Stopping: Test member Java 1-711
2026-06-24 23:42:01,194 WARN o.a.j.t.JMeterThread: Interrupting: Test member Java 1-711 sampler: sayHi
2026-06-24 23:42:01,194 INFO o.a.j.t.JMeterThread: Thread finished: Test member Java 1-402
2026-06-24 23:42:01,195 WARN o.a.j.t.JMeterThread: No operation pending
2026-06-24 23:42:01,195 INFO o.a.j.t.JMeterThread: Thread finished: Test member Java 1-711
2026-06-24 23:42:01,195 INFO o.a.j.t.JMeterThread: Stopping: Test member Java 1-16
2026-06-24 23:42:01,195 WARN o.a.j.t.JMeterThread: Interrupting: Test member Java 1-16 sampler: sayHi
2026-06-24 23:42:01,195 INFO o.a.j.t.JMeterThread: Stopping: Test member Java 1-490
2026-06-24 23:42:01,196 WARN o.a.j.t.JMeterThread: Interrupting: Test member Java 1-490 sampler: sayHi
2026-06-24 23:42:01,196 INFO o.a.j.t.JMeterThread: Thread finished: Test member Java 1-16
2026-06-24 23:42:01,196 WARN o.a.j.t.JMeterThread: No operation pending
2026-06-24 23:42:01,196 INFO o.a.j.t.JMeterThread: Stopping: Test member Java 1-673
2026-06-24 23:42:01,196 INFO o.a.j.t.JMeterThread: Thread finished: Test member Java 1-490
2026-06-24 23:42:01,196 WARN o.a.j.t.JMeterThread: Interrupting: Test member Java 1-673 sampler: sayHi
2026-06-24 23:42:01,197 INFO o.a.j.t.JMeterThread: Stopping: Test member Java 1-203
2026-06-24 23:42:01,198 INFO o.a.j.t.JMeterThread: Thread finished: Test member Java 1-203
2026-06-24 23:42:01,198 INFO o.a.j.t.JMeterThread: Thread finished: Test member Java 1-673
2026-06-24 23:42:01,198 INFO o.a.j.t.JMeterThread: Stopping: Test member Java 1-526
2026-06-24 23:42:01,198 WARN o.a.j.t.JMeterThread: Interrupting: Test member Java 1-526 sampler: sayHi
2026-06-24 23:42:01,199 INFO o.a.j.t.JMeterThread: Stopping: Test member Java 1-258
2026-06-24 23:42:01,200 WARN o.a.j.t.JMeterThread: Interrupting: Test member Java 1-258 sampler: sayHi
2026-06-24 23:42:01,200 INFO o.a.j.t.JMeterThread: Thread finished: Test member Java 1-526
2026-06-24 23:42:01,201 INFO o.a.j.t.JMeterThread: Stopping: Test member Java 1-803
2026-06-24 23:42:01,202 WARN o.a.j.t.JMeterThread: Interrupting: Test member Java 1-803 sampler: sayHi
2026-06-24 23:42:01,202 INFO o.a.j.t.JMeterThread: Thread finished: Test member Java 1-258
2026-06-24 23:42:01,203 INFO o.a.j.t.JMeterThread: Thread finished: Test member Java 1-803
2026-06-24 23:42:01,203 INFO o.a.j.t.JMeterThread: Stopping: Test member Java 1-330
2026-06-24 23:42:01,203 WARN o.a.j.t.JMeterThread: Interrupting: Test member Java 1-330 sampler: sayHi
2026-06-24 23:42:01,206 INFO o.a.j.t.JMeterThread: Thread finished: Test member Java 1-330
2026-06-24 23:42:01,206 INFO o.a.j.e.StandardJMeterEngine: Notifying test listeners of end of test
2026-06-24 23:42:01,206 INFO o.a.j.g.u.JMeterMenuBar: setRunning(false, *local*)
